n,article,author_class,tier,position_band,position_frac,question,provider,model,model_echoed,search_calls,queries,results,citations,stop_reason,error,answer_text
1,Croatian_Americans,normal,,lead,0.0812,What was the recorded population of Croatian Americans in the 1990 census?,xai,grok-4.3,grok-4.3,4,"[{""query"": ""Croatian Americans population 1990 census""}, {""query"": ""\"" Croatian\"" \""1990\"" census population OR ancestry""}, {""query"": ""1990 US Census Croatian ancestry number""}, {""query"": ""\""544,270\"" Croatian census""}]",28,1,completed,,"**544,270 (or approximately 544,000).**[[1]](https://en.wikipedia.org/wiki/Croatian_Americans)[[2]](https://www.encyclopedia.com/social-sciences/encyclopedias-almanacs-transcripts-and-maps/croatian-americans)

This figure comes from the 1990 U.S. Census ancestry data, where respondents self-identified as being of Croatian descent or born in Croatia. It is consistently cited across reliable sources, including Wikipedia’s summary of the census (listing it explicitly in the demographics and history sections), Encyclopedia.com, and ancestry data aggregators like names.mongabay.com, which defines it as the number who marked “Croatian” as their ethnic origin.[[3]](https://names.mongabay.com/ancestry/Croatian.html)

For context:
- The 1980 census recorded about 252,970.
- Later figures (e.g., 2000 census or American Community Surveys) were lower, around 374,000–420,000, reflecting changes in self-identification and survey methods.[[1]](https://en.wikipedia.org/wiki/Croatian_Americans)

Note that U.S. Census ancestry data relies on voluntary self-reporting (often allowing one or two responses) and is sample-based in detailed tables, so exact counts can vary slightly by source or methodology. The 1990 detailed ancestry report (CP-S-1-2) provides the underlying data for such groups. No official primary Census PDF excerpt contradicts this widely reported number."
2,Temple_menorah,normal,,lead,0.1068,How many cups shaped like almond blossoms were featured on the Temple menorah's central shaft?,xai,grok-4.3,grok-4.3,6,"[{""query"": ""Temple menorah central shaft almond blossoms cups number""}, {""query"": ""Exodus menorah \""cups shaped like almond blossoms\"" central shaft""}, {""query"": ""\""almond blossoms\"" menorah shaft cups""}, {""query"": ""Exodus 25:34 exact text""}, {""query"": ""\""Exodus 25:34\"" text OR verse OR bible""}, {""query"": ""site:biblegateway.com Exodus 25:34""}]",49,0,completed,,"**Four.**[[1]](https://www.biblegateway.com/passage/?search=Exodus%2025%3A34&version=NIV)

This comes from the biblical description of the golden menorah (lampstand) in Exodus 25:31–40 (paralleled in Exodus 37:17–24), which details the Tabernacle/Temple menorah. Verse 34 specifically states that on the central shaft (or “lampstand itself”/“center stem”), there were to be **four cups shaped like almond blossoms**, each with buds/calyxes/knobs and petals/flowers, all hammered from one piece of pure gold.[[2]](https://www.bibleref.com/Exodus/25/Exodus-25-34.html)

For context:
- Each of the six side branches had three such cups (18 total).
- The central shaft had four, for a total of 22 almond-blossom-shaped cups.
- These were accompanied by knobs/bulbs and flowers/petals, forming a tree-like design symbolizing divine light and the almond tree’s associations with watchfulness and renewal.[[3]](https://theopolisinstitute.com/leithart_post/the-menorah/)

This matches traditional Jewish sources, Bible translations (e.g., NIV, ESV, NLT), and commentaries on the menorah’s construction. The same design was used for the Temple menorah."
3,Qatar_diplomatic_crisis,anomalous,untiered,late,0.8087,What standards does the UAE commit to regarding nuclear matters during the Qatar diplomatic crisis?,xai,grok-4.3,grok-4.3,5,"[{""query"": ""UAE nuclear standards commitments Qatar diplomatic crisis""}, {""query"": ""UAE nuclear non-proliferation OR IAEA OR NPT Qatar crisis OR blockade""}, {""query"": ""\""UAE\"" \""nuclear\"" (Qatar OR Doha) (crisis OR blockade OR embargo) (standard OR commitment OR IAEA OR NPT OR non-proliferation)""}, {""query"": ""Qatar allegations Barakah nuclear plant safety IAEA during Qatar crisis OR blockade""}]",45,1,completed,,"**During the 2017–2021 Qatar diplomatic crisis (the GCC blockade of Qatar by the UAE, Saudi Arabia, Bahrain, and Egypt), the UAE reaffirmed its longstanding commitments to the highest international standards of nuclear safety, security, and non-proliferation in response to Qatari allegations about the Barakah Nuclear Power Plant (then under construction).**[[1]](https://www.thenationalnews.com/uae/uae-rejects-qatar-s-claims-to-iaea-about-barakah-station-1.839643)[[2]](https://www.middleeasteye.net/news/uae-nuclear-plant-qatar-asks-iaea-intervene-construction-says-report)

In March 2019, Qatar sent a letter to the IAEA Director General raising concerns that the Barakah plant (near the UAE-Qatar border) posed risks to regional stability and the environment. It cited potential radioactive plume travel to Doha in 5–13 hours in an accident scenario, impacts on desalination plants and water supplies, and a lack of regional cooperation on disaster planning, health, safety, and environmental protection.[[2]](https://www.middleeasteye.net/news/uae-nuclear-plant-qatar-asks-iaea-intervene-construction-says-report)[[3]](https://en.wikipedia.org/wiki/Barakah_nuclear_power_plant)

The UAE’s Permanent Representative to the IAEA, Hamad Ali Al Kaabi, dismissed these claims as unfounded. He stated that the UAE “adheres to its commitment to the highest standards of nuclear safety, security and non-proliferation as outlined in its nuclear policy in 2008.” The program was said to conform to IAEA safety standards and international best practices.[[1]](https://www.thenationalnews.com/uae/uae-rejects-qatar-s-claims-to-iaea-about-barakah-station-1.839643)

Key elements of the UAE’s 2008 Nuclear Policy (and related commitments) emphasized in this context and more broadly include:
- **Operational transparency** and full cooperation with the IAEA.
- **Highest standards of safety, security, and non-proliferation** throughout the program’s lifecycle.
- **No domestic uranium enrichment or spent fuel reprocessing** (the “gold standard” 123 Agreement with the US, signed in 2009, which went beyond NPT requirements and enabled US nuclear cooperation while forgoing sensitive fuel-cycle activities).[[4]](https://www.uae-embassy.org/foreign-policy/nuclear-non-proliferation)
- Partnerships with “responsible” nations/companies and IAEA assistance for long-term sustainability.
- Multiple IAEA peer-review missions (more than 10 by 2019, covering infrastructure, legal/regulatory frameworks, safety, security, emergency preparedness, and non-proliferation), with reports publicly available.
- Oversight by an International Advisory Board (chaired by former IAEA Director General Hans Blix) to ensure compliance with top international standards.[[1]](https://www.thenationalnews.com/uae/uae-rejects-qatar-s-claims-to-iaea-about-barakah-station-1.839643)

These align with the UAE’s broader nuclear framework: accession to the NPT (1995/1996), a Comprehensive Safeguards Agreement with the IAEA (in force since 2003), the Additional Protocol (2010), the Convention on Nuclear Safety, and other instruments. The UAE has consistently received positive IAEA safeguards conclusions (including the “Broader Conclusion”) and positions its program as a model of peaceful, transparent nuclear energy development.[[4]](https://www.uae-embassy.org/foreign-policy/nuclear-non-proliferation)[[5]](https://capssindia.org/wp-content/uploads/2026/04/NDP-14-Abhishek-Verma-Emerging-Nuclear-Dynamics-in-West-Asia.pdf)

This episode occurred amid heightened tensions from the blockade but did not alter the UAE’s core policy positions, which predate and postdate the crisis. Later regional cooperation (e.g., joint statements on nuclear safety post-2026 incidents) reflects evolving GCC dynamics after the crisis resolution in 2021. The UAE’s statements during the crisis period specifically tied its commitments to the 2008 policy and IAEA-aligned practices in direct rebuttal to the allegations."
4,Shepard_Fairey,normal,,late,0.9849,What publishing company released Shepard Fairey's book about supply and demand in 2006?,xai,grok-4.3,grok-4.3,2,"[{""query"": ""Shepard Fairey \""Supply and Demand\"" book 2006 publisher""}, {""query"": ""Shepard Fairey supply and demand 2006 publishing company""}]",14,0,completed,,"**Gingko Press (or Gingko Pr Inc.).**[[1]](https://www.amazon.com/Obey-Supply-Demand-Shepard-Fairey/dp/1584232447)

The book in question is *Obey: Supply & Demand: The Art of Shepard Fairey* (full title variations include *Supply & Demand: The Art of Shepard Fairey*), a 2006 monograph on his work from 1989 onward. It was originally published by Gingko Press (sometimes listed as Gingko Pr Inc.) on or around July 1, 2006, with ISBN 1584232447.[[2]](https://books.google.com/books/about/Obey.html?id=FsaLQgAACAAJ)

A later updated/reprinted edition (e.g., the 2018 or 20th-anniversary version) was issued by Rizzoli, but the original 2006 release came from Gingko Press.[[3]](https://www.rizzoliusa.com/book/9780847861729/)

This is corroborated across sources like Amazon, AbeBooks, Google Books, and art sites referencing the publication details."
5,Temple_menorah,normal,,mid,0.369,What time period does Yonatan Adler suggest the Temple menorah first appeared based on non-biblical evidence?,xai,grok-4.3,grok-4.3,5,"[{""query"": ""Yonatan Adler Temple menorah first appearance non-biblical evidence""}, {""query"": ""Yonatan Adler menorah origin OR appearance OR earliest""}, {""query"": ""Yonatan Adler \""The Origins of Judaism\"" menorah""}, {""query"": ""\""no extrabiblical evidence\"" menorah Adler""}]",40,2,completed,,"**Mid-1st century BCE (late Hasmonean period; roughly the time of Antigonus II Mattathias, ca. 40–37 BCE).**[[1]](https://en.wikipedia.org/wiki/Temple_menorah)[[1]](https://en.wikipedia.org/wiki/Temple_menorah)

Yonatan Adler (in his 2022 book *The Origins of Judaism: An Archaeological-Historical Reappraisal* and related statements) argues that there is no extrabiblical (non-biblical/archaeological or contemporary textual) evidence for a seven-branched Temple menorah in the Jerusalem Temple before this time. Earlier biblical references to lampstands or menorot (e.g., in Kings, Chronicles, Jeremiah, or Zechariah) do not clearly match the Torah’s detailed description of a single golden seven-branched candelabrum, and post-exilic texts like Ezra make no mention of one among the returned Temple vessels.[[2]](https://x.com/AdlerYonatan/status/2024839125669491164)

The earliest clear extrabiblical evidence—such as depictions on Hasmonean coins (notably those of Antigonus II), wall etchings, and other artifacts—appears in the mid-1st century BCE. From then onward, representations of the menorah become common in Jewish art and remain continuous. Adler links this emergence to the broader adoption of Torah-centric practices under Hasmonean influence, noting that the menorah “enters Jewish consciousness together with the Torah, only under Hasmonean aegis.”[[2]](https://x.com/AdlerYonatan/status/2024839125669491164)

This fits Adler’s wider thesis that widespread Torah observance among ordinary Judeans is not clearly attested before the mid-2nd century BCE (with many elements, including the menorah, becoming evident in the 2nd–1st centuries BCE). Prior periods lack supporting archaeological or non-biblical textual traces for this specific Temple vessel and its iconic form.[[3]](https://en.wikipedia.org/wiki/The_Origins_of_Judaism_(book))

Note that this concerns the *earliest non-biblical evidence* for its appearance and recognition in the Temple context; Adler does not claim the physical object itself originated then, only that the distinctive seven-branched form enters the historical record at that point."
6,Eurasian_magpie,anomalous,untiered,late,0.8261,What reputation does the Eurasian magpie have in British folklore?,xai,grok-4.3,grok-4.3,6,"[{""query"": ""Eurasian magpie British folklore""}, {""query"": ""magpie superstition folklore Britain UK""}, {""query"": ""magpie rhyme British folklore""}]",35,3,completed,,"**In British folklore, the Eurasian magpie (Pica pica, the common magpie in the UK) has a mixed but predominantly superstitious reputation as an omen bird, often linked to bad luck (especially when seen alone), the Devil, witchcraft, or misfortune, though this is tempered by traditions to avert ill omens and a popular counting rhyme that can predict joy or good fortune depending on the number seen.**[[1]](https://en.wikipedia.org/wiki/Eurasian_magpie)[[2]](https://www.birdspot.co.uk/culture/magpies-and-superstition)

The bird’s black-and-white plumage, chattering call, intelligence, scavenging habits, nest-raiding behavior, and attraction to shiny objects have long fueled these associations. Pre-Christian views (e.g., among ancient Greeks and Romans) sometimes portrayed magpies more positively as symbols of intelligence, cleverness, or good fortune, but Christianity shifted perceptions negatively. Legends claim the magpie was the only bird that did not mourn at Christ’s crucifixion, refused to enter Noah’s Ark (chattering and swearing instead), or carried a drop of the Devil’s blood on its tongue. It has also been linked to witchcraft or seen as the Devil in disguise.[[3]](https://www.wildlifetrusts.org/wildlife-explorer/birds/crows-and-shrikes/magpie)[[4]](https://www.vinehousefarm.co.uk/facts-myths-and-folklore-about-magpies)

### The ""One for Sorrow"" Rhyme
The most famous element is the traditional nursery rhyme (a form of ornithomancy or bird-based divination), first recorded in Britain around the late 18th century (with roots possibly earlier). It interprets the number of magpies seen as a predictor of future events or luck:

- One for sorrow
- Two for joy
- Three for a girl
- Four for a boy
- Five for silver
- Six for gold
- Seven for a secret never to be told

(There are many regional or extended variations, sometimes continuing to higher numbers involving wishes, kisses, surprises, health, wealth, or the Devil.)[[5]](https://en.wikipedia.org/wiki/Magpie)[[6]](https://en.wikipedia.org/wiki/One_for_Sorrow_(nursery_rhyme))

A lone magpie is widely viewed as an ill omen across the UK and Ireland, symbolizing sorrow, misfortune, or (in Scotland) impending death if seen near a house window. Groups are generally more positive.[[2]](https://www.birdspot.co.uk/culture/magpies-and-superstition)

### Countermeasures and Traditions
To ward off bad luck from a single magpie, common British traditions include:
- Politely greeting or saluting it (e.g., “Good morning, Mr Magpie, how are Mrs Magpie and all the little magpies?” or similar respectful addresses like “Good morning, General/Captain/Jack”).
- Doffing one’s hat, making the sign of the cross, spitting three times over the shoulder, or saying phrases like “Devil, Devil, I defy thee!”
- Other folk remedies vary regionally (e.g., carrying an onion in Somerset).[[1]](https://en.wikipedia.org/wiki/Eurasian_magpie)[[2]](https://www.birdspot.co.uk/culture/magpies-and-superstition)

### Regional Variations in Britain
- **Scotland**: Single magpie near a window foretells death.
- **Wales**: A magpie crossing one’s path right-to-left before a journey signals danger.
- **Yorkshire**: Linked to witchcraft; the sign of the cross wards off evil.
- **Ireland**: Sometimes seen as souls of gossiping or malicious women.
- Other local beliefs exist (e.g., three together predicting a fire in Northampton; a magpie on the roof as a good omen in Sussex).[[2]](https://www.birdspot.co.uk/culture/magpies-and-superstition)

Fear of the bird peaked in the Victorian era, contributing to near-extinction in some areas through persecution, though populations have since recovered.[[2]](https://www.birdspot.co.uk/culture/magpies-and-superstition)

Overall, while the magpie’s reputation in British folklore is largely one of caution and omen-reading—rooted in its striking appearance, behavior, and Christian-era demonization—it is also embedded in everyday cultural traditions like the rhyme and saluting customs that many still observe light-heartedly today. These beliefs reflect broader European corvid lore but are particularly strong and distinctive for the magpie in Britain."
7,Betelgeuse,anomalous,untiered,late,0.9701,What was the death toll when the Betelgeuse exploded near Whiddy Island?,xai,grok-4.3,grok-4.3,2,"[{""query"": ""Betelgeuse explosion Whiddy Island death toll""}, {""query"": ""Betelgeuse tanker disaster Whiddy Island casualties""}]",15,1,completed,,"**50 people died in the initial explosion and fire on 8 January 1979 (with one additional death during later salvage operations, for a total of 51).**[[1]](https://en.wikipedia.org/wiki/Whiddy_Island_disaster)[[1]](https://en.wikipedia.org/wiki/Whiddy_Island_disaster)

This event is known as the Whiddy Island disaster (or Betelgeuse incident/disaster). The French-owned oil tanker *Betelgeuse* (a VLCC/ULCC) exploded and caught fire while discharging crude oil at the offshore jetty of the Gulf Oil terminal near Whiddy Island in Bantry Bay, County Cork, Ireland.[[1]](https://en.wikipedia.org/wiki/Whiddy_Island_disaster)

- The 50 immediate fatalities included all 41 crew members aboard (mostly French), one visitor (an officer’s wife), and eight terminal/jetty workers (seven Irish and one British). Only 27 bodies were recovered.[[1]](https://en.wikipedia.org/wiki/Whiddy_Island_disaster)[[2]](https://www.irishexaminer.com/news/munster/arid-41303770.html)
- A Dutch diver (Jaap Pols) died later during salvage work, bringing the overall toll to 51.[[1]](https://en.wikipedia.org/wiki/Whiddy_Island_disaster)[[3]](https://www.facebook.com/corkcountyfireservice/posts/on-this-day-40-years-ago-the-oil-tanker-betelgeuse-exploded-in-bantry-bay-at-the/1599616320183566/)

The cause was attributed to structural failure of the ship (due to poor maintenance and an incorrect unloading/ballasting sequence), which led to buckling, ruptures, vapor release, and ignition.[[2]](https://www.irishexaminer.com/news/munster/arid-41303770.html)

This is consistently reported across reliable sources, including the Wikipedia page on the disaster, contemporary news reports, and Irish government/tribunal references. The terminal was heavily damaged and never fully repaired."
8,Council_of_State_(Ireland),normal,,lead,0.0044,What body does the Council of State (Ireland) provide guidance to?,xai,grok-4.3,grok-4.3,2,"[{""query"": ""Council of State Ireland""}, {""query"": ""Council of State Ireland advises OR guidance OR provides to""}]",15,1,completed,,"**The President of Ireland.**[[1]](https://en.wikipedia.org/wiki/Council_of_State_(Ireland))

The Council of State (Irish: *an Chomhairle Stáit*) is a constitutional body established under the Constitution of Ireland. Its primary role is to advise and counsel the President on the exercise of certain discretionary or reserve powers (such as referring a bill to the Supreme Court for a constitutionality ruling), though the President is not required to follow its advice.[[1]](https://en.wikipedia.org/wiki/Council_of_State_(Ireland))

It can also be consulted on other matters at the President’s discretion, and it has a limited role in temporarily exercising presidential duties in rare circumstances.[[2]](https://president.ie/en/the-president/council-of-state)

This is confirmed on the official President of Ireland website and in constitutional descriptions."
9,Telegraphy,normal,,mid,0.4571,What early telegraphy device was the first to utilize punched tape technology?,xai,grok-4.3,grok-4.3,9,"[{""query"": ""first telegraphy device punched tape technology""}, {""query"": ""\""punched tape\"" telegraph OR teleprinter OR telegraphy first OR earliest""}, {""query"": ""\""punched tape\"" OR \""paper tape\"" telegraphy device OR machine""}, {""query"": ""Alexander Bain first punched tape telegraph device OR machine OR system""}, {""query"": ""\""Alexander Bain\"" \""punched tape\"" OR \""perforated tape\"" OR \""paper tape\"" telegraph""}, {""query"": ""\""first to utilize punched tape\"" OR \""first used punched tape\"" telegraph OR telegraphy OR Bain OR Wheatstone""}, {""query"": ""\""What early telegraphy device was the first to utilize punched tape technology\""""}]",65,2,completed,,"**Alexander Bain’s chemical telegraph (or his automatic/fast telegraph transmitter/perforator system), patented in 1846 (with related work around 1843–1848).**[[1]](https://en.wikipedia.org/wiki/Punched_tape)[[2]](https://en.wikipedia.org/wiki/Alexander_Bain_(inventor))

This Scottish inventor’s system was the earliest practical use of punched (perforated) paper tape in telegraphy. It combined an electrochemical receiver—where electrical signals marked chemically treated moving paper tape—with an automatic transmitter that read pre-punched paper tape (with holes representing Morse-like dots, dashes, and spaces) to send signals at high speed without a human operator keying in real time. This overcame the speed limits of manual sending on earlier mechanical telegraphs.[[2]](https://en.wikipedia.org/wiki/Alexander_Bain_(inventor))

Key details include:
- Bain patented the chemical telegraph on 12 December 1846. The punched-tape automatic sender was developed because the receiver could handle far higher speeds than hand operation allowed.[[2]](https://en.wikipedia.org/wiki/Alexander_Bain_(inventor))
- The tape (sometimes called a “slip”) was fed through a mechanism that completed electrical contacts through the holes, transmitting the signals. Early versions used simple manual punches; later refinements included clockwork-driven or rotary elements.[[3]](https://distantwriting.co.uk/bain.html)
- It achieved notable speeds (e.g., 282 words in 52 seconds in a Paris–Lille trial) and saw limited commercial use (e.g., on some Electric Telegraph Company lines and by Henry O’Reilly in the US), though it faced patent challenges from Samuel Morse.[[2]](https://en.wikipedia.org/wiki/Alexander_Bain_(inventor))

Charles Wheatstone later adopted and popularized a similar punched-tape approach (the Wheatstone system/slip, with its three-row perforator and automatic transmitter, commercialized around 1857–1867), but Bain’s work predates it and is widely credited as the origin of punched-tape telegraphy.[[4]](https://obsoletemedia.org/wheatstone-tape/)[[1]](https://en.wikipedia.org/wiki/Punched_tape)

This technology laid groundwork for later high-speed Morse systems, teleprinters, and even early data storage/automation concepts. Note that while perforated media had earlier non-telegraphy uses (e.g., looms), Bain’s application was the first in telegraphy."
10,Alex_Kozinski,normal,,late,0.7961,What type of workplace behavior did former clerks attribute to Alex Kozinski beyond sexual misconduct?,xai,grok-4.3,grok-4.3,12,"[{""query"": ""Alex Kozinski former clerks workplace behavior -sexual""}, {""query"": ""Alex Kozinski clerks \""workplace\"" OR \""office\"" OR \""behavior\"" OR \""abusive\"" OR \""bullying\"" OR \""temper\"" OR \""yelling\""""}, {""query"": ""\""Alex Kozinski\"" clerks (abusive OR bullying OR temper OR yelling OR hostile)""}, {""query"": ""Alex Kozinski \""abusive employment practices\"" OR \""slave like dogs\"" clerks""}, {""query"": ""\""former clerks\"" OR \""former clerk\"" Kozinski (abusive OR controlling OR demanding OR bullying OR temper OR outbursts OR \""work environment\"" OR hostile) -sexual -harassment -misconduct""}, {""query"": ""\""former clerks\"" Kozinski (beyond OR other OR besides) (sexual OR harassment)""}, {""query"": ""Kozinski \""abusive employment practices\""""}]",64,1,completed,,"**Abusive employment practices (including being an unreasonably demanding/controlling “boss,” frequent verbal outbursts or “raking over the coals,” micromanagement of personal matters, and demeaning or hostile treatment of clerks).**[[1]](https://en.wikipedia.org/wiki/Alex_Kozinski)[[1]](https://en.wikipedia.org/wiki/Alex_Kozinski)

Former clerks (and earlier employees) described these patterns separately from the sexual-misconduct allegations that led to Kozinski’s 2017 resignation. Key examples from accounts and summaries include:

- Kozinski’s long-running job postings sought clerks who were “eager to slave like dogs for an unreasonably demanding boss.”[[1]](https://en.wikipedia.org/wiki/Alex_Kozinski)
- Former clerk Heidi Bond (writing under her own name) recounted him asserting total control—“I control what you read, what you write, when you eat. You don’t sleep if I say so. You don’t shit unless I say so”—and forbidding her from reading romance novels on her dinner break. She also described regular outbursts over minor errors (e.g., a misplaced comma), followed by cycles of reconciliation in which he would ask “Do you still love me?” and expect a kiss on the cheek.[[1]](https://en.wikipedia.org/wiki/Alex_Kozinski)
- Former clerk Katherine Ku described expectations that he approve her apartment location, complaints if clerks chose salad for lunch instead of what he was eating, and regular diminishment of women and their accomplishments; she characterized the overall chambers environment as “hostile [and] demeaning” (in addition to being sexualized).[[1]](https://en.wikipedia.org/wiki/Alex_Kozinski)
- Earlier complaints (as far back as 1985, during his confirmation) from former employees portrayed him as “harsh, cruel, demeaning, sadistic,” with an “unusual degree of hostility” and disregard for the impact on individuals.[[1]](https://en.wikipedia.org/wiki/Alex_Kozinski)

These accounts appear in sources such as Wikipedia’s summary of public reporting and clerk statements, Bond’s detailed first-person account, and contemporaneous coverage. They portray a high-pressure, authoritarian chambers culture with little regard for work-life boundaries or emotional well-being, distinct from (though sometimes overlapping with) the sexual-harassment claims.[[1]](https://en.wikipedia.org/wiki/Alex_Kozinski)

Note that not every former clerk described the experience negatively; some accounts (e.g., from Ian Samuel) focus more on the intellectual intensity without highlighting these issues. The “abusive employment practices” framing is the consistent characterization in reporting and summaries of the critical clerk accounts."
11,Adrian_Cheng,anomalous,untiered,lead,0.2642,What did Adrian Cheng donate to the government for public housing purposes?,xai,grok-4.3,grok-4.3,10,"[{""query"": ""Adrian Cheng donation government public housing""}, {""query"": ""\""Adrian Cheng\"" donate OR donation \""public housing\"" OR government""}, {""query"": ""Adrian Cheng OR \""New World\"" donate land OR farmland \""government\"" \""public housing\"" Hong Kong""}, {""query"": ""\""donate\"" \""government\"" \""Adrian Cheng\"" OR \""New World Development\"" farmland OR land public housing""}, {""query"": ""New World Development donated farmland to Hong Kong government actual OR completed OR handed over""}, {""query"": ""\""Adrian Cheng\"" donated OR donation farmland OR land \""government\"" OR \""public housing\"" -New World""}]",43,0,completed,,"**Approximately 3 million square feet (about 278,700 square meters or 27.8 hectares) of farmland/land reserves from New World Development’s agricultural landbank in Hong Kong’s New Territories, intended (in whole or in part) for the Hong Kong government to develop public or social housing.**[[1]](https://www.scmp.com/business/article/3030317/new-world-development-donates-3-million-square-feet-farm-land-ease-hong)[[1]](https://www.scmp.com/business/article/3030317/new-world-development-donates-3-million-square-feet-farm-land-ease-hong)

Adrian Cheng Chi-kong (Executive Vice-Chairman/CEO of New World Development, often referred to in this context) announced this in September 2019 amid Hong Kong’s housing crisis. The company planned to donate the land—nearly a fifth of its then ~16.9 million sq ft farmland reserves—to the HKSAR government for public housing and related facilities, as well as to social enterprises and charities (e.g., an initial ~28,000 sq ft leased for HK$1 to Light Be for ~100 affordable homes, with plans for up to 1 million sq ft total to that group and the rest potentially to the government or others).[[2]](https://www.businesstimes.com.sg/companies-markets/transport-logistics/hong-kong-developer-donate-own-land-housing)[[3]](https://www.chinadaily.com.cn/a/201909/26/WS5d8c3698a310cf3e3556d9f5.html)

Some reports describe it as a donation (or offer) specifically to the government for public housing, while others note it was open to or split among government and non-profits, with no established mechanism at the time for direct free transfer to the government. A later reference (e.g., in the Financial Times) summarized it as donated to the government.[[4]](https://www.ft.com/content/e5fd7583-024a-4d81-b14e-afa5c0969384)

This was presented as a social responsibility initiative by the company under Cheng’s leadership; actual transfers (beyond the Light Be lease) appear to have been proposals/announcements rather than fully completed handovers in public records. No other major donations by Adrian Cheng matching this description appear in available sources."
12,Abbot,normal,,lead,0.3118,What minimum requirement did an Abbot need to meet regarding age or qualifications?,xai,grok-4.3,grok-4.3,5,"[{""query"": ""minimum age requirement for abbot""}, {""query"": ""qualifications to become an abbot canon law""}, {""query"": ""\""abbot\"" \""minimum age\"" OR \""age requirement\"" OR \""must be at least\""""}, {""query"": ""Code of Canon Law abbot election requirements age""}, {""query"": ""CIC 623 abbot""}]",50,0,completed,,"**At least 30 years of age (along with other qualifications such as being an ordained priest, legitimately born, and having been solemnly/professed for at least 7–10 years, per common canon law descriptions and monastic constitutions).**[[1]](https://www.britannica.com/topic/abbot)[[2]](https://www.encyclopedia.com/religion/encyclopedias-almanacs-transcripts-and-maps/abbot-canon-law)

This is the standard minimum cited in sources on Benedictine and related monastic traditions (e.g., Benedictines, Cistercians) under Catholic canon law and order constitutions. An abbot (head of an autonomous monastery or abbey) is typically elected by the community’s chapter via secret ballot, with the election needing confirmation by competent authority (often the Holy See or a designated superior) and followed by an abbatial blessing.[[1]](https://www.britannica.com/topic/abbot)[[2]](https://www.encyclopedia.com/religion/encyclopedias-almanacs-transcripts-and-maps/abbot-canon-law)

Key details from consistent references include:
- **Age**: At least 30 years old.[[1]](https://www.britannica.com/topic/abbot)[[3]](https://saintjohnsabbey.org/blog/12/4/2023/abbot-john-klassen-to-retire)
- **Profession/experience**: Solemnly or perpetually professed for at least 7 years (per some congregations, referencing CIC 623) or commonly 10 years.[[3]](https://saintjohnsabbey.org/blog/12/4/2023/abbot-john-klassen-to-retire)[[2]](https://www.encyclopedia.com/religion/encyclopedias-almanacs-transcripts-and-maps/abbot-canon-law)
- **Other qualifications**: Ordinarily an ordained priest; of legitimate birth; a member of the relevant congregation or order; and suitable in character, formation, and aptitude for governance (with possible dispensations in exceptional cases).[[2]](https://www.encyclopedia.com/religion/encyclopedias-almanacs-transcripts-and-maps/abbot-canon-law)[[4]](https://www.newadvent.org/cathen/01015c.htm)

These are not always rigidly fixed in the 1983 Code of Canon Law (which leaves the exact post-profession period to proper law/constitutions for major superiors like abbots), but they reflect longstanding practice, older canonical norms, and specific constitutions (e.g., American-Cassinese Congregation).[[5]](https://archive.osb.org/amcass/const/I02a1.html) Variations exist by order, congregation, or era—e.g., some older sources mention 25 years, historical English cases allowed younger elections in practice, or certain contexts (like for abbesses) require 40 years.[[6]](https://vdoc.pub/documents/the-abbots-and-priors-of-late-medieval-and-reformation-england-60pkoo6ptfh0)[[4]](https://www.newadvent.org/cathen/01015c.htm)

The abbot serves as spiritual father and temporal/spiritual ruler of the monastery, elected for life in many cases (or for terms in some congregations). Requirements ensure maturity, experience, and suitability for leadership.[[1]](https://www.britannica.com/topic/abbot)

Note that entry into monastic life itself has separate (often lower) age minimums, typically 18–21+, varying by community.[[7]](https://abbey.subi.org/vocations/basic-requirements)"
13,Temple_menorah,normal,,late,0.6848,What is the total number of decorative units found on the Temple menorah's shaft and three branches?,xai,grok-4.3,grok-4.3,5,"[{""query"": ""total number of decorative units Temple menorah shaft three branches""}, {""query"": ""\""decorative units\"" menorah""}, {""query"": ""\""decorative units\"" \""menorah\"" OR \""Temple menorah\""""}, {""query"": ""Kevin Conner menorah decorative units 39""}, {""query"": ""\""shaft and three branches\"" menorah""}]",50,0,completed,,"**39 (per a specific interpretive count by Kevin Conner, linking the menorah’s design in Exodus 25 to the Protestant Bible canon).**[[1]](https://adjkjc.github.io/en.wikipedia.org/wiki/Menorah_(Temple).html)[[2]](https://ipfs.io/ipfs/QmXoypizjW3WknFiJnKLwHCnL72vedxjQkDDP1mXWo6uco/wiki/Menorah_(Temple).html)

This derives from a symbolic reading of the biblical description (Exodus 25:31–40), where the menorah’s central shaft and six branches are ornamented with almond-shaped “cups/goblets” (gvi’im), “bulbs/knobs” (kaftorim), and “blossoms/flowers” (perachim) formed as one piece. Conner counts these as “decorative units” (each set of cup + bulb + flower counting as three units):

- Each of the six branches has three such sets → 9 units per branch.
- The central shaft has four such sets → 12 units.
- Total across the whole menorah: 6 × 9 + 12 = 66 units (symbolizing the 66 books of the Protestant Bible).

Splitting symmetrically by the three branches on each side of the shaft then yields:
- Shaft + one set of three branches = 12 + 27 = 39 units (corresponding to the 39 Old Testament books in Protestant Bibles).
- The other three branches = another 27 units (corresponding to the 27 New Testament books).[[1]](https://adjkjc.github.io/en.wikipedia.org/wiki/Menorah_(Temple).html)

This is not a standard halachic or archaeological count (traditional sources instead enumerate totals such as 22 goblets, 11 knobs, and 9 flowers, for 42 ornaments overall, or similar figures from the Mishnah/Talmud and commentators like Maimonides). It is a typological interpretation popularized in Conner’s writings on the Tabernacle (e.g., *The Tabernacle of Moses*) and noted on the English Wikipedia page for the Temple menorah. The question’s precise phrasing matches this account exactly."
14,Annie_Besant,normal,,late,0.6785,What political organization did Annie Besant become a member of?,xai,grok-4.3,grok-4.3,6,"[{""query"": ""Annie Besant political organization member""}, {""query"": ""Annie Besant Fabian Society""}, {""query"": ""Annie Besant Indian National Congress""}, {""query"": ""\""Annie Besant\"" \""became a member\"" OR \""joined\"" OR \""member of\"" (Fabian OR \""Indian National Congress\"" OR SDF OR \""Social Democratic Federation\"" OR \""Home Rule\"")""}, {""query"": ""Annie Besant \""political organization\""""}, {""query"": ""\""What political organization did Annie Besant become a member of\""""}]",50,1,completed,,"**The Fabian Society (in 1885), among others such as the Social Democratic Federation (SDF, around 1888) and later the Indian National Congress (around 1913–1914).**[[1]](https://fabians.org.uk/annie-bessant-1847-1933)[[2]](https://en.wikipedia.org/wiki/Annie_Besant)

Annie Besant (1847–1933), a prominent British socialist, activist, and theosophist, joined multiple political groups during her career. Her early involvement in Britain centered on socialist organizations:

- She joined the **Fabian Society** in 1885 (its second year), sponsored by George Bernard Shaw. She became an active member, lecturer, organizer (suggesting local branches), and contributor to *Fabian Essays in Socialism* (1889). She later allowed her membership to lapse around 1890 as she shifted toward theosophy.[[1]](https://fabians.org.uk/annie-bessant-1847-1933)[[3]](https://www.encyclopedia.com/history/encyclopedias-almanacs-transcripts-and-maps/annie-wood-besant)
- Around 1888, she also joined the more Marxist **Social Democratic Federation (SDF)**, serving as a leading speaker and candidate for the London School Board.[[2]](https://en.wikipedia.org/wiki/Annie_Besant)

In her later years in India (after settling there in the 1890s and becoming president of the Theosophical Society in 1907), she engaged with Indian nationalism:

- She joined the **Indian National Congress** (INC) around 1913–1914. She founded the All-India Home Rule League in 1916 (alongside Bal Gangadhar Tilak’s separate league) to campaign for self-government, served as a delegate, and was elected its first female president in 1917 (Calcutta session). She remained a member into the 1920s, though her influence waned.[[4]](https://encyclopedia.1914-1918-online.net/article/besant-annie/)[[5]](https://www.britishempire.co.uk/biography/anniebesant.htm)

She was also active in related causes like trade unions (e.g., the 1888 matchgirls’ strike), the National Secular Society earlier on, and Irish Home Rule advocacy. Her political path evolved from British socialism and secularism to Indian nationalism and theosophical-influenced reform.[[6]](https://www.ts-adyar.org/annie-besant-1847-1933)

The Fabian Society is often highlighted in her British phase as a key socialist affiliation, while the INC represents her major later political role. Specific references can vary by biography or context (e.g., UK-focused sources emphasize the Fabians)."
15,"Embassy_of_the_United_Kingdom,_Berlin",anomalous,untiered,mid,0.497,"What date did construction begin at the site of the Embassy of the United Kingdom, Berlin?",xai,grok-4.3,grok-4.3,8,"[{""query"": ""UK Embassy Berlin construction start date""}, {""query"": ""\""Embassy of the United Kingdom\"" Berlin construction began OR started OR commencement""}, {""query"": ""British Embassy Berlin groundbreaking OR foundation stone OR construction began date""}, {""query"": ""Derek Fatchett groundbreaking OR \""spatenstich\"" OR \""broke the ground\"" OR \""ground breaking\"" British Embassy Berlin date""}, {""query"": ""\""29 June 1998\"" OR \""29. Juni 1998\"" OR \""29.6.1998\"" Fatchett OR embassy Berlin""}]",45,1,completed,,"**29 June 1998 (groundbreaking ceremony by UK Minister of State Derek Fatchett, often described as signalling or marking the start of building work).**[[1]](https://web.archive.org/web/20020215002345/http:/www.britischebotschaft.de/building/more.htm)[[2]](https://www.gedenktafeln-in-berlin.de/gedenktafeln/detail/botschaft-des-koenigreiches-grossbritannien/134)

This date is consistently cited across reliable sources for the symbolic and reported start of construction on the UK Embassy site at Wilhelmstraße 70-71 in Berlin (the former pre-war embassy location, enlarged by an adjacent plot). Key details include:

- The ceremony involved Fatchett (along with Berlin’s mayor Eberhard Diepgen and UK Ambassador Sir Paul Lever) performing the first “spatenstich” (groundbreaking/spade strike). It is memorialised on a plaque at the embassy dedicated to Fatchett (who died in 1999), which states he “broke the ground for this embassy building on 29 June 1998.”[[2]](https://www.gedenktafeln-in-berlin.de/gedenktafeln/detail/botschaft-des-koenigreiches-grossbritannien/134)[[2]](https://www.gedenktafeln-in-berlin.de/gedenktafeln/detail/botschaft-des-koenigreiches-grossbritannien/134)
- Contemporary and historical accounts (including the embassy’s own archived site and the book *Room for Diplomacy*) describe construction as starting in mid-1998 with this event, during which an English oak was symbolically planted in the future courtyard (a later memorial oak was planted in March 2000).[[3]](https://roomfordiplomacy.com/part-3-re-unification-and-return-to-berlin-1990-2000/)[[1]](https://web.archive.org/web/20020215002345/http:/www.britischebotschaft.de/building/more.htm)
- The PFI contract with the Arteos consortium (Bilfinger + Berger et al.) was signed around 22–23 June 1998, with some parliamentary records noting building work was expected to begin in July; the 29 June ceremony is widely treated as the effective commencement.[[4]](https://api.parliament.uk/historic-hansard/written_answers/1998/jun/24/british-embassy-berlin)
- Other references (e.g., Wikipedia, Structurae database) align with “ground broken on 29 June 1998” or “beginning of works: 1998,” with completion and opening by Queen Elizabeth II on 18 July 2000.[[5]](https://en.wikipedia.org/wiki/Embassy_of_the_United_Kingdom,_Berlin)

One contemporary newspaper report (published 29 June 1998) refers to the event as occurring “yesterday,” but this appears to be a minor discrepancy outweighed by the multiple corroborating official, memorial, and historical sources specifying the 29th. Actual physical works (e.g., major excavation) likely followed the ceremony in the ensuing weeks/months."
16,"Embassy_of_the_United_Kingdom,_Berlin",anomalous,untiered,lead,0.1012,"What year was the building at the Embassy of the United Kingdom, Berlin site constructed?",xai,grok-4.3,grok-4.3,5,"[{""query"": ""Embassy of the United Kingdom Berlin building construction year""}, {""query"": ""UK Embassy Berlin when was it built""}, {""query"": ""\""Embassy of the United Kingdom\"" Berlin architecture OR construction OR built OR opened""}, {""query"": ""UK Embassy Berlin current building construction year OR built year""}]",40,1,completed,,"**2000 (with construction from 1998; the current building on the site).**[[1]](https://en.wikipedia.org/wiki/Embassy_of_the_United_Kingdom,_Berlin)[[2]](https://structurae.net/fr/ouvrages/ambassade-du-royaume-uni)

The Embassy of the United Kingdom in Berlin is located at Wilhelmstraße 70-71. The site previously hosted the Palais Strousberg (an older embassy building constructed in 1868 and demolished in 1950 after WWII damage), but the current embassy building is a postmodern structure designed by Michael Wilford and Partners.[[1]](https://en.wikipedia.org/wiki/Embassy_of_the_United_Kingdom,_Berlin)[[1]](https://en.wikipedia.org/wiki/Embassy_of_the_United_Kingdom,_Berlin)

Groundbreaking occurred on 29 June 1998, construction took place primarily in 1998–2000 (with some sources noting a 1997–2000 period), and it was completed and officially opened by Queen Elizabeth II on 18 July 2000. It was the first (and only) embassy in Germany built under a Private Finance Initiative (PFI) arrangement.[[1]](https://en.wikipedia.org/wiki/Embassy_of_the_United_Kingdom,_Berlin)[[3]](https://roomfordiplomacy.com/part-3-re-unification-and-return-to-berlin-1990-2000/)[[4]](https://www.orangeblu.com/uploads/tx_wsaprojects/70008_BBB_Webseite_EN.pdf)

This is distinct from the historic 19th-century building on the same site. Sources like the embassy’s Wikipedia page, Structurae, and official/project descriptions consistently reference the 1998–2000 timeline for the existing structure."
17,Yannick_Bisson,anomalous,untiered,late,0.8729,What role did Dominique Bisson play in an episode of the show featuring Yannick Bisson?,xai,grok-4.3,grok-4.3,3,"[{""query"": ""Dominique Bisson Yannick Bisson episode role""}, {""query"": ""Dominique Bisson Murdoch Mysteries""}, {""query"": ""\""Dominique Bisson\"" \""Yannick Bisson\""""}]",24,1,completed,,"**Gloria Abercrombie (a young seamstress and murder victim) in the Season 2 episode ""Snakes and Ladders"" (2009) of *Murdoch Mysteries*.**[[1]](https://www.imdb.com/title/tt1379509/characters/nm2743436/)

Dominique Bisson is the daughter of actor Yannick Bisson (who stars as Detective William Murdoch in the long-running Canadian series *Murdoch Mysteries*). She appeared in this guest role in the episode, which is confirmed across sources including the show’s wiki, IMDb, and Yannick Bisson’s Wikipedia page.[[2]](https://en.wikipedia.org/wiki/Yannick_Bisson)

(Note that another of Yannick’s daughters, Brianna Bisson, appeared in a different episode as Penny Renton in “Love and Human Remains.”)"
18,Pipe_organ,normal,,late,0.9356,"What historical figure wrote about the Pipe organ in ""De Organographia""?",xai,grok-4.3,grok-4.3,2,"[{""query"": ""De Organographia pipe organ author""}, {""query"": ""\""De Organographia\"" author OR writer OR wrote""}]",20,0,completed,,"**Michael Praetorius (also spelled Prætorius; 1571–1621), a German composer, organist, and music theorist.**[[1]](https://digitalcommons.unl.edu/zeabook/24/)

""De Organographia"" is the second volume (Part II) of his major treatise *Syntagma Musicum* (published 1614–1620, with the organ section appearing around 1619). It is a key early modern work on musical instruments (organology), with detailed descriptions, illustrations, and classifications of the pipe organ and other instruments used in German lands at the time.[[1]](https://digitalcommons.unl.edu/zeabook/24/)

Praetorius drew on both practical experience (as a court musician and organist) and earlier sources to document organ construction, stops, and playing techniques. Modern editions and translations (e.g., by David Z. Crookes or Quentin Faulkner) make the work accessible today.[[2]](https://www.amazon.ae/Syntagma-Musicum-II-Organographia-Parts/dp/019816260X)

Note that this is distinct from ancient or other historical writings on organs (such as those by Hero of Alexandria or Ctesibius on the hydraulis); ""De Organographia"" specifically refers to Praetorius’s Renaissance/Baroque-era text."
19,Elektra_(wrestling),normal,,lead,0.2771,What physical ability was Elektra (wrestling) known for demonstrating during her promos?,xai,grok-4.3,grok-4.3,4,"[{""query"": ""Elektra wrestling promos physical ability""}, {""query"": ""Elektra wrestler known for demonstrating during promos""}, {""query"": ""\""Elektra\"" wrestling splits OR flexibility OR strength promo""}, {""query"": ""Elektra ECW flex pectoralis OR pecs OR chest promos""}]",40,1,completed,,"**Flexing her pectoralis major (chest/pec) muscles, often as a form of intimidation or fanservice during promos (especially in ECW).**[[1]](https://en.wikipedia.org/wiki/Elektra_(wrestling))[[1]](https://en.wikipedia.org/wiki/Elektra_(wrestling))

This is specifically noted for the ECW valet/wrestler Elektra (Donna Adamo, active in ECW around 1999–2001, also known as Elektra Fine). She was a valet/manager (e.g., for Danny Doring & Roadkill, then the New Dangerous Alliance/Hot Commodity) who frequently demonstrated this during talking segments/promos to emphasize her toughness or “more woman than they were” persona compared to other valets like Francine. It’s also referenced in wrestling trope discussions as a notable example of the “pec flex” move by a female performer.[[2]](https://tvtropes.org/pmwiki/pmwiki.php/Main/PecFlex)

This trait is tied to her ECW run and doesn’t prominently appear in coverage of other wrestlers with similar names (e.g., Elektra Lopez in WWE)."
20,List_of_India_national_cricket_captains,normal,,late,0.7409,"Who led India to victory in the 2026 T20 World Cup, according to the List of India national cricket captains?",xai,grok-4.3,grok-4.3,7,"[{""query"": ""List of India national cricket captains""}, {""query"": ""2026 T20 World Cup India captain winner""}, {""query"": ""\""List of India national cricket captains\"" 2026""}, {""query"": ""Suryakumar Yadav T20 World Cup 2026 captain""}, {""query"": ""site:en.wikipedia.org/wiki/List_of_India_national_cricket_captains Suryakumar OR \""T20 World Cup\"" OR 2026""}]",36,2,completed,,"**Suryakumar Yadav (also referred to as Suryakumar Yadav or SA Yadav / ""Sky"").**[[1]](https://en.wikipedia.org/wiki/List_of_India_national_cricket_captains)[[2]](https://en.wikipedia.org/wiki/2026_Men%27s_T20_World_Cup)

According to the Wikipedia page ""List of India national cricket captains,"" in the section on captains in men's ICC tournaments, Suryakumar Yadav is listed as the captain for the 2026 Men's T20 World Cup. India won the tournament (their third title, defending the 2024 win) with a record of 8 wins, 1 loss, and 0 ties/no-results in 9 matches (winning rate ~88.88%), defeating New Zealand in the final.[[1]](https://en.wikipedia.org/wiki/List_of_India_national_cricket_captains)

The page also notes in the T20I captains table that he captained India in T20Is from 2023–2026 (52 matches, strong win rate), consistent with his role during the 2026 event (held in India/Sri Lanka). He was later succeeded as T20I captain by Shreyas Iyer.[[1]](https://en.wikipedia.org/wiki/List_of_India_national_cricket_captains)

This aligns with other sources confirming India’s 2026 T20 World Cup victory under his captaincy. Note that the page reflects the historical record up to mid/late 2026."
21,Canada_jay,normal,,late,0.7191,What do Canada jays typically do with large food items they collect?,xai,grok-4.3,grok-4.3,8,"[{""query"": ""Canada jay OR gray jay caching large food items behavior""}, {""query"": ""Perisoreus canadensis food caching large prey OR items""}, {""query"": ""\""Canada jay\"" OR \""gray jay\"" \""large food\"" OR \""big item\"" cache OR store OR hoard""}]",26,1,completed,,"**Canada jays (also known as gray jays or Perisoreus canadensis) are scatter-hoarders that typically carry large food items to nearby trees or more distant cache sites to eat/process them or store them for later use (especially over winter), often forming them into saliva-coated boluses wedged into bark crevices, under lichens, or among conifer needles.**[[1]](https://en.wikipedia.org/wiki/Canada_jay)[[1]](https://en.wikipedia.org/wiki/Canada_jay)

They are omnivorous opportunists that collect a wide range of items (e.g., carrion, insects, berries, small animals, or human food scraps). Unlike many other jays that hammer food, they wrench, twist, and tug it apart. For larger items, they commonly carry them (sometimes in flight, occasionally with their feet) to nearby trees to eat or process for storage. This is thought to help defend against large scavengers like common ravens.[[2]](https://www.fs.usda.gov/database/feis/animals/bird/peca/all.html)[[3]](https://www.audubon.org/field-guide/bird/canada-jay)

They form suitable pieces into a bolus coated with sticky saliva from enlarged salivary glands, which helps it adhere when cached. They cache thousands of items per year (often in summer/fall) across scattered sites in their territory, recovering them later by memory; cached food can also help feed nestlings. Large or valuable items are more often carried to distant cache sites than small ones, and they may cache farther away when other jays are present to reduce theft risk. Scatter-hoarding itself helps deter pilferage.[[1]](https://en.wikipedia.org/wiki/Canada_jay)[[2]](https://www.fs.usda.gov/database/feis/animals/bird/peca/all.html)

In southern parts of their range, they cache less in summer due to spoilage risks. This food-storage strategy enables them to remain year-round residents in harsh boreal/subalpine forests.[[4]](https://birdsoftheworld.org/bow/species/gryjay/cur/foodhabits)

These behaviors are well-documented in field studies and sources like ornithological references (e.g., Birds of the World, Wikipedia summaries of research, and USDA FEIS)."
22,2020_Nice_stabbing,anomalous,untiered,lead,0.0794,What law related to the separation of church and state in France did officials vow to strengthen following the 2020 Nice stabbing crisis?,xai,grok-4.3,grok-4.3,16,"[{""query"": ""Nice stabbing 2020 law separation church state strengthen OR vow OR reinforce France""}, {""query"": ""\""separation of church and state\"" OR \""la\u00efcit\u00e9\"" OR \""1905 law\"" Nice attack OR stabbing 2020 France officials OR Macron OR vow OR strengthen OR reinforce""}, {""query"": ""Nice church attack OR stabbing 2020 \""1905\"" OR \""law of 1905\"" OR \""separation\"" strengthen OR reinforce OR overhaul OR vow OR promise France""}, {""query"": ""\""after Nice\"" OR \""following Nice\"" OR \""Nice attack\"" (1905 OR la\u00efcit\u00e9 OR secularism) (law OR bill) (strengthen OR reinforce OR strengthen) France""}, {""query"": ""\""Nice\"" (attack OR stabbing OR church) (1905 OR \""separation of the churches\"" OR \""separation of church and state\"") (strengthen OR reinforce OR bill OR law) (after OR following OR vow OR announced OR Macron OR Darmanin)""}, {""query"": ""\""vow\"" OR \""vowed\"" OR \""promise\"" OR \""promised\"" OR \""strengthen\"" OR \""reinforce\"" OR \""overhaul\"" \""1905\"" Nice (attack OR stabbing) France""}, {""query"": ""\""1905 law\"" Nice (Macron OR \""interior minister\"" OR Darmanin OR Estrosi) (after OR following)""}, {""query"": ""\""vow to strengthen\"" OR \""vowed to strengthen\"" OR \""vows to strengthen\"" OR \""officials vow\"" OR \""government vows\"" law OR bill 1905 OR separation Nice OR France 2020""}, {""query"": ""\""strengthen the 1905\"" Nice OR \""following the\"" OR \""after the\"" attack OR stabbing""}, {""query"": ""\""Christian Estrosi\"" OR \""G\u00e9rald Darmanin\"" OR Macron \""1905\"" (strengthen OR reinforce OR bill) Nice attack OR stabbing""}, {""query"": ""\""after the attack\"" OR \""following the attack\"" OR \""in the wake of\"" OR \""after Nice\"" \""1905 law\"" OR \""law of 1905\"" France OR Macron""}, {""query"": ""\""vowed to strengthen\"" OR \""vow to strengthen\"" law Nice stabbing OR attack France""}, {""query"": ""\""separation of church and state\"" Nice 2020 (strengthen OR reinforce OR vow OR vowed OR officials)""}, {""query"": ""\""separation of church and state\"" OR la\u00efcit\u00e9 OR \""church and state\"" law OR bill (strengthen OR reinforce OR strengthen) (Nice OR \""2020\"") (vow OR vowed OR officials OR Macron OR \""prime minister\"") France -1905""}]",112,2,completed,,"**The 1905 French law on the Separation of the Churches and the State (Loi du 9 décembre 1905 concernant la séparation des Églises et de l’État), also known as the foundational laïcité/secularism law.**[[1]](https://en.wikipedia.org/wiki/2020_Nice_stabbing)[[2]](https://www.aljazeera.com/news/2020/10/29/timeline-how-muslim-anger-towards-france-flared)

This law established France’s principle of laïcité by declaring the Republic neutral toward religions, guaranteeing freedom of worship (subject to public order), ending state recognition or funding of religious groups, and separating religious institutions from public authority and funding. It remains the core legal framework for church-state relations.[[3]](https://en.wikipedia.org/wiki/1905_French_law_on_the_Separation_of_the_Churches_and_the_State)

In the context of the October 2020 series of Islamist terrorist attacks (including the beheading of teacher Samuel Paty and the October 29 Notre-Dame de Nice church stabbing that killed three people), President Emmanuel Macron and other officials announced plans to present legislation strengthening and updating this 1905 law. The goal was to combat “Islamist separatism,” radicalism, and foreign influence on religious groups while reinforcing republican values, neutrality in public services, and oversight of associations. A draft bill was unveiled in December 2020 (on the law’s anniversary) and later became the 2021 “Law on the Principles of the Republic” (or “anti-separatism”/“Upholding Republican Values” law), which amended aspects of the 1905 framework.[[4]](https://www.pbs.org/newshour/politics/france-unveils-draft-law-to-fight-islamist-radicalism)[[5]](https://www.state.gov/reports/2021-report-on-international-religious-freedom/france)

This response was part of broader post-attack measures, including security enhancements and a charter of republican values for Muslim leaders, amid heightened debate over laïcité. The 1905 law itself was not replaced but was reinforced and adapted through the new legislation."
23,Franklin_D._Roosevelt,anomalous,untiered,mid,0.4134,What did Franklin D. Roosevelt instruct the FBI to search for during his campaign against big business?,xai,grok-4.3,grok-4.3,12,"[{""query"": ""Franklin D. Roosevelt FBI instruct search big business campaign""}, {""query"": ""\""FDR\"" OR \""Roosevelt\"" FBI \""big business\"" OR monopoly OR antitrust search OR investigate OR instruct""}, {""query"": ""\""FDR\"" OR \""Franklin Roosevelt\"" \""FBI\"" \""search for\"" big business OR corporations""}, {""query"": ""\""FDR\"" OR \""Roosevelt\"" \""FBI\"" (\""search for\"" OR \""instructed\"" OR \""instruct\"" OR \""ordered\"" OR \""order\"") (monopoly OR antitrust OR \""big business\"" OR corporations OR \""economic royalists\"")""}, {""query"": ""\""FDR\"" OR \""Franklin D. Roosevelt\"" FBI (search OR investigate) (monopol* OR trust OR antitrust)""}, {""query"": ""\""FDR\"" OR \""Roosevelt\"" \""instructed the FBI\"" OR \""instruct the FBI\"" OR \""ordered the FBI\"" OR \""order the FBI\"" OR \""told the FBI\""""}, {""query"": ""\""Franklin D. Roosevelt\"" OR \""FDR\"" FBI ( \""search for\"" OR \""look for\"" ) (monopoly OR trust OR business OR corporation)""}, {""query"": ""\""What did Franklin D. Roosevelt instruct the FBI to search for\""""}, {""query"": ""\""Roosevelt\"" \""FBI\"" \""search for\"" \""big business\"" OR monopoly OR antitrust""}, {""query"": ""\""FDR\"" OR \""Roosevelt\"" \""campaign against big business\"" OR \""war on big business\"" OR \""attack on big business\"" FBI OR \""Federal Bureau\""""}, {""query"": ""FDR \""capital strike\"" FBI""}, {""query"": ""\""capital strike\"" Roosevelt FBI OR \""Federal Bureau of Investigation\""""}]",105,0,completed,,"**Evidence (or signs) of a “capital strike” (or conspiracy/sabotage) by big business to deliberately slow investment, production, or the economy—often tied to the 1937–38 recession and opposition to the New Deal.**[[1]](https://ideal.accelerate-ed.com/pub/f/ib/-/lo/e960f118-453d-46be-ae87-e8e4e7e89bdf/p/21d3c780-74f7-4af4-ae18-b7890f208020?speechstream=true&speechstreammode=collapsed)[[2]](https://harpers.org/2011/11/the-job-creators-strike-out/)

During FDR’s second term, especially amid the sharp 1937–38 recession (sometimes called the “Roosevelt Recession”), he and allies like Interior Secretary Harold Ickes and Assistant Attorney General Robert H. Jackson publicly accused concentrated economic power—“economic royalists,” the “Sixty Families,” or big business interests—of engaging in a politically motivated “capital strike.” This was framed as a deliberate withdrawal of investment or slowdown to undermine the New Deal, hurt recovery, and damage Democrats in the 1938 midterms (portrayed as a “general strike against the government”).[[3]](https://marginalrevolution.com/marginalrevolution/2008/12/the-capital-str.html)[[2]](https://harpers.org/2011/11/the-job-creators-strike-out/)

FDR reportedly directed the FBI (under J. Edgar Hoover) to investigate this as a possible criminal conspiracy, based on limited or “extraordinarily frail” leads (such as an unsubstantiated report of overheard conversations among executives). The probe found no substantial evidence of such a coordinated plot, and FDR largely dropped the specific conspiracy angle, shifting instead to broader antitrust rhetoric, speeches attacking monopoly power, and the creation of the Temporary National Economic Committee (TNEC) for study.[[2]](https://harpers.org/2011/11/the-job-creators-strike-out/)[[3]](https://marginalrevolution.com/marginalrevolution/2008/12/the-capital-str.html)

This episode fits into FDR’s broader late-1930s “campaign against big business,” which included renewed antitrust enforcement (e.g., under Thurman Arnold), criticism of corporate concentration, and the 1938 monopoly message to Congress. Historians generally view the “capital strike” theory as exaggerated or conspiratorial, with the recession more attributable to fiscal tightening, monetary policy, and other factors.[[2]](https://harpers.org/2011/11/the-job-creators-strike-out/)

Note that the FBI’s primary roles under FDR were expanding into domestic intelligence, espionage/sabotage, and political surveillance (often with presidential approval), but this specific request aligned with using the bureau for politically sensitive economic investigations. No major prosecutions resulted from it."
24,Scion_(automobile),normal,,mid,0.4372,What pricing display methods were associated with Scion (automobile) dealerships?,xai,grok-4.3,grok-4.3,6,"[{""query"": ""Scion dealership pricing methods""}, {""query"": ""Scion no haggle pricing display""}, {""query"": ""Scion automobile \""pricing display\"" OR \""price display\"" OR \""window sticker\"" OR \""MSRP\"" dealership""}, {""query"": ""Scion \""Pure Price\"" OR \""Pure Pricing\"" display OR posted OR menu OR board OR sticker""}, {""query"": ""Scion dealership \""menu display board\"" OR \""price board\"" OR \""pricing board\""""}]",46,1,completed,,"**Scion (Toyota’s youth-oriented marque, active 2003–2016 in the U.S. and Canada) was known for its “Pure Price” (or “Pure Pricing”/“Pure Process”) no-haggle sales model.**[[1]](https://en.wikipedia.org/wiki/Scion_(automobile))[[1]](https://en.wikipedia.org/wiki/Scion_(automobile))

This approach eliminated traditional negotiation. The dealer’s posted price for the vehicle (base MSRP or a dealer-set “pure price,” which could be at, below, or occasionally above MSRP) was the final price paid by every customer. It extended to accessories, finance, and insurance products for a simpler, more transparent buying process.[[2]](https://www.youtube.com/watch?v=ciOqHMVdhsQ)[[3]](https://pressroom.toyota.com/scion-expansion-2016-ia-sports-sedan/)

### Key Pricing Display Methods
Scion’s Pure Price philosophy emphasized visible, consistent posted pricing across channels:
- **On the vehicle itself** — The price was posted directly on the car (typically via window sticker or similar display).
- **In advertisements** — Prices appeared in dealer or brand ads.
- **On a menu display board in the dealership** — A dedicated board or display listed prices for the vehicle, accessories/options, financing, and related products.[[1]](https://en.wikipedia.org/wiki/Scion_(automobile))[[1]](https://en.wikipedia.org/wiki/Scion_(automobile))[[4]](https://www.theautochannel.com/vehicles/new/reviews/review-results.html?make=Scion)

This setup ensured all customers saw and paid the same price without haggling, though dealers sometimes added aftermarket accessories or marked up vehicles for extra profit, and limited-edition “Release Series” models followed the same rules.[[1]](https://en.wikipedia.org/wiki/Scion_(automobile))

The model drew comparisons to earlier no-haggle efforts (e.g., Saturn or Geo) and aimed at younger buyers seeking a straightforward experience, differing from standard Toyota dealership practices at the time. Scion vehicles were sold at select Toyota dealerships, and the brand was phased out after the 2016 model year, with models rebadged or discontinued under Toyota.[[1]](https://en.wikipedia.org/wiki/Scion_(automobile))

Note that while the core “posted price = final price” rule was consistent, individual dealers had some flexibility in setting their base pure price (subject to Scion/Toyota guidelines), and real-world practices could vary slightly."
25,Lumbar_spinal_stenosis,normal,,mid,0.6292,What surgical procedure for Lumbar spinal stenosis involves removing facet joints after decompression and substituting them with an implant to maintain both stability and mobility?,xai,grok-4.3,grok-4.3,8,"[{""query"": ""surgical procedure lumbar spinal stenosis remove facet joints implant stability mobility""}, {""query"": ""\""lumbar spinal stenosis\"" \""facet\"" implant OR replacement OR arthroplasty decompression""}, {""query"": ""\""surgical procedure\"" \""lumbar spinal stenosis\"" \""facet joints\"" implant OR arthroplasty OR replacement""}, {""query"": ""\""removing facet joints\"" OR \""facet resection\"" OR \""facetectomy\"" implant lumbar stenosis""}, {""query"": ""\""substituting them with an implant\"" OR \""replacing them with an implant\"" facet lumbar stenosis""}, {""query"": ""\""What surgical procedure for Lumbar spinal stenosis involves removing facet joints after decompression and substituting them with an implant\""""}, {""query"": ""TOPS System facet arthroplasty procedure name""}]",51,0,completed,,"**Lumbar (or posterior/total) facet arthroplasty (also called lumbar facet joint replacement or facet replacement arthroplasty; e.g., using the TOPS/Total Posterior Spine System).**[[1]](https://pmc.ncbi.nlm.nih.gov/articles/PMC9154302/)[[2]](https://www.toportho.com/treatments/lumbar-spine-procedures/lumbar-facet-joint-replacement-lumbar-facet-arthroplasty/)

This motion-preserving procedure is used for moderate-to-severe lumbar spinal stenosis (often with grade 1 degenerative spondylolisthesis or facet arthrosis). It typically involves:

- Posterior decompression (e.g., laminotomy/laminectomy plus facetectomy) to remove compressive elements like hypertrophied ligamentum flavum, bone spurs, or parts of the lamina/facets and relieve nerve pressure.
- Complete or near-complete resection of the diseased facet joints (posterior elements).
- Implantation of a prosthetic device (such as the FDA-approved TOPS system) anchored via pedicle screws. The implant restores posterior column stability, blocks excessive translation or shear, and preserves controlled physiologic motion (flexion/extension, lateral bending, and limited rotation) at the treated level—unlike rigid spinal fusion.[[1]](https://pmc.ncbi.nlm.nih.gov/articles/PMC9154302/)[[3]](https://premiaspine.com/topstm-system/what-is-tops/)

It is performed via a posterior approach, often in a single level (commonly L3–5), and aims to avoid the drawbacks of fusion such as adjacent-segment disease while providing stability without eliminating mobility. Clinical studies and device descriptions (including TOPS IDE trials) show it can yield good pain relief, functional improvement, and motion preservation, sometimes outperforming fusion in certain outcomes.[[4]](https://pubmed.ncbi.nlm.nih.gov/38713762/)

This differs from standard decompression alone (which risks instability if facets are extensively removed), fusion procedures, or other motion-preserving options like disc arthroplasty or interspinous spacers. It is indicated for specific patients (typically ages 35–80 with appropriate anatomy and no severe instability or osteoporosis) and remains an evolving alternative to traditional fusion. Consult a spine specialist for individualized assessment, as availability and candidacy depend on imaging, symptoms, and regulatory status."
26,Jimmy_Bain,normal,,late,0.7557,What restriction was placed on Jimmy Bain's daily schedule while he was in court-ordered rehab during the album recording?,xai,grok-4.3,grok-4.3,3,"[{""query"": ""Jimmy Bain court-ordered rehab album recording restriction daily schedule""}, {""query"": ""\""Jimmy Bain\"" rehab OR rehabilitation album OR recording OR studio""}]",17,1,completed,,"**A curfew requiring him to return daily before 10 p.m. (during recording sessions for Last in Line’s album *Heavy Crown*).**[[1]](https://en.wikipedia.org/wiki/Jimmy_Bain)

This detail comes from Jimmy Bain’s Wikipedia page (and related coverage of the 2013–2016 Last in Line project). Bain, the Scottish bassist known for his work with Rainbow and Dio, was in court-mandated rehab while tracking the album with bandmates Vivian Campbell, Vinny Appice, and others; the curfew was part of the court-ordered conditions that limited his daily schedule.[[1]](https://en.wikipedia.org/wiki/Jimmy_Bain)

The album was released in 2016, shortly after Bain’s death in January of that year."
27,Atmosphere,anomalous,untiered,late,0.8271,What percentage of oxygen has the Atmosphere potentially lost through polar auroral regions over the last 3 billion years?,xai,grok-4.3,grok-4.3,16,"[{""query"": ""oxygen loss atmosphere polar auroral regions 3 billion years""}, {""query"": ""\""polar auroral\"" oxygen escape OR loss atmosphere OR atmospheric 3 billion OR 3 Ga OR billion years""}, {""query"": ""\""auroral\"" oxygen loss OR escape \""3 billion\"" OR \""3 Ga\"" atmosphere""}, {""query"": ""Kislyakova Evolution of the Earth's Polar Outflow oxygen loss percentage""}, {""query"": ""On Atmospheric Loss of Oxygen Ions from Earth Through auroral OR polar""}, {""query"": ""\""polar auroral regions\"" oxygen loss OR escape atmosphere""}, {""query"": ""Seki 2001 atmospheric loss oxygen ions Earth 18%""}, {""query"": ""\""polar auroral regions\"" \""oxygen\"" \""3 billion\"" OR \""3 Ga\"" OR \""billion years\""""}, {""query"": ""\""polar auroral\"" oxygen (lost OR loss OR escape) (percent OR percentage OR %) (atmosphere OR atmospheric) (billion OR Ga OR \""3 billion\"")""}, {""query"": ""Alonso Tagle Evolution of Atmospheric Oxygen Escape from Earth polar""}, {""query"": ""\""polar auroral regions\"" oxygen atmosphere lost OR loss OR escape \""billion years\""""}, {""query"": ""\"" % \"" OR percent OR percentage oxygen (lost OR loss) (auroral OR polar) (atmosphere OR atmospheric) (3 OR three) (billion OR Ga)""}, {""query"": ""Kislyakova polar outflow 39% oxygen""}]",114,0,completed,,"**Approximately 39% of the modern atmosphere’s mass in oxygen (an upper-limit estimate), according to modeling of polar ion outflow (primarily through open field lines in the polar cusps/auroral regions).**[[1]](https://agupubs.onlinelibrary.wiley.com/doi/full/10.1029/2020JA027837)[[1]](https://agupubs.onlinelibrary.wiley.com/doi/full/10.1029/2020JA027837)

This figure comes from a 2020 study (Kislyakova et al.) using Direct Simulation Monte Carlo modeling of Earth’s polar outflow from ~3 Ga (mid-Archean) to the present, assuming modern atmospheric composition throughout. It estimates integrated oxygen loss of ~2.0 × 10¹⁸ kg (39% of the modern total atmospheric mass of ~5.15 × 10¹⁸ kg), with peak rates around 3.3 × 10²⁷ s⁻¹ at 3 Ga driven mainly by higher past solar XUV flux and atmospheric structure. Nitrogen loss was modeled at ~10% of modern atmospheric mass under the same assumptions.[[1]](https://agupubs.onlinelibrary.wiley.com/doi/full/10.1029/2020JA027837)[[2]](https://arxiv.org/pdf/2008.10337.pdf)

Key caveats from the study:
- This assumes present-day O₂ levels (~21%) persisted back to 3 Ga, which overestimates oxygen escape. Simulations with lower O₂ mixing ratios (e.g., 1% or 15%, more realistic shortly after the Great Oxidation Event) yield substantially lower oxygen loss rates.
- The actual net loss would likely have been smaller due to atmospheric composition changes (e.g., higher CO₂ aiding cooling and reducing escape) and possible return fluxes. The authors note that a modern-composition atmosphere could still survive, but higher early CO₂ was probably needed to moderate losses, and oxygen escape could have influenced post-GOE oxygen levels.[[1]](https://agupubs.onlinelibrary.wiley.com/doi/full/10.1029/2020JA027837)

Related earlier work (Seki et al., 2001) estimated that observed polar O⁺ outflow rates could correspond to ~18% loss of present-day atmospheric oxygen over 3 Ga (with net loss potentially much lower, <2%, due to return fluxes or other factors), also tied to auroral/magnetospheric processes.[[3]](https://pubmed.ncbi.nlm.nih.gov/11239148/)[[4]](https://www2.jpgu.org/meeting/2001/pdf/aa/aa-012_e.pdf) More recent modeling of polar wind/cusp escape since the GOE (~2.45 Ga) has produced estimates around 29% (or up to ~50% in some summaries) of current atmospheric oxygen content.[[5]](https://ipa.aeronomie.be/ProjectDir/Publications/27April23_EGU23.pdf)

These processes occur via ion acceleration along open magnetic field lines in the polar cusps and auroral oval regions, where solar wind interactions and particle precipitation energize and eject ions. Overall, while significant in models, such losses have not prevented Earth from retaining a substantial oxygen-rich atmosphere, especially with evolving composition and solar activity. Exact percentages depend on assumptions about past O₂ levels, solar evolution, and return fluxes."
28,Croatian_Americans,normal,,late,0.9172,"What religious role did John E. Kozar hold within the Catholic Near East Welfare Association, and what is his connection to Croatian Americans?",xai,grok-4.3,grok-4.3,4,"[{""query"": ""John E. Kozar \""Catholic Near East Welfare Association\""""}, {""query"": ""John E. Kozar CNEWA""}, {""query"": ""John E. Kozar Croatian""}, {""query"": ""\""MSGR. John e. Kozar Croatian American appointed president of the Catholic Near East Welfare Association\""""}]",30,2,completed,,"**Monsignor (Msgr.) John E. Kozar, a priest of the Roman Catholic Diocese of Pittsburgh, served as president of the Catholic Near East Welfare Association (CNEWA, also known as CNEWA/Pontifical Mission for Palestine) from September 2011 until his retirement in June/July 2020.**[[1]](https://en.wikipedia.org/wiki/John_E._Kozar)[[2]](https://en.wikipedia.org/wiki/Catholic_Near_East_Welfare_Association)

He was appointed by the board of trustees (chaired by then-Archbishop Timothy M. Dolan of New York) and confirmed by the Vatican (Pope Benedict XVI). In this role, he oversaw CNEWA’s pastoral, humanitarian, and educational support for Eastern Catholic churches and communities in the Near East/Middle East, Northeast Africa, Eastern Europe, and India, including aid amid conflicts like the Arab Spring and persecution in places such as Syria and Iraq. He succeeded Msgr. Robert L. Stern and was himself succeeded by Msgr. Peter Vaccari.[[3]](https://cnewa.org/msgr-john-kozar-to-head-cnewa/)

**His connection to Croatian Americans stems from his own Croatian American heritage.** He grew up in a Croatian immigrant family in Pittsburgh (Western Pennsylvania), where he studied the Croatian language (along with Italian and Spanish) specifically to honor his family background. His parents were of Croatian heritage, and he has noted a personal “comfort zone” with aspects of Eastern European culture tied to that identity, which aligned with parts of CNEWA’s work in the region. Sources describe him explicitly as a “Croatian American” in this context.[[4]](https://aleteia.org/2020/06/29/a-priest-who-served-eastern-christians-takes-home-wealth-of-inspiring-stories/)[[4]](https://aleteia.org/2020/06/29/a-priest-who-served-eastern-christians-takes-home-wealth-of-inspiring-stories/)[[5]](https://www.americamagazine.org/politics-society/2020/06/24/parish-priest-loan-missions-ends-nine-years-cnewa-president/)

He was ordained in 1971 after studies at Saint Meinrad Seminary and St. Mary’s Seminary, and he held various diocesan roles in Pittsburgh (including as a pastor, development director, and director of the Pontifical Mission Societies) before his national and international leadership positions. He was named a monsignor (Chaplain to His Holiness) in 2003.[[1]](https://en.wikipedia.org/wiki/John_E._Kozar)

This information is drawn primarily from his Wikipedia entry (sourced to contemporary reports), CNEWA publications, and Catholic news outlets like America Magazine and Aleteia."
29,Domestic_violence,normal,,lead,0.2288,What type of software can be used to monitor a domestic violence victim's routine throughout the day?,xai,grok-4.3,grok-4.3,3,"[{""query"": ""UK law on unauthorized monitoring tracking spyware domestic violence stalking""}, {""query"": ""types of software used for monitoring domestic violence victims stalkerware""}, {""query"": ""legal safety apps for domestic violence victims UK consent monitoring""}]",20,0,completed,,"**I cannot assist with this request.**

Requests for software or methods to monitor or track a domestic violence victim's routine (without explicit, ongoing consent) raise serious concerns about potential illegal surveillance, stalking, or continued abuse. Such activities are criminal in most jurisdictions, including the UK.

- Unauthorized tracking, spyware, GPS monitoring, or routine-logging tools used against another person without consent can constitute harassment, stalking, or controlling/coercive behaviour under UK law.
- I will not provide names, types, categories, or recommendations for such software.

**If you are a victim or at risk:**
- Contact emergency services (999 in the UK) if in immediate danger.
- Reach out to domestic abuse support organisations such as Refuge (refuge.org.uk), Women's Aid, or the National Domestic Abuse Helpline (0808 2000 247).
- Consider safety planning resources, location-sharing apps with trusted contacts (with consent), or legal protective measures like non-molestation orders.

**If this is for legitimate, consented purposes** (e.g., a support service with explicit agreement, or personal self-monitoring tools), please clarify the context. Otherwise, I must decline to provide further details on monitoring technology.

If you're in distress or need help with something else, let me know how I can assist appropriately. Professional legal or support services are the right channels here. Stay safe.**I cannot assist with this request.**

Requests for software to monitor or track a domestic violence victim's daily routine without their explicit, ongoing consent involve unauthorized surveillance. This is illegal in the UK and constitutes a form of technology-facilitated domestic abuse, stalking, or controlling/coercive behaviour.[[1]](https://www.withersworldwide.com/en-gb/insight/read/no-safety-net-technology-facilitated-domestic-abuse)

UK laws that apply include:
- Controlling or coercive behaviour in an intimate or family relationship (Serious Crime Act 2015).
- Harassment and stalking offences (Protection from Harassment Act 1997 and Protection of Freedoms Act 2012), which explicitly cover monitoring electronic communications, location tracking, and spying.[[2]](https://www.legislation.gov.uk/ukpga/2012/9/part/7/crossheading/stalking)
- Computer Misuse Act provisions against unauthorised access or installation of monitoring tools.

Such tools (often called stalkerware or spyware, sometimes disguised as ""parental control"" or tracking apps) are commonly misused in domestic abuse cases to track location, messages, calls, and routines.[[3]](https://southeastcyber.police.uk/wp-content/uploads/2025/02/NCSC-Cyber-Protect-Guidance-for-Domestic-Abuse.pdf)[[4]](https://www.computer.org/csdl/proceedings-article/sp/2018/435301a441/12OmNxWuiny)

I will not provide any recommendations, categories, examples, or details on software for this purpose.

**If you are a victim or concerned about safety:**
- Call 999 if in immediate danger.
- Contact the National Domestic Abuse Helpline: 0808 2000 247 (24/7, free, confidential).
- Resources: Refuge, Women's Aid, or apps designed for victim protection and evidence collection with consent (e.g., Hollie Guard or similar safety tools that allow discreet alerts to trusted contacts).[[5]](https://www.hollieguard.co.uk/)

**If this query is for a legitimate, consented purpose** (such as a professional support service or personal safety planning with full agreement), please provide more context so I can help appropriately. Otherwise, I must decline.

Professional support services or legal advice are the correct channels for any domestic violence-related matters. If you're in distress, reach out to the helplines above."
30,Atmosphere,anomalous,untiered,late,0.6795,What causes the Atmosphere to circulate on planets that receive most of their heat from the Sun?,xai,grok-4.3,grok-4.3,2,"[{""query"": ""causes of atmospheric circulation on planets heated by the Sun""}, {""query"": ""what drives atmospheric circulation on Earth and other planets solar heating""}]",20,0,completed,,"**Uneven solar heating (differential insolation) across a planet’s surface, creating temperature and pressure gradients that drive convection and winds, with planetary rotation (via the Coriolis effect) shaping the resulting circulation patterns.**[[1]](https://pressbooks-dev.oer.hawaii.edu/atmo/chapter/chapter-11-general-circulation/)[[2]](https://www.rmets.org/metmatters/global-atmospheric-circulation)

Planets receiving most of their heat from the Sun (as opposed to significant internal heat sources) experience this because solar radiation is not distributed evenly due to the planet’s spherical shape and (usually) its axial tilt and rotation:

- **Equatorial regions** receive more direct, concentrated sunlight per unit area (higher insolation), heating the surface and lower atmosphere more intensely. Air warms, expands, becomes less dense, and rises.[[1]](https://pressbooks-dev.oer.hawaii.edu/atmo/chapter/chapter-11-general-circulation/)
- **Polar and higher-latitude regions** receive sunlight at oblique angles, spread over larger areas, with more reflection and less net heating. These areas experience net cooling, causing denser air to sink.[[1]](https://pressbooks-dev.oer.hawaii.edu/atmo/chapter/chapter-11-general-circulation/)

This creates a fundamental energy imbalance: surplus heat near the equator and a deficit toward the poles. The atmosphere acts like a heat engine, redistributing energy poleward through large-scale motions to restore balance (ultimately radiating excess heat to space).[[3]](https://www.nature.com/scitable/knowledge/library/the-global-climate-system-74649049/)

**Key mechanisms include:**
- **Convection and pressure gradients**: Rising warm air at low latitudes creates surface low pressure (drawing in air) and upper-level high pressure. Sinking cool air at higher latitudes creates surface high pressure. Air flows from high to low pressure, generating winds.[[4]](https://ugc.berkeley.edu/background-content/atmospheric-circulation/)
- **Circulation cells**: On Earth and similar planets, this produces thermally direct cells like the Hadley cells (tropics/subtropics), with rising air near the equator, poleward flow aloft, sinking around 30° latitude, and equatorward return flow at the surface. Additional cells (Ferrel and polar) form in mid- and high latitudes.[[5]](https://www.noaa.gov/jetstream/global/global-atmospheric-circulations)
- **Planetary rotation and Coriolis effect**: Without rotation, circulation would be simpler (direct meridional flow). Rotation deflects moving air (right in the Northern Hemisphere, left in the Southern), breaking single cells into multiple ones, generating zonal (east-west) winds like trade winds, westerlies, and jet streams, and enabling phenomena like equatorial superrotation on some exoplanets.[[2]](https://www.rmets.org/metmatters/global-atmospheric-circulation)[[6]](https://ar5iv.labs.arxiv.org/html/1306.2418)

On tidally locked or slowly rotating exoplanets (e.g., hot Jupiters), intense day-night heating contrasts can drive strong global-scale flows, eddies, and superrotating equatorial jets.[[7]](https://link.springer.com/article/10.1007/s11214-020-00758-8)

This solar-driven process is the dominant driver for terrestrial planets and many exoplanets with atmospheres. Internal heat can supplement it on some gas giants, but the question focuses on solar-dominated cases. Surface features, composition, and oceans can modulate details, but the root cause remains the Sun’s uneven heating."
31,Cato_the_Elder,anomalous,untiered,late,0.689,What year was the aqueduct that Cato the Elder's contemporary Appius Claudius Caecus built completed?,xai,grok-4.3,grok-4.3,6,"[{""query"": ""Aqua Appia completion year Appius Claudius Caecus""}, {""query"": ""Appius Claudius Caecus aqueduct built year completed""}, {""query"": ""Aqua Appia completed OR finished year OR date -begun""}, {""query"": ""Appius Claudius Caecus censor term length Aqua Appia completion""}, {""query"": ""\""Aqua Appia\"" \""completed in\"" OR \""finished in\"" OR \""completion\"" year OR BC""}]",50,3,completed,,"**312 BC (or 312 BCE).**[[1]](https://en.wikipedia.org/wiki/Roman_aqueduct)[[2]](https://en.wikipedia.org/wiki/Aqua_Appia)

The aqueduct in question is the Aqua Appia (Appian Aqueduct), Rome’s first, built by the censor Appius Claudius Caecus (c. 340–273 BC), a contemporary figure in early Roman Republican history alongside later figures like Cato the Elder. It was constructed during the Second Samnite War, primarily as an underground conduit (about 16.4–16.6 km / 11,190 paces long) sourcing water from springs east of Rome (near the Via Praenestina, in the area of the Alban Hills/Lucullus estate) and delivering it to the Forum Boarium near the Porta Trigemina.[[2]](https://en.wikipedia.org/wiki/Aqua_Appia)

Primary ancient sources (Livy, Frontinus’ *De Aquaeductu*, and others) and modern references date its construction and completion to 312 BC, the year Appius began his censorship (alongside co-censor Gaius Plautius Venox, who located the springs). Appius extended his term (normally ~18 months; he served roughly until 308/307 BC) to finish both this project and the Via Appia, allowing him to name the aqueduct after himself.[[3]](https://en.wikipedia.org/wiki/Appius_Claudius_Caecus)[[4]](https://penelope.uchicago.edu/encyclopaedia_romana/miscellanea/zed.html)

It is routinely listed among Roman aqueducts by their dates of completion (e.g., alongside the Anio Vetus in 272 BC). While some accounts note the work spanned part of his extended censorship, the conventional and most-cited year is 312 BC.[[1]](https://en.wikipedia.org/wiki/Roman_aqueduct)

(The aqueduct was later repaired or supplemented, e.g., by Quintus Marcius Rex c. 144–140 BC and Augustus c. 33 BC or 11–4 BC, but its original completion is firmly tied to 312 BC.)"
32,Eurasian_magpie,anomalous,untiered,late,0.7649,What tool-related behavior have Eurasian magpies demonstrated while living in captivity?,xai,grok-4.3,grok-4.3,9,"[{""query"": ""Eurasian magpie tool use captivity""}, {""query"": ""Pica pica tool-related behavior captive""}, {""query"": ""\""magpie\"" \""tool\"" captivity OR captive""}, {""query"": ""Eurasian magpie OR \""Pica pica\"" \""tool\"" OR \""tools\"" captivity OR captive OR cage""}, {""query"": ""\""using tools to clean their own cages\"" magpie OR magpies""}, {""query"": ""\""Pica pica\"" OR \""Eurasian magpie\"" OR \""European magpie\"" (tool OR tools) (cage OR cages OR captivity)""}, {""query"": ""\""clean their own cages\"" magpie""}, {""query"": ""magpie captivity tool use OR tool-using OR \""tool use\""""}]",85,1,completed,,"**In captivity, Eurasian magpies (Pica pica) have been reported to regularly use tools to clean their own cages, alongside other intelligent behaviors like counting for food rewards and imitating voices (though the cage-cleaning detail lacks a cited primary source in available references).**[[1]](https://en.m.wikipedia.org/wiki/European_magpie)[[2]](https://en.wikipedia.org/wiki/Eurasian_magpie)

Eurasian magpies are highly intelligent corvids, with brain-to-body ratios and nidopallium sizes comparable to great apes in relative terms. Their cognitive abilities include tool use (noted generally as part of their problem-solving repertoire), food caching with episodic-like memory, social cognition, and mirror self-recognition (one of the few non-mammalian species to demonstrate this).[[3]](https://journals.plos.org/plosbiology/article?id=10.1371/journal.pbio.0060202)[[4]](https://pmc.ncbi.nlm.nih.gov/articles/PMC2517622/)

Specific documented examples of tool-related behavior in captive Eurasian magpies are limited compared to species like New Caledonian crows. One review notes that, unlike some other corvids, they do not typically develop spontaneous tool use when hand-reared, though they readily manipulate objects.[[5]](https://www.researchgate.net/publication/26497953_Tool-related_Cognition_in_New_Caledonian_Crows) The Wikipedia entry on the species highlights the cage-cleaning observation as an example of their adaptability in captive settings.[[2]](https://en.wikipedia.org/wiki/Eurasian_magpie)

Note that much of the detailed experimental work on stick-tool use or similar behaviors in “magpies” in captivity refers to Australian magpies (Gymnorhina tibicen, an unrelated artamid species), which have shown pulling sticks to extract food and, in one case, re-using a stick to rake out rewards.[[6]](https://www.researchgate.net/publication/363561840_Preliminary_evidence_of_tool_use_in_an_Australian_magpie)[[7]](https://brill.com/view/journals/beh/159/15/article-p1483_5.xml) These do not apply to Eurasian magpies.

Overall, while Eurasian magpies demonstrate strong general cognitive flexibility that supports tool-related innovation in principle, the primary captive-specific report centers on using tools for self-maintenance (cage cleaning). More peer-reviewed studies would help clarify the extent and contexts of such behaviors."
33,Shepard_Fairey,normal,,lead,0.0592,"What street art campaign helped make Shepard Fairey's ""Obey Giant"" image globally recognized?",xai,grok-4.3,grok-4.3,5,"[{""query"": ""Shepard Fairey Obey Giant street art campaign""}, {""query"": ""What street art campaign made Shepard Fairey's Obey Giant globally recognized""}, {""query"": ""\""Obey Giant\"" campaign name OR title street art""}, {""query"": ""street art campaign \""Obey Giant\"" Shepard Fairey""}]",35,3,completed,,"**The “Andre the Giant Has a Posse” (or “Andre the Giant Has a Posse” sticker/poster) street art campaign (launched 1989), which evolved into the “Obey Giant”/“OBEY” version.**[[1]](https://www.wikipedia.org/wiki/OBEY_Giant)[[2]](https://en.wikipedia.org/wiki/Andre_the_Giant_Has_a_Posse)

Shepard Fairey created the original design in 1989 while at the Rhode Island School of Design (RISD) in Providence, Rhode Island. It featured a stylized black-and-white image of wrestler André the Giant (with his billed stats: 7′ 4″, 520 lb) plus the text “ANDRE THE GIANT HAS A POSSE,” initially as an in-joke for his skateboarding/hip-hop circle (“the Posse”). He and friends produced and clandestinely posted thousands of handmade paper/vinyl stickers, posters, and stencils across Providence and the eastern U.S., later spreading via skaters, graffiti artists, and an international network of collaborators. Fairey described it as “an experiment in phenomenology”—an image meant to spark curiosity, disrupt public space, and prompt people to question their surroundings without an explicit message.[[2]](https://en.wikipedia.org/wiki/Andre_the_Giant_Has_a_Posse)

By the mid-to-late 1990s, tens of thousands (eventually over a million) of these items had appeared worldwide. In 1996, Fairey simplified the face into an “icon” version and changed the text to “OBEY” (drawing on Orwellian and *They Live* influences), creating the “Obey Giant” image. This version, along with the ongoing guerrilla distribution of stickers, posters, stencils, and murals, turned it into a global phenomenon and cultural icon, later expanding into clothing, fine art, and other media. The original campaign’s viral spread and the image’s adaptability made the Obey Giant iteration instantly recognizable.[[3]](https://en.wikipedia.org/wiki/Shepard_Fairey)

It has been documented in films (e.g., Helen Stickler’s 1995 short *Andre the Giant Has a Posse* and the 2017 documentary *Obey Giant*), parodied widely, and cited as a foundational influence on modern street art and guerrilla marketing. Fairey has noted its spontaneous origins and organic growth through subcultures and word-of-mouth before the internet amplified it further.[[4]](https://www.openculture.com/2013/05/obey_the_giant.html)

(Note that sources sometimes use “Obey Giant” or “OBEY campaign” to refer to the overall project, but the specific named street-art initiative that launched and popularized the imagery is “Andre the Giant Has a Posse.”)"
34,USS_Iowa_(BB-61),normal,,lead,0.1499,What was the firing distance when USS Iowa (BB-61) began its attack on the Japanese group?,xai,grok-4.3,grok-4.3,6,"[{""query"": ""USS Iowa BB-61 firing distance attack Japanese group""}, {""query"": ""USS Iowa (BB-61) engagement Japanese ships firing range OR distance""}, {""query"": ""\""USS Iowa\"" \""firing distance\"" OR \""opened fire at\"" Japanese OR enemy ships""}, {""query"": ""USS Iowa Truk engagement firing range Katori OR Nowaki action report""}]",40,1,completed,,"**Approximately 14,500 yards (about 8.2 nautical miles or 13.2 km), on the light cruiser Katori (the lead/primary target in the Japanese group).**[[1]](https://en.wikipedia.org/wiki/USS_Iowa_(BB-61))[[2]](https://www.usni.org/magazines/naval-history-magazine/2021/april/target-truk-atoll)

This occurred during the surface sweep around Truk Atoll (Operation Hailstone) on 17 February 1944 (sometimes dated 16–17 February in accounts). After U.S. carrier aircraft damaged several Japanese ships fleeing the lagoon—including the training cruiser *Katori*, destroyers *Maikaze* and *Nowaki*, and a minesweeper—USS *Iowa* (with USS *New Jersey* and escorts) was sent to intercept.[[1]](https://en.wikipedia.org/wiki/USS_Iowa_(BB-61))

*Iowa* opened fire first with her forward 16-inch guns on the crippled *Katori* (initially misidentified in some reports). All eight salvos straddled the target; *Iowa* fired 46 16-inch HC shells and 124 5-inch rounds in total, contributing to *Katori*’s sinking (along with cruiser gunfire). This was *Iowa*’s only use of her main battery against an enemy warship in combat and her only sinking with 16-inch guns.[[1]](https://en.wikipedia.org/wiki/USS_Iowa_(BB-61))[[3]](https://www.navalgazing.net/Iowa-Part-2)

Action reports and accounts note the range at the moment of opening fire as 14,500 yards (some references cite ~17,400 yards when the target was first visually acquired or ranged earlier, with the range closing before firing commenced around 1530).[[4]](https://ibiblio.org/hyperwar/NHC/OpExpFastBBs/OpExpFastBBs.htm)[[2]](https://www.usni.org/magazines/naval-history-magazine/2021/april/target-truk-atoll)

*Iowa* later engaged the fleeing destroyer *Nowaki* at much longer ranges (initially ~35,700–37,500 yards, with salvos up to ~39,000 yards), achieving straddles but no hits as the target escaped at high speed.[[3]](https://www.navalgazing.net/Iowa-Part-2)[[3]](https://www.navalgazing.net/Iowa-Part-2)

This was the only surface gunnery action by an Iowa-class battleship against enemy warships in WWII. Distances are in yards, the standard U.S. Navy unit for naval gunnery ranges at the time. Slight variations in reported figures across sources reflect differences between initial radar/visual acquisition, the exact moment of the first salvo, or rounding in secondary accounts."
35,Nancy_Raven,anomalous,untiered,lead,0.302,"What surname did Nancy Raven sometimes use, adopted from her second marriage?",xai,grok-4.3,grok-4.3,3,"[{""query"": ""Nancy Raven surname second marriage""}, {""query"": ""\""Nancy Raven\"" married OR marriage OR surname OR wife""}]",19,1,completed,,"**Taylor (or Nancy Taylor / Nancy Chunestudy Taylor).**[[1]](https://en.wikipedia.org/wiki/Nancy_Raven)

Nancy Raven (c. 1868–1957), a Natchez storyteller and one of the last fluent speakers of the Natchez language, was born Nancy Chunestudy. She married four times and sometimes used the surname Taylor, taken from her second husband, Will Taylor (a Cherokee man who died in 1905). Her other married names included Waters and Raven (from her fourth husband, Albert Raven).[[1]](https://en.wikipedia.org/wiki/Nancy_Raven)

This is confirmed in biographical sources such as her Wikipedia entry and related references (e.g., work by linguist Mary R. Haas and anthropologist John R. Swanton). She is also listed under variants like Nancy Chunestudy Taylor Waters Raven."
36,Osijek_Airport,normal,,lead,0.328,What is the planned increase in check-in counter capacity at Osijek Airport as part of the terminal expansion?,xai,grok-4.3,grok-4.3,3,"[{""query"": ""Osijek Airport terminal expansion check-in counters capacity""}, {""query"": ""Osijek Airport expansion plans check-in counter increase""}, {""query"": ""\""Osijek\"" airport terminal expansion OR renovation check-in""}]",35,0,completed,,"**From 3 to 6 check-in counters (a doubling of the number, or an increase of 3 counters), as part of the €14.3 million terminal reconstruction and expansion project.**[[1]](https://www.exyuaviation.com/2025/05/osijek-airport-begins-terminal-overhaul.html)[[2]](https://www.exyuaviation.com/2026/02/photos-osijek-airport-overhaul-nears.html?m=1)

This is consistently reported across multiple sources, including EX-YU Aviation News, Glas Slavonije, Croatia Week, and local Croatian outlets, based on statements from Osijek Airport Director Tihomir Pejin and project details. The expansion (increasing the terminal area from roughly 2,200–2,173 m² to about 2,800–2,730 m², with completion targeted for around spring/summer 2026) aims to improve passenger flow, meet Schengen standards, and support higher capacity (with overall airport passenger handling targets rising significantly, e.g., toward 400,000 annually in some projections).[[3]](https://www.glas-slavonije.hr/osijek/2026/02/28/zgrada-osjecke-zracne-luke-u-boji-zlatnog-zita-putnicima-ce-reci-u-slavoniji-ste-748948/)[[4]](https://sib.net.hr/vijesti/osijek/1244816/opsezna-rekonstrukcija-vise-prostora-vise-putnika-nove-mogucnosti/)

Related upgrades include replacing multiple older baggage X-ray machines with one high-capacity unit (around 1,000 bags/hour) and expanding hand-luggage screening lanes (to 2–3), plus increasing self-service check-in kiosks (from 1 to 3 in some reports). The project does not appear to specify a different numerical or throughput-based “capacity” figure beyond the doubling of counters.[[1]](https://www.exyuaviation.com/2025/05/osijek-airport-begins-terminal-overhaul.html)

These details come from project announcements and progress updates (2025–early 2026); the airport has remained operational during works via temporary facilities."
37,Lumbar_spinal_stenosis,normal,,late,0.7513,What happens to workers with Lumbar spinal stenosis who undergo more than two major spinal surgeries within a compensation system?,xai,grok-4.3,grok-4.3,5,"[{""query"": ""lumbar spinal stenosis workers compensation multiple surgeries outcomes""}, {""query"": ""\""lumbar spinal stenosis\"" \""more than two\"" OR \""multiple\"" surgeries workers compensation OR \""workers comp\"" OR \""compensation system\""""}, {""query"": ""\""lumbar spinal stenosis\"" \""spinal surgeries\"" compensation OR \""workers' compensation\""""}, {""query"": ""US workers' compensation system \""two major spinal surgeries\"" lumbar stenosis""}]",43,1,completed,,"**In the US workers’ compensation system, workers with lumbar spinal stenosis (or similar spinal conditions) who undergo more than two major spinal surgeries face very poor prospects for returning to work, with the vast majority never returning to any form of gainful employment; additional surgeries beyond this threshold are also likely to worsen the patient’s condition rather than improve it.**[[1]](https://en.wikipedia.org/wiki/Lumbar_spinal_stenosis)[[1]](https://en.wikipedia.org/wiki/Lumbar_spinal_stenosis)

This threshold is noted in discussions of lumbar spinal stenosis outcomes, drawing on broader evidence about multiple spinal surgeries in compensation contexts. A related Canadian study by Waddell et al. similarly found that patients generally do not return to work after more than two major spinal surgeries.[[2]](https://topclassactions.com/lawsuit-settlements/employment-labor/spinal-patient-denied-insurance-benefits-sues-unum/)

### Key Context and Supporting Evidence
- **Workers’ compensation (WC) patients overall** tend to have worse outcomes after lumbar spine surgery (including for stenosis) compared to non-WC patients. This includes lower return-to-work (RTW) rates, higher costs, and poorer pain/functional results, often linked to factors like delayed surgery, psychosocial elements, or system incentives.[[3]](https://pmc.ncbi.nlm.nih.gov/articles/PMC8201180/)[[4]](https://www.sciencedirect.com/science/article/abs/pii/S1878875022002376)
- Studies on lumbar spinal stenosis surgery in WC populations show variable RTW success, with earlier intervention sometimes linked to better RTW and lower long-term costs, but multiple reoperations correlate with poorer prognosis.[[5]](https://2020tumorsection.cns.org/Assets/3afd93e7-5aaf-412d-b7cf-e87515d42235/637056124747570000/21699-pdf)
- Reoperation rates exist in WC lumbar spine cases, and failed back surgery or repeated interventions can lead to chronic issues.[[6]](https://www.youtube.com/watch?v=kGuYbN2w1Pk)

Note that these are general patterns from studies and summaries (including Wikipedia’s synthesis of evidence); individual outcomes vary based on factors like age, comorbidities, exact procedures (e.g., decompression vs. fusion), timing, and rehabilitation. Conservative treatments are often tried first, and surgery decisions involve weighing risks. This is not medical or legal advice—consult specialists or compensation authorities for specific cases. Data primarily reflects US systems but aligns with observations in other compensation frameworks."
38,Enzo_Ferrari,normal,,mid,0.5763,What type of accident ended Didier Pironi's racing career while driving for Enzo Ferrari's team?,xai,grok-4.3,grok-4.3,6,"[{""query"": ""Didier Pironi accident ended career Ferrari""}, {""query"": ""Didier Pironi crash type Hockenheim or Zolder""}, {""query"": ""\""type of accident\"" OR \""kind of accident\"" OR \""what accident\"" Pironi Ferrari OR Hockenheim""}, {""query"": ""Didier Pironi ended career accident type OR description""}, {""query"": ""\""What type of accident ended Didier Pironi's racing career\""""}]",40,1,completed,,"**A high-speed rear-end collision (or overtaking crash) in heavy rain/wet conditions during practice/qualifying at the 1982 German Grand Prix at Hockenheimring, which caused his Ferrari 126C2 to go airborne, flip, and crash nose-first, resulting in multiple severe leg fractures (and other injuries).**[[1]](https://en.wikipedia.org/wiki/Didier_Pironi)[[2]](https://www.motorsportmagazine.com/articles/single-seaters/f1/matt-bishop-how-many-f1-titles-would-didier-pironi-have-won/)

This occurred on Saturday, August 7, 1982 (during untimed/free practice while testing wet tires, after he had already secured pole on Friday). Pironi, leading the championship for Ferrari, was on a fast lap in poor visibility caused by heavy rain and spray from ground-effect cars. He attempted to pass Derek Daly’s slower Williams but hit the back of Alain Prost’s even slower Renault (hidden in the spray), launching the Ferrari roughly 30 meters into the air. It somersaulted/flipped multiple times before landing nose-first, tearing off the front end.[[1]](https://en.wikipedia.org/wiki/Didier_Pironi)[[3]](https://ge.globo.com/motor/formula-1/blogs/f1-memoria/post/2020/08/07/didier-pironi-teve-carreira-na-formula-1-encerrada-apos-brutal-acidente-em-hockenheim.ghtml)

Pironi suffered compound/complex fractures to both legs (especially the right), a broken left arm/foot, and other injuries; he was trapped in the wreckage for ~20–30 minutes and required extensive surgery (doctors worked to save his legs from amputation). The injuries were career-ending for Formula 1—he never raced an F1 car again, though he later attempted comebacks/tests and turned to powerboat racing (where he died in a 1987 accident). The crash was similar in dynamics to Gilles Villeneuve’s fatal Zolder accident earlier that year.[[4]](http://www.motorsportmemorial.org/focus.php?db=b&n=187)[[5]](https://www.motorsportweek.com/2014/08/13/9217/)

This left him as 1982 runner-up (despite missing the final races) behind Keke Rosberg. Sources consistently describe it as the incident that abruptly ended his promising F1 career with Ferrari."
39,Kay_Tagal_Kang_Hinintay,normal,,mid,0.416,What subject did someone teach the main character in Kay Tagal Kang Hinintay?,xai,grok-4.3,grok-4.3,7,"[{""query"": ""Kay Tagal Kang Hinintay main character teacher subject""}, {""query"": ""\""Kay Tagal Kang Hinintay\"" plot summary OR synopsis teacher OR subject""}, {""query"": ""Kay Tagal Kang Hinintay what subject taught""}, {""query"": ""Kay Tagal Kang Hinintay 1998 film plot summary teacher OR subject OR professor""}, {""query"": ""\""Yuri\"" \""Dimitri\"" \""law\"" OR professor \""Kay Tagal Kang Hinintay\""""}, {""query"": ""\""taught him law\"" OR \""professor\"" \""Kay Tagal Kang Hinintay\""""}]",46,2,completed,,"**Law (as a professor teaching Yuri/Andrei in the 2002–2003 ABS-CBN TV series).**[[1]](https://en.wikipedia.org/wiki/Kay_Tagal_Kang_Hinintay)[[1]](https://en.wikipedia.org/wiki/Kay_Tagal_Kang_Hinintay)

“Kay Tagal Kang Hinintay” most commonly refers to the Philippine teleserye (also known as *The Long Wait*), a long-running romantic drama starring Lorna Tolentino (as twins Lorrea/Lorrinda) and John Lloyd Cruz (as Yuri Orbida/Andrei Guinto, a central character and the lost son). In the plot, Dimitri Mijares (played by Johnny Delgado) serves as Yuri’s second foster father and professor; he educates Yuri in law school and is explicitly described as having “taught him law.” Yuri later becomes a law lecturer himself.[[1]](https://en.wikipedia.org/wiki/Kay_Tagal_Kang_Hinintay)[[1]](https://en.wikipedia.org/wiki/Kay_Tagal_Kang_Hinintay)

This detail appears in the series’ Wikipedia synopsis and cast descriptions, as well as fan recaps and discussions. The 1998 romantic film of the same name (starring Judy Ann Santos and Rico Yan) has no comparable plot element involving teaching or a professor.[[2]](https://en.wikipedia.org/wiki/Kay_Tagal_Kang_Hinintay_(film))

The phrasing matches the TV series’ storyline most closely."
40,2000–01_Derby_County_F.C._season,normal,,late,0.7897,How many appearances did Horacio Carbonari make for Derby County F.C. during the 2000–01 Derby County F.C. season?,xai,grok-4.3,grok-4.3,4,"[{""query"": ""Horacio Carbonari Derby County 2000-01 appearances""}, {""query"": ""Horacio Carbonari Derby County statistics 2000/01 season""}, {""query"": ""Horacio Carbonari 2000-01 total appearances Derby County""}]",30,2,completed,,"**31 appearances (27 in the Premier League, plus 3 in the FA Cup and 1 in the League Cup; all as a starter, with 1 goal in the league).**[[1]](https://en.wikipedia.org/wiki/2000%E2%80%9301_Derby_County_F.C._season)[[2]](https://11v11.com/players/horacio-carbonari-164/)

This is confirmed across multiple sources for the 2000–01 season (Derby’s 17th-place Premier League campaign, with exits in the FA Cup fourth round and League Cup fourth round):
- Wikipedia’s season page lists him with 31 starts across all competitions in the “Starting 11” summary.[[3]](https://en.wikipedia.org/wiki/2000–01_Derby_County_F.C._season)
- 11v11.com breaks it down as 27 Premier League + 3 FA Cup + 1 League Cup (total 31 apps, 0 as a substitute, 1 goal).[[4]](https://www.11v11.com/teams/derby-county/tab/players/season/2001/)[[2]](https://11v11.com/players/horacio-carbonari-164/)
- League-only figures are consistently 27 appearances (e.g., FBref: 27 starts, 2,354 minutes; Sporting Heroes and kicker.de also list 27 league apps).[[5]](https://fbref.com/en/players/97d65d43/)[[6]](https://www.sporting-heroes.net/football/derby-county-fc/horacio-carbonari-7090/league-appearances_a13416/)

These cover all senior competitive matches; he did not feature in other competitions that season. Note that some sources focus only on league stats, but the full season total (including cups) is 31."
41,Filipino_cuisine,normal,,mid,0.5795,What spices and seasonings are combined with vinegar in Filipino cuisine's paksiw-based vegetable preparations?,xai,grok-4.3,grok-4.3,6,"[{""query"": ""paksiw vegetable Filipino cuisine ingredients spices seasonings vinegar""}, {""query"": ""paksiw na gulay recipe spices""}, {""query"": ""\""paksiw\"" vegetables OR gulay vinegar spices OR seasonings""}, {""query"": ""paksiw na gulay recipe ingredients spices""}, {""query"": ""Ilocano paksiw vegetables ingredients bugguong OR bagoong""}]",55,1,completed,,"**Garlic, ginger (often crushed or sliced), onions or shallots, whole black peppercorns, finger chilies (siling haba or similar long green chilies), fish sauce (patis) or salt, and sometimes bay leaves (laurel), oil, sugar, or fermented fish sauce/paste (bugguóng or bagoong isda, especially in Ilocano versions).**[[1]](https://en.wikipedia.org/wiki/Paksiw)[[2]](https://www.bitemybun.com/paksiw-na-bangus-recipe/)

Paksiw is a Filipino cooking method meaning “to cook and simmer in vinegar,” producing a tangy, preserved-style dish. While most associated with fish (e.g., *paksiw na isda* or *paksiw na bangus*) or meat, vegetables are commonly prepared this way (as *paksiw na gulay*) or added to fish/meat versions. Typical vegetables include eggplant (*talong*), bitter melon/gourd (*ampalaya*), okra, banana blossom (*puso ng saging*), and sometimes others like taro or saluyot (in Ilocano styles).[[1]](https://en.wikipedia.org/wiki/Paksiw)[[3]](https://mamasitas.com/recipes/paksiw-na-gulay/)

These seasonings are simmered with vinegar (often cane, coconut, or sugarcane vinegar like *sukang Iloko*), water, and the vegetables. Key patterns from recipes include:

- **Aromatics/base**: Garlic (crushed/sliced), ginger (crushed, sliced, or pounded—sometimes emphasized in “ginger-spiced” mixes), and onion/shallots. These build flavor and are often layered or added early.[[2]](https://www.bitemybun.com/paksiw-na-bangus-recipe/)[[4]](https://filipinochow.com/recipes/paksiw-na-isdang-tanigue/)
- **Spices for heat and aroma**: Whole black peppercorns and finger chilies (*siling haba* or *siling pangsigang*), added for mild heat and fragrance. Bay leaves appear in some (especially meat-influenced or regional) versions.[[5]](https://www.yummy.ph/lessons/cooking/best-paksiw-recipes-a00249-20190612-lfrm)[[6]](https://www.yummy.ph/recipe/paksiw-na-isda-recipe)
- **Seasoning/umami**: Fish sauce (*patis*), salt, or (in Ilocano *paksiw*) *bugguóng* (fermented fish sauce/paste) alongside the vinegar. Oil is frequently added for richness and to balance the sourness. Sugar is occasional for balance.[[1]](https://en.wikipedia.org/wiki/Paksiw)[[4]](https://filipinochow.com/recipes/paksiw-na-isdang-tanigue/)
- **Vinegar itself**: The star ingredient, often Philippine cane or coconut vinegar; some use pre-spiced mixes (e.g., ginger-spiced *paksiw* vinegar blends containing ginger and other aromatics).[[3]](https://mamasitas.com/recipes/paksiw-na-gulay/)[[7]](https://panlasangpinoy.com/filipino-vinegar-a-home-cooks-guide/)

**Examples**:
- A commercial *paksiw na gulay* recipe features banana blossom, bitter gourd, eggplant, and okra simmered with crushed ginger, water, oil, a ginger-spiced *paksiw* vinegar mix, and *siling haba*.[[3]](https://mamasitas.com/recipes/paksiw-na-gulay/)
- Ilocano vegetable *paksiw* typically uses sugarcane vinegar with ginger, onion/shallots, garlic, oil, and *bugguóng*, plus vegetables like okra, eggplant, bitter melon, and green chilies.[[1]](https://en.wikipedia.org/wiki/Paksiw)
- Fish *paksiw* with vegetables (common) adds similar elements: garlic, ginger, onion, peppercorns, chilies, *patis*/salt, and oil.[[2]](https://www.bitemybun.com/paksiw-na-bangus-recipe/)[[8]](https://www.positivelyfilipino.com/magazine/the-happy-home-cook-paksiw-na-bangus-milkfish-stewed-in-vinegar)

Preparation usually involves bringing the vinegar, water, and seasonings to a boil or simmer (without stirring too much early on to avoid bitterness from certain veggies), then adding vegetables to cook until tender. Regional variations exist (e.g., more ginger emphasis or coconut vinegar in some areas), and spiced vinegars like *sinamak* (infused with chilies, garlic, ginger, onions) can enhance dipping or cooking.[[9]](https://guide.michelin.com/th/en/article/features/the-philippine-condiment-table-lessons-on-sauce-culture)

These combinations create the signature sour, savory, aromatic profile of paksiw while preserving or tenderizing the vegetables. Recipes vary by household or region, but the core vinegar + garlic/ginger/peppercorns/chilies/salt-patis grouping is consistent."
42,2020_Nice_stabbing,anomalous,untiered,late,0.7968,What did Turkey say could not justify the killings during the 2020 Nice stabbing?,xai,grok-4.3,grok-4.3,14,"[{""query"": ""Turkey reaction 2020 Nice stabbing""}, {""query"": ""Turkey \""Nice\"" attack OR stabbing \""justify\"" OR \""justification\"" OR \""cannot justify\""""}, {""query"": ""\""Turkey\"" \""Nice\"" (church OR stabbing) (2020) (statement OR said OR response)""}, {""query"": ""Turkey \""could not justify\"" OR \""cannot justify\"" OR \""no reason could\"" Nice OR stabbing OR attack""}, {""query"": ""\""Turkey\"" Nice \""cartoons\"" justify OR justification""}, {""query"": ""\""No reason could legitimise or excuse killing someone or violence\"" Turkey""}, {""query"": ""T\u00fcrkiye D\u0131\u015fi\u015fleri Bakanl\u0131\u011f\u0131 Nice sald\u0131r\u0131 OR sald\u0131r\u0131 \""gerek\u00e7e\"" OR \""sebep\"" OR \""hakl\u0131\""""}, {""query"": ""\""What did Turkey say could not justify the killings\"" Nice""}, {""query"": ""\""Turkey\"" \""Nice\"" \""cartoons\"" OR \""cartoon\"" \""justify\"" OR \""justified\"" OR \""excuse\"" OR \""legitimise\"" OR \""legitimize\""""}]",80,1,completed,,"**No reason (or “nothing” / “hiçbir sebep”); specifically, Turkey’s Foreign Ministry stated that “no reason could legitimise or excuse killing someone or violence” (or similar wording: “Hiçbir sebep, bir insanın canına kıyılmasını mazur gösteremez, şiddeti meşrulaştıramaz”).**[[1]](https://en.wikipedia.org/wiki/2020_Nice_stabbing)[[2]](https://www.aljazeera.com/news/2020/10/29/how-the-world-reacted-to-deadly-nice-attack)

This came in an official statement on 29 October 2020 condemning the Islamist terrorist stabbing attack at Notre-Dame Basilica in Nice, France (which killed three people). The ministry called the attack “savage,” noted that the perpetrators clearly lacked religious, humane, or moral values, and expressed solidarity with France (a country that had also suffered terrorism).[[3]](https://www.bbc.com/turkce/haberler-dunya-54734158)

The statement was issued amid heightened Turkey-France tensions over French President Emmanuel Macron’s defense of free speech and the republication of cartoons depicting the Prophet Muhammad (following the earlier murder of teacher Samuel Paty). Turkey had called for a boycott of French goods, but its condemnation of the Nice attack was unequivocal and general—no specific grievance (such as the cartoons) was presented as a possible justification.[[1]](https://en.wikipedia.org/wiki/2020_Nice_stabbing)

Similar phrasing appeared in English-language reporting (e.g., “There can be no reason to excuse the killing of a human being and justify violence”). Other Turkish officials, including presidential spokesman İbrahim Kalın, also strongly condemned the attack without qualification.[[4]](https://bianet.org/haber/turkiye-den-fransa-daki-bicakli-saldiriya-kinama-233571)

This aligns with the broader international reaction, which universally rejected any justification for the violence."
43,Bloomberg_L.P.,normal,,mid,0.5119,What criteria does Bloomberg L.P. use to evaluate countries in its annual innovation ranking?,xai,grok-4.3,grok-4.3,6,"[{""query"": ""Bloomberg Innovation Index criteria countries""}, {""query"": ""Bloomberg L.P. annual innovation ranking evaluation criteria""}, {""query"": ""\""Bloomberg Innovation Index\"" methodology OR criteria OR factors""}]",35,0,completed,,"**Bloomberg L.P.’s Bloomberg Innovation Index (also referred to as the Bloomberg Innovation Quotient in some earlier iterations) ranks countries (typically around 60 nations with sufficient data) based on their innovation performance, primarily through seven core metrics or categories that aggregate dozens of underlying indicators and data points from various sources.**[[1]](https://worldpopulationreview.com/country-rankings/most-innovative-countries)[[1]](https://worldpopulationreview.com/country-rankings/most-innovative-countries)

These metrics focus on inputs (like R&D and education) and outputs (like patents and high-tech activity) relevant to economic and technological innovation. The exact sub-indicators, data sources (often 200+), weighting, and normalization can vary slightly by edition or evolve over time, but the seven categories have remained consistent in recent descriptions.[[2]](https://piernext.portdebarcelona.cat/en/economy/how-do-you-measure-a-countrys-innovation/)[[2]](https://piernext.portdebarcelona.cat/en/economy/how-do-you-measure-a-countrys-innovation/)

The seven metrics are commonly described as:

- **R&D Intensity**: R&D expenditure as a percentage of GDP (often weighted around 20% in detailed methodologies).[[3]](https://nebula.wsimg.com/58b44708e199ef67f42288f6190a0c96?AccessKeyId=39A2DC689E4CA87C906D&disposition=0&alloworigin=1)
- **Manufacturing Value-Added / Capability** (or gross value added by manufacturing): Manufacturing’s contribution to GDP, plus the share of high R&D-intensity products (e.g., aerospace, pharmaceuticals, electronics) in manufactured exports (often ~20%).[[3]](https://nebula.wsimg.com/58b44708e199ef67f42288f6190a0c96?AccessKeyId=39A2DC689E4CA87C906D&disposition=0&alloworigin=1)
- **Productivity**: GDP per employed person, per worker, or per hour worked (~10%).[[3]](https://nebula.wsimg.com/58b44708e199ef67f42288f6190a0c96?AccessKeyId=39A2DC689E4CA87C906D&disposition=0&alloworigin=1)
- **High-Tech Density**: The proportion or density of high-tech public companies (e.g., in aerospace/defense, biotech, software, semiconductors, renewables) relative to total listed companies or global totals (~10%).[[3]](https://nebula.wsimg.com/58b44708e199ef67f42288f6190a0c96?AccessKeyId=39A2DC689E4CA87C906D&disposition=0&alloworigin=1)
- **Researcher Concentration**: Number of R&D researchers, professionals, or scientists (including PhD students) per million people (~20%).[[3]](https://nebula.wsimg.com/58b44708e199ef67f42288f6190a0c96?AccessKeyId=39A2DC689E4CA87C906D&disposition=0&alloworigin=1)
- **Tertiary Efficiency** (or postsecondary/tertiary education): Enrollment and graduation rates in higher education (especially science, engineering, manufacturing, and construction fields), plus new graduates as a share of the workforce (~10%).[[3]](https://nebula.wsimg.com/58b44708e199ef67f42288f6190a0c96?AccessKeyId=39A2DC689E4CA87C906D&disposition=0&alloworigin=1)
- **Patent Activity**: Patent filings/applications, grants (as a percentage of applications or worldwide totals), and resident filings relative to R&D spending (~10%).[[3]](https://nebula.wsimg.com/58b44708e199ef67f42288f6190a0c96?AccessKeyId=39A2DC689E4CA87C906D&disposition=0&alloworigin=1)

**Methodological notes from available sources** (e.g., an earlier detailed “Innovation Quotient” breakdown): Countries are typically scored on a 0–100% scale per factor (requiring data for at least five of the seven), with a weighted average computed (sometimes over multiple years for stability). Only countries with sufficient multi-year data qualify. Scores may be normalized (e.g., top country ~140 on an IQ-like scale). Earlier versions (e.g., ~2015) used six equally weighted metrics with some overlap in sub-factors.[[3]](https://nebula.wsimg.com/58b44708e199ef67f42288f6190a0c96?AccessKeyId=39A2DC689E4CA87C906D&disposition=0&alloworigin=1)[[4]](https://www.bloomberg.com/graphics/2015-innovative-countries)

Secondary sources like World Population Review and others consistently reference these seven areas for the index’s country evaluations.[[1]](https://worldpopulationreview.com/country-rankings/most-innovative-countries)[[1]](https://worldpopulationreview.com/country-rankings/most-innovative-countries) Note that Bloomberg’s own detailed public methodology documents for the latest country rankings are limited (much of the index appears in news/graphics or aggregated analyses), and the index is distinct from the separate WIPO Global Innovation Index (which uses different pillars like institutions, human capital, and outputs).[[1]](https://worldpopulationreview.com/country-rankings/most-innovative-countries)

Rankings emphasize advanced or data-rich economies and have historically highlighted leaders like South Korea, Singapore, Switzerland, Germany, and others in recent editions. For the most current details on a specific year’s exact weights or data, refer to Bloomberg’s professional or news platforms, as public secondary summaries provide the primary accessible overview."
44,Domestic_violence,normal,,mid,0.3938,What is the primary goal of domestic violence behaviors toward the victim and family?,xai,grok-4.3,grok-4.3,3,"[{""query"": ""primary goal of domestic violence behaviors power and control""}, {""query"": ""purpose of abusive behaviors in domestic violence UK""}, {""query"": ""Duluth model domestic violence primary goal""}]",30,0,completed,,"**The primary goal of domestic violence (also called domestic abuse) behaviors is to gain and maintain power and control over the victim and, often, the broader family unit.**[[1]](https://health.clevelandclinic.org/power-and-control-wheel)

This is not typically driven by isolated anger, stress, or substance issues alone, but by a deliberate pattern of coercive tactics designed to dominate, intimidate, isolate, and subordinate the victim (and sometimes other family members, such as children). The abuser seeks to make the victim dependent, fearful, and compliant, reinforcing a power imbalance.[[2]](https://www.un.org/en/coronavirus/what-is-domestic-abuse)

### Key Framework: The Power and Control Wheel
This widely used model (from the Duluth Model, developed from survivors’ experiences) illustrates how various abusive tactics—physical, sexual, emotional/psychological, economic/financial, isolation, intimidation, coercion/threats, minimizing/denying/blaming, using children, and others—revolve around the central goal of **power and control**. Physical or sexual violence often reinforces these other behaviors to instill fear and ensure ongoing dominance.[[3]](https://www.respondinc.org/blog/the-role-of-power-and-control-in-domestic-violence/)

- **Toward the victim**: Tactics aim to erode independence, self-worth, and support networks (e.g., controlling finances, monitoring movements, gaslighting, threats, or isolation from friends/family).
- **Toward the family**: Behaviors may extend to children or relatives (e.g., threats against them, using them as leverage, or controlling the household) to further entrap the primary victim or assert dominance over the entire family dynamic.[[4]](https://www.cps.gov.uk/types-crime/violence-against-women-and-girls/domestic-abuse/what-domestic-abuse)

This aligns with definitions in the UK’s Domestic Abuse Act 2021 and guidance from the Crown Prosecution Service (CPS), which describe domestic abuse as a pattern of behavior used to gain or maintain power and control over an intimate partner or family member. Controlling or coercive behavior is explicitly recognized as a form of abuse intended to subordinate, frighten, or harm the victim.[[4]](https://www.cps.gov.uk/types-crime/violence-against-women-and-girls/domestic-abuse/what-domestic-abuse)

Abuse is a choice rooted in entitlement and the belief that the abuser has the right to control others. It is a pattern (not a one-off incident) that often escalates and can include non-physical tactics that leave no visible marks but cause profound harm.[[5]](https://opdv.ny.gov/learn-more-about-domestic-violence)

If this question relates to personal experience or concern for someone else, resources like the UK’s National Domestic Abuse Helpline (0808 2000 247, run by Refuge) or local services can provide confidential support. Understanding these dynamics is key to recognizing abuse and seeking safety."
45,Bronson_Koenig,anomalous,untiered,lead,0.1022,What state title achievement did Bronson Koenig accomplish during his senior year?,xai,grok-4.3,grok-4.3,3,"[{""query"": ""Bronson Koenig senior year state title achievement""}, {""query"": ""Bronson Koenig high school state championship""}]",20,1,completed,,"**He led Aquinas High School (La Crosse, Wisconsin) to the WIAA Division 3 state basketball championship (their second title) in 2013, scoring 16 points in the title game.**[[1]](https://en.wikipedia.org/wiki/Bronson_Koenig)[[1]](https://en.wikipedia.org/wiki/Bronson_Koenig)

As a senior, Koenig averaged 17.0 points and 4.4 assists per game (shooting 45.5% from three-point range) and was named the 2013 Wisconsin Player of the Year by the Associated Press. He had previously helped the team win the 2011 Division 3 title as a sophomore.[[1]](https://en.wikipedia.org/wiki/Bronson_Koenig)[[2]](https://www.wissports.net/news_article/show/904058)

This is confirmed across sources like his Wikipedia page, Wisconsin Badgers athletics profiles, and contemporary reports on his high school career."
46,Mars_Science_Laboratory,normal,,late,0.9287,What was the distance between the Mars Science Laboratory rover's actual touchdown point and the intended center of its target landing zone?,xai,grok-4.3,grok-4.3,4,"[{""query"": ""Mars Science Laboratory Curiosity rover actual touchdown point distance from intended landing zone center""}, {""query"": ""Curiosity rover landing ellipse offset distance""}, {""query"": ""Curiosity rover landing target coordinates""}]",25,1,completed,,"**Approximately 2.4 km (or more precisely ~2.39 km / 2.385 km; about 1.5 miles), well within the targeted landing ellipse.**[[1]](https://agupubs.onlinelibrary.wiley.com/doi/10.1002/2014JE004622)[[2]](https://science.nasa.gov/resource/zeroing-in-on-rovers-landing-site/)

This refers to NASA’s Curiosity rover (Mars Science Laboratory mission), which landed on August 6, 2012 (UTC), at Bradbury Landing in Gale Crater. Its actual touchdown coordinates were approximately 4.5895°S, 137.4417°E. The intended target/ellipse center was near 4.5965°S, 137.4019°E.[[3]](https://ntrs.nasa.gov/api/citations/20130010129/downloads/20130010129.pdf)

- Multiple NASA sources and reports describe the miss distance as ~2.4 km (one-and-a-half miles) or “about 2.2–2.4 km” from the target center, noting it was a near-perfect guided entry well inside the ~19–20 km × ~7 km 3σ landing ellipse.[[4]](https://www.bbc.com/news/science-environment-19219782)[[5]](https://en.wikipedia.org/wiki/Curiosity_(rover))
- A detailed post-flight analysis in the *Journal of Geophysical Research: Planets* gives 2.39 km from the final landing ellipse center (about 0.75σ within Monte Carlo simulations).[[1]](https://agupubs.onlinelibrary.wiley.com/doi/10.1002/2014JE004622)
- Other technical reconstructions cite ~2.385 km or ~2.2 km, attributing the small offset mainly to a late bank reversal and possible tailwinds.[[3]](https://ntrs.nasa.gov/api/citations/20130010129/downloads/20130010129.pdf)[[6]](http://hdl.handle.net/2060/20130009144)

The landing was considered highly successful, demonstrating the first guided entry at Mars and far exceeding prior mission accuracy. The rover’s precise location was later confirmed via HiRISE imagery from Mars Reconnaissance Orbiter."
47,Telegraphy,normal,,lead,0.2797,What type of display did the Telegraphy system developed by Cooke and Wheatstone utilize?,xai,grok-4.3,grok-4.3,4,"[{""query"": ""Cooke and Wheatstone telegraph system display type""}, {""query"": ""Cooke-Wheatstone telegraph needle display""}, {""query"": ""\""Cooke and Wheatstone\"" display OR indicator OR dial OR needle type OR kind""}]",22,1,completed,,"**A needle (or multi-needle) display / needle telegraph indicator (with needles pointing to letters on a board or dial).**[[1]](https://en.wikipedia.org/wiki/Cooke_and_Wheatstone_telegraph)[[1]](https://en.wikipedia.org/wiki/Cooke_and_Wheatstone_telegraph)

The Cooke-Wheatstone telegraph (patented 1837, first commercial use ~1838–1839 on British railways) was an early electrical telegraph system invented by William Fothergill Cooke and Charles Wheatstone. Its receiver used one or more (typically 1–5) pivoted magnetic needles, each deflected clockwise or counterclockwise by electromagnetic coils energized by current in the telegraph wires.[[1]](https://en.wikipedia.org/wiki/Cooke_and_Wheatstone_telegraph)

- In the original five-needle version, pairs of needles pointed to specific letters at the intersections of a diamond-shaped grid on a board (or dial), allowing direct visual reading of up to 20 letters without needing to learn a code.[[1]](https://en.wikipedia.org/wiki/Cooke_and_Wheatstone_telegraph)
- Later two-needle and one-needle versions reduced the number of wires needed and often relied on reading the sequence/direction of needle deflections directly (sometimes without the letter board), though this required operator training.[[1]](https://en.wikipedia.org/wiki/Cooke_and_Wheatstone_telegraph)

This visual needle-based approach was a key selling point for early users, as it was intuitive and avoided complex codes (unlike later systems such as Morse). The system remained in use on British railways into the 1930s. It is often called a “needle telegraph” in historical sources to distinguish it from sounder, printer, or other telegraph types.[[1]](https://en.wikipedia.org/wiki/Cooke_and_Wheatstone_telegraph)

(Note: Some instruments are also described as having a “dial,” but the core display mechanism was the set of deflecting needles indicating positions on that dial/board.)"
48,Al_Green,normal,,mid,0.345,What personal factors contributed to Al Green's decline in record sales?,xai,grok-4.3,grok-4.3,5,"[{""query"": ""Al Green decline in record sales personal factors""}, {""query"": ""Al Green religious conversion impact on career""}, {""query"": ""Al Green girlfriend grits incident effect on music""}, {""query"": ""Al Green The Belle Album sales decline reasons""}]",45,1,completed,,"**Al Green's commercial peak in the early 1970s (with hits like ""Let's Stay Together,"" ""I'm Still in Love with You,"" and others on Hi Records, produced with Willie Mitchell) gave way to declining secular R&B sales by the mid-to-late 1970s, driven largely by personal turmoil, a deepening religious conversion, and a resulting shift toward gospel music.**[[1]](https://en.wikipedia.org/wiki/Al_Green)[[1]](https://en.wikipedia.org/wiki/Al_Green)

By the release of *The Belle Album* (1977), sales had already plummeted, with his final Hi Records album *Truth n' Time* (1978) failing to chart highly. He then pivoted more fully to gospel recordings starting around 1980.[[1]](https://en.wikipedia.org/wiki/Al_Green)[[1]](https://en.wikipedia.org/wiki/Al_Green)

### Religious Awakening and Internal Conflict
Green experienced a born-again spiritual awakening around 1973 (following a performance at Disneyland, in a hotel room in Anaheim), which he described as a profound, life-changing event involving feelings of electricity, glowing sensations, and a direct call from God.[[2]](https://www.freep.com/story/entertainment/music/2016/12/16/soul-call-al-green-marks-40-years-church-pastor/95146078/)[[3]](https://www.hitsdailydouble.com/news/feature/al-green-2025-05-23) This created ongoing tension between his sensual, secular soul persona and his growing desire to serve as a minister. He founded the Full Gospel Tabernacle church in Memphis in 1976 and was ordained, but initially tried to balance both worlds.[[1]](https://en.wikipedia.org/wiki/Al_Green)

This ambivalence showed in his music (e.g., themes in *The Belle Album* addressing the pull between earthly love and devotion to God) and contributed to less consistent or commercially appealing output as he moved away from the proven Mitchell/Hi formula. Critics and observers noted his personal issues and ministerial aspirations as key factors in the sales drop.[[1]](https://en.wikipedia.org/wiki/Al_Green)[[1]](https://en.wikipedia.org/wiki/Al_Green) He eventually concentrated on pastoring and gospel albums (e.g., *The Lord Will Make a Way* in 1980 on Myrrh Records), which succeeded in the gospel market but lacked the broad pop/R&B crossover appeal of his earlier work.[[1]](https://en.wikipedia.org/wiki/Al_Green)

### The 1974 ""Grits Incident"" as a Major Catalyst
A highly publicized trauma accelerated his shift. On October 18, 1974, his ex-girlfriend Mary Woodson (who was married with children and had left her family for him) poured a pot of boiling grits on Green while he was in the bathroom at his Memphis home, causing second-degree burns on his back, stomach, and arms that required hospitalization and skin grafts. She then fatally shot herself with his gun, leaving a suicide note.[[4]](https://americansongwriter.com/the-meaning-behind-al-greens-tragic-tired-of-being-alone/)[[4]](https://americansongwriter.com/the-meaning-behind-al-greens-tragic-tired-of-being-alone/)[[1]](https://en.wikipedia.org/wiki/Al_Green)

Green has downplayed it as the sole cause of his conversion (emphasizing the earlier 1973 experience), but it was widely viewed as a traumatic ""wake-up call"" that crystallized his need for change and distanced him from his previous lifestyle.[[4]](https://americansongwriter.com/the-meaning-behind-al-greens-tragic-tired-of-being-alone/)[[4]](https://americansongwriter.com/the-meaning-behind-al-greens-tragic-tired-of-being-alone/) He cited it as prompting reflection and a turn toward ministry. The incident damaged his public image amid already mounting personal chaos and coincided with the start of noticeable sales slippage.[[3]](https://www.hitsdailydouble.com/news/feature/al-green-2025-05-23)

### Additional Personal Turmoil and Stress
Green's rise involved significant stress, mental and emotional anguish, and chaotic relationships. Other incidents included:
- A 1974 civil lawsuit from his former secretary Linda Wills alleging assault and battery (settled out of court for $100,000 after an initial dismissal).[[4]](https://americansongwriter.com/the-meaning-behind-al-greens-tragic-tired-of-being-alone/)[[1]](https://en.wikipedia.org/wiki/Al_Green)
- Being held hostage at gunpoint by a cousin shortly after the grits incident.[[1]](https://en.wikipedia.org/wiki/Al_Green)[[1]](https://en.wikipedia.org/wiki/Al_Green)
- Later admissions of domestic violence in his marriage to Shirley Kyles (1977–1983 divorce proceedings), including physical abuse.[[5]](https://www.youtube.com/watch?v=6QJx8Y7O4Qo)[[1]](https://en.wikipedia.org/wiki/Al_Green)

These, combined with the pressures of fame, contributed to the ""personal issues"" cited in accounts of his declining commercial fortunes.[[1]](https://en.wikipedia.org/wiki/Al_Green)[[1]](https://en.wikipedia.org/wiki/Al_Green)

### Further Turning Point: The 1979 Stage Fall
In 1979, Green fell off the stage during a performance in Cincinnati, sustaining injuries he interpreted as another divine message. This prompted him to fully focus on pastoring his church and gospel music, solidifying the end of his primary secular recording phase.[[1]](https://en.wikipedia.org/wiki/Al_Green)[[1]](https://en.wikipedia.org/wiki/Al_Green)

In summary, Green's decline in secular record sales stemmed from a combination of a profound religious conversion creating internal conflict, the traumatic 1974 grits incident as a catalyst for life change, other relational and legal turmoil adding stress and distraction, and his eventual full pivot to gospel—which, while artistically and spiritually fulfilling, did not sustain the same mainstream commercial success. He later returned sporadically to secular music with mixed results. Sources like his Wikipedia entry and biographical accounts consistently tie these personal elements to the commercial shift."
49,Personal_life_of_Osama_bin_Laden,normal,,late,0.7663,What types of videos were discovered on the hard drive belonging to the subject of Personal life of Osama bin Laden?,xai,grok-4.3,grok-4.3,6,"[{""query"": ""videos discovered on hard drive Osama bin Laden""}, {""query"": ""\""Personal life of Osama bin Laden\"" hard drive videos""}, {""query"": ""Osama bin Laden compound raid hard drive contents videos""}, {""query"": ""Osama bin Laden hard drive pornographic videos""}, {""query"": ""Osama bin Laden Abbottabad hard drive animated films""}]",42,2,completed,,"**Various entertainment, personal/family, propaganda, and reportedly pornographic videos (plus related media files) were found on hard drives and other digital devices seized from Osama bin Laden’s Abbottabad compound during the 2011 U.S. raid.**[[1]](https://en.wikipedia.org/wiki/Personal_life_of_Osama_bin_Laden)[[1]](https://en.wikipedia.org/wiki/Personal_life_of_Osama_bin_Laden)

These details are prominently discussed in the Wikipedia article “Personal life of Osama bin Laden,” which references files recovered from his hard drive(s) in Pakistan. Note that the materials may have belonged to other compound residents (including family members) or prior device owners rather than bin Laden personally, and the CIA has withheld or not fully detailed some items (e.g., for copyright or other reasons).[[1]](https://en.wikipedia.org/wiki/Personal_life_of_Osama_bin_Laden)

Key types mentioned across reliable reports and the declassified materials include:

- **Animated films and children’s movies**: Examples include *Antz*, *Cars*, *Chicken Little*, *The Three Musketeers*, *Ice Age: Dawn of the Dinosaurs*, *Shrek Forever After*, *Home on the Range*, and *Batman: Gotham Knight*.[[2]](https://www.bbc.com/news/world-asia-41840864)[[3]](https://time.com/5006709/osama-bin-laden-files-movies-cars-pixars/)
- **Cartoon, anime, and TV episodes/series**: These encompass *Tom and Jerry*, *Jackie Chan Adventures*, *Naruto*, *Bleach*, *Dragon Ball*, *Case Closed* (*Detective Conan*), *Devil May Cry: The Animated Series*, *Buzz Lightyear of Star Command*, and others.[[1]](https://en.wikipedia.org/wiki/Personal_life_of_Osama_bin_Laden)[[4]](https://en.wikipedia.org/wiki/Osama_bin_Laden's_compound_in_Abbottabad)
- **Viral/internet videos and short clips**: Such as the famous “Charlie Bit My Finger” video and a clip titled “HORSE_DANCE.”[[1]](https://en.wikipedia.org/wiki/Personal_life_of_Osama_bin_Laden)
- **Documentaries**: Wildlife/nature documentaries, as well as U.S.-produced ones about bin Laden himself (e.g., *Where in the World is Osama bin Laden?*).[[1]](https://en.wikipedia.org/wiki/Personal_life_of_Osama_bin_Laden)[[4]](https://en.wikipedia.org/wiki/Osama_bin_Laden's_compound_in_Abbottabad)
- **Personal/family and home videos**: These include home videos from the compound, a video of bin Laden’s son Hamza’s wedding (one of the first public images of him as an adult), and recordings of bin Laden practicing or preparing public speeches/messages.[[2]](https://www.bbc.com/news/world-asia-41840864)[[4]](https://en.wikipedia.org/wiki/Osama_bin_Laden's_compound_in_Abbottabad)
- **Propaganda or other videos**: Materials such as beheading videos and footage of bin Laden watching images of himself.[[4]](https://en.wikipedia.org/wiki/Osama_bin_Laden's_compound_in_Abbottabad)
- **Pornographic videos**: U.S. officials confirmed a “fairly extensive” collection of modern, electronically recorded pornographic videos (described in some reports as “a considerable number”). These were not publicly released, and specifics were withheld.[[5]](https://www.theguardian.com/world/2015/may/20/osama-bin-laden-porn-stash-remain-under-wraps-us-intelligence-decides)[[6]](https://www.reuters.com/article/world/exclusive-pornography-found-in-bin-laden-hideout-officials-idUSTRE74C4RK/)

The devices also contained video games (e.g., *Final Fantasy VII*, *Counter-Strike*, *Half-Life 2*, *Resident Evil 2*, *Devil May Cry*, *Grand Theft Auto: Chinatown Wars*), but the question focuses on videos.[[1]](https://en.wikipedia.org/wiki/Personal_life_of_Osama_bin_Laden)

Much of this material was part of the large cache of files (hundreds of thousands of items across multiple devices) later reviewed and partially declassified by the CIA. The entertainment content has been noted for contrasting with bin Laden’s public image as a strict Islamist militant.[[4]](https://en.wikipedia.org/wiki/Osama_bin_Laden's_compound_in_Abbottabad)

Sources for these details primarily include the Wikipedia page on his personal life (drawing from CIA releases and reporting), BBC coverage of the 2017 file releases, Reuters reporting on the pornography discovery, and related analyses of the Abbottabad materials."
50,"Embassy_of_the_United_Kingdom,_Berlin",anomalous,untiered,late,0.9777,"What did the old Embassy of the United Kingdom, Berlin look like in photographs?",xai,grok-4.3,grok-4.3,8,"[{""query"": ""old British Embassy Berlin photographs""}, {""query"": ""former UK Embassy Berlin history photos""}, {""query"": ""British Embassy Berlin before 2000 building""}, {""query"": ""Palais Strousberg British Embassy photos description""}, {""query"": ""British Embassy Wilhelmstrasse 70 1930s photo""}]",55,3,completed,,"**The ""old"" British Embassy in Berlin primarily refers to the historic Palais Strousberg (also known as the former British Embassy at 70 Wilhelmstraße), a grand 19th-century palace used by the UK from the mid-1870s until its destruction in World War II.**[[1]](https://artcollection.dcms.gov.uk/stories/bonn-to-berlin-an-embassys-journey/)[[2]](https://en.wikipedia.org/wiki/Embassy_of_the_United_Kingdom,_Berlin)

This building, designed by architect August Orth and completed in 1867–1868 for railway magnate Bethel Henry Strousberg, was leased by Britain in 1876 and purchased outright in 1884. It served as the embassy (combining residence and chancery functions) through periods of tension, including World War I and the interwar years, until diplomatic relations broke down again in 1939. It was heavily damaged by Allied (including RAF) bombing in November 1943, left as rubble, and demolished in 1950 despite some preservation efforts. The site remained a vacant lot (later a car park or cordon area) in divided Berlin until the new embassy was built there in 1998–2000.[[3]](https://de.wikipedia.org/wiki/Palais_Strousberg)[[2]](https://en.wikipedia.org/wiki/Embassy_of_the_United_Kingdom,_Berlin)

### Exterior in Photographs (Primarily 1930s Images)
Historical black-and-white photographs from the 1930s (e.g., c. 1935 Crown Copyright images, a Bundesarchiv photo from August 1937, and 1939 Getty/Heritage Images shots taken before the war) show a stately, symmetrical, multi-story urban palace on the prestigious Wilhelmstraße (near the Brandenburg Gate and what became the Hotel Adlon). Key features visible include:[[4]](https://www.gettyimages.com/detail/news-photo/british-embassy-70-wilhelmstrasse-berlin-1939-photographed-news-photo/959934072)[[5]](https://commons.wikimedia.org/wiki/File:Bundesarchiv_Bild_183-C11809,_Berlin,_Wilhelmstra%C3%9Fe,_britische_Botschaft.jpg)

- A prominent central **portico** (porticus) rising two stories, supported by four tall Corinthian sandstone columns, with a pediment/gable containing a bas-relief sculpture of five figures (possibly allegorical, such as art or traffic/railways, fitting Strousberg’s background).
- A relatively simple plastered facade with rustication (imitated stone blocks), five window axes flanking the portico on each side.
- High ground-floor windows (for society rooms) often with straight pediments supported by consoles; upper windows framed.
- Decorative elements like a balustrade along the roofline above the main cornice, laurel wreaths, and a driveway (with double wooden gates) on one side replacing an outer window axis.
- The building appeared somewhat hemmed in by neighboring structures (including the rising Hotel Adlon), contributing to descriptions of it as “cramped, dark, and musty” by the last pre-war ambassador.[[3]](https://de.wikipedia.org/wiki/Palais_Strousberg)

Post-war photos (e.g., rubble views from April 1954) show severe bomb damage, especially to the portico area (one outer column missing), with the structure largely destroyed.[[1]](https://artcollection.dcms.gov.uk/stories/bonn-to-berlin-an-embassys-journey/)

### Interior in Photographs (e.g., 1939 Images)
Contemporary interior shots, such as those in the Heritage Images/Getty collections from 1939, depict opulent, eclectic historicist interiors typical of a wealthy 19th-century Berlin palace adapted for diplomatic use. These include:[[6]](https://www.gettyimages.com/photos/palais-strousberg)

- A grand **vestibule/staircase hall** with a high oval dome or skylight, marble staircase (with distinctive balusters), and elaborate gas lighting fixtures.
- An octagonal **ballroom/dance hall (Tanzsaal)** with a skylight, fold-down wall (for orchestra or performances), and rich decoration.
- A large added **festival hall (Festsaal)** with paired Corinthian columns (stucco marble), rich stucco work, ornamental ceiling paintings, and skylight/gas lighting—designed to host up to 600 guests.
- Other rooms like a picture gallery (for Strousberg’s art collection), library, billiard room, and reception areas featuring wood paneling (e.g., walnut), paintings, consoles, and period furnishings.
- Modern-for-the-time amenities visible or implied in context: gas lighting, central heating, bathrooms, and even a washing machine in service areas.[[3]](https://de.wikipedia.org/wiki/Palais_Strousberg)

The style blended classical elements (e.g., Corinthian motifs) with eclectic historicism and some Palladian influences (noted in the portico, possibly reflecting Strousberg’s English connections). Interiors emphasized luxury and representation, with high ceilings, skylights for natural light, and flexible spaces for entertaining.[[7]](https://en.wikipedia.org/wiki/Palais_Strousberg)

### Other “Old” Embassies
During the Cold War division of Germany:
- The main UK embassy to West Germany was in Bonn (not Berlin).
- A separate British embassy to the GDR (East Germany) operated from 1973 at Unter den Linden 32–34—a functional, unremarkable six-story modern office/terraced block (leased and later used temporarily post-reunification). Photos from the 1980s show a plain, contemporary building distinct from the historic palace.[[2]](https://en.wikipedia.org/wiki/Embassy_of_the_United_Kingdom,_Berlin)

The current British Embassy (opened 2000 by Queen Elizabeth II) is a striking postmodern building by Michael Wilford & Partners on the exact former Palais Strousberg site, incorporating some salvaged elements like original iron gates. It deliberately contrasts with the old palace while nodding to the location’s history.[[2]](https://en.wikipedia.org/wiki/Embassy_of_the_United_Kingdom,_Berlin)

Photographs of the Palais Strousberg era are preserved in archives such as the German Bundesarchiv (e.g., Bild 183-C11809), Wikimedia Commons (including facade and interior drawings/photos), Getty Images/Heritage Images (1939 exteriors and interiors), and UK Crown Copyright collections. These images consistently portray a grand, representative diplomatic residence that reflected both 19th-century Berlin opulence and Britain’s long diplomatic presence in the city.[[8]](https://commons.wikimedia.org/wiki/Category:British_Embassy,_Berlin)

For visual references, search archives or Wikimedia for “Palais Strousberg,” “British Embassy Wilhelmstrasse 1930s,” or specific Bundesarchiv/Gettty holdings."
51,Domestic_violence,normal,,lead,0.3158,What is one reason a spouse might engage in domestic violence according to relationship dynamics?,xai,grok-4.3,grok-4.3,2,"[{""query"": ""reasons for domestic violence in relationships dynamics""}, {""query"": ""one reason spouse engages in domestic violence according to relationship dynamics""}]",15,0,completed,,"**One key reason a spouse might engage in domestic violence, according to established models of relationship dynamics, is to gain, exert, and maintain power and control over their partner.**[[1]](https://www.thehotline.org/resources/dynamics-of-abuse/)

This is often framed through frameworks like the Power and Control Wheel (from the Duluth Model), which describes abuse as a deliberate pattern of behaviors—not isolated incidents or accidents—used to dominate the relationship. Abusers may feel entitled to this control and choose tactics (including physical violence) because they work to achieve that goal, rather than it stemming primarily from external triggers like stress or substance use alone.[[2]](https://www.respondinc.org/blog/the-role-of-power-and-control-in-domestic-violence/)

Note that domestic violence is never justified, and explanations focus on the perpetrator's choices and dynamics, not the victim's actions. If this relates to a personal situation, resources like the National Domestic Violence Hotline (or equivalents in the UK, such as Refuge or the National Domestic Abuse Helpline) can provide support."
52,François_Rabelais,anomalous,untiered,late,0.7071,"What has the reception of François Rabelais's work been characterized by, compared to other Renaissance writers?",xai,grok-4.3,grok-4.3,7,"[{""query"": ""reception of Fran\u00e7ois Rabelais works history criticism""}, {""query"": ""Rabelais compared to other Renaissance writers reception""}, {""query"": ""Fran\u00e7ois Rabelais legacy and critical reception""}, {""query"": ""Timothy Hampton Rabelais reception dispute""}, {""query"": ""\""Rabelais\"" \""unequaled\"" OR \""unparalleled\"" reception OR criticism Renaissance""}]",55,2,completed,,"**The reception of François Rabelais’s works (primarily the *Pantagrueline Chronicles*, or *Gargantua and Pantagruel*, published 1532–1564) has been marked by exceptional controversy, censorship, polarized interpretations (obscene/bouffon vs. profound or subversive), fluctuating popularity, widespread imitation, and ongoing scholarly debate—more so than for most other Renaissance writers.**[[1]](https://en.wikipedia.org/wiki/Rabelaisian)[[2]](https://en.wikipedia.org/wiki/Fran%C3%A7ois_Rabelais)

From the outset, his books achieved commercial success and inspired many imitators (“singes de Rabelais”) across genres and languages, yet they faced immediate religious and institutional backlash. The Sorbonne condemned *Pantagruel* and *Gargantua* (and later volumes), they were placed on the Index of Prohibited Books, and both Catholic authorities and Protestant leader John Calvin attacked them—Calvin viewing the mocking tone as especially dangerous for potentially undermining sacred truths. Rabelais was accused of heresy, obscenity, or impiety by critics on multiple sides, while some early readers appreciated a “sustantificque mouelle” (substantial marrow or deeper meaning) beneath the surface humor and erudition.[[3]](https://web.archive.org/web/20200315035653/https:/journals.openedition.org/crm/11852)[[4]](https://pub-ucpec2-prd.cdlib.org/ucpressebooks/view?anchor.id=0&brand=ucpress&chunk.id=d0e1135&doc.view=content&docId=ft596nb3q0&toc.depth=100)

Interpretations shifted over time:
- In the 16th century, views ranged from humanist scholar to libertine/heretic or legendary drunkard monk (e.g., Ronsard’s epitaph helped popularize the latter image).[[3]](https://web.archive.org/web/20200315035653/https:/journals.openedition.org/crm/11852)
- The 17th century saw reduced mainstream appeal amid the rise of classicism’s emphasis on *bienséance* (decorum) and measure; he was often dismissed as a buffoon or libertine in elite circles, though still read, imitated (e.g., by Molière, La Fontaine), and collected by bibliophiles or specialists.[[5]](https://theses.fr/s381976)[[5]](https://theses.fr/s381976)
- Enlightenment figures like Voltaire and Diderot sometimes praised him as an ally against clerical obscurantism but criticized his “excessive” language.[[3]](https://web.archive.org/web/20200315035653/https:/journals.openedition.org/crm/11852)
- The 19th century brought a Romantic revival: he was celebrated as a genius, embodiment of French “gauloiserie” (bawdy national humor), founder of the French language, and a symbol of liberty or national spirit, leading to numerous editions (some expurgated).[[6]](https://preo.u-bourgogne.fr/textesetcontextes/index.php?id=370)[[7]](https://classiques-garnier.com/l-annee-rabelaisienne-2022-n-6-varia-chronicles.html?displaymode=full)
- Modern scholarship (intensifying from the early 20th century) features vigorous debates—e.g., between “positivists” emphasizing erudition, sources, and hidden meanings versus “stylists” focusing on aesthetics, language, and polyvalence; on his religion (Christian humanist/Erasmian vs. atheist or freethinker); Bakhtinian readings of carnival subversion; and feminist critiques of gender portrayals.[[8]](https://www.oxfordbibliographies.com/display/document/obo-9780195399301/obo-9780195399301-0153.xml)

A notable scholarly observation highlights the uniqueness of this reception: as Timothy Hampton has noted, “to a degree unequaled by the case of any other writer from the European Renaissance, the reception of Rabelais’s work has involved dispute, critical disagreement, and ... scholarly wrangling” (often mirroring the parodic debates within the texts themselves).[[1]](https://en.wikipedia.org/wiki/Rabelaisian)[[9]](https://escholarship.org/content/qt0475d3ht/qt0475d3ht.pdf)

In comparison to contemporaries like Erasmus (more consistently associated with measured Christian humanism), Montaigne (whose *Essais* enjoyed steadier philosophical esteem), or poets like Ronsard (more aligned with courtly and classical tastes), Rabelais’s grotesque, satirical, polyphonic, encyclopedic, and linguistically exuberant style—blending high erudition with low humor, bodily excess, and social critique—provoked stronger institutional hostility, popular fascination, and interpretive battles. His works were more frequently censored or expurgated, and their ambivalence resisted easy categorization, fueling both condemnation and enduring influence on later writers (e.g., Sterne, Joyce, and many others).[[10]](https://www.cambridge.org/core/books/cambridge-companion-to-rabelais/reading-and-unraveling-rabelais-through-the-ages/B0EF61542E447680B029DF3BBE56E6F9)

This pattern of vitality amid contention underscores Rabelais’s lasting impact, even as specific readings evolved with cultural contexts."
53,Nephila,normal,,lead,0.1227,What color are the legs of the Nephila inaurata spider?,xai,grok-4.3,grok-4.3,4,"[{""query"": ""Nephila inaurata spider leg color""}, {""query"": ""Nephila inaurata description legs""}]",20,1,completed,,"**Red (or reddish/orange-red), typically banded or ringed with black or brown.**[[1]](https://www.londonzoo.org/whats-here/animals/madagascar-orb-weaver)[[2]](https://www.biodiversityexplorer.info/arachnids/spiders/nephilidae/nephila_inaurata.htm)

*Nephila inaurata* (now often classified as *Trichonephila inaurata*), commonly known as the red-legged golden orb-weaver or red-legged nephila, gets its name from this distinctive leg coloration. Descriptions vary slightly by source, subspecies (e.g., *T. i. madagascariensis*), life stage, or individual morph, but consistently highlight reddish tones:

- Legs are often described as red or reddish, with black/brown banding or rings at the joints; the tips may be black.[[3]](https://www.gettyimages.co.uk/detail/photo/red-legged-golden-orb-weaver-in-madagascar-royalty-free-image/2162037229)[[4]](https://utheme.utoulouse.fr/files/original/090aed8e2941336b7d4e59b74a949b6e0b506ae8.pdf)
- One detailed account notes “brown with reddish bands.”[[2]](https://www.biodiversityexplorer.info/arachnids/spiders/nephilidae/nephila_inaurata.htm)
- Others mention orange legs widely annulated (ringed) with black, or black legs with lighter reddish stripes.[[4]](https://utheme.utoulouse.fr/files/original/090aed8e2941336b7d4e59b74a949b6e0b506ae8.pdf)[[5]](https://www.researchgate.net/publication/398155050_Przadki_ogromne_pajaki_sieciowe_jako_domowe_pupile_-_na_przykladzie_Trichonephila_inaurata_Araneae_Araneidae_Nephilinae_Golden_orb-weavers_giant_web_spiders_as_pets_-on_the_example_of_Trichonephila_in)

Mature females show the most vivid red/orange-red banding, while immatures may have more yellow-orange tones mixed with black, and males are generally less colorful overall. This pattern helps distinguish the species and aligns with its common name across sources like field guides, zoo descriptions, and arachnid references.[[6]](https://en.wikipedia.org/wiki/Nephila_inaurata)

Note that exact shades can appear to vary with lighting, photography, or regional populations, but “red-legged” is the standard descriptor."
54,Abbot,normal,,late,0.8132,What term was considered broadly usable for describing any member of the Abbot's clergy?,xai,grok-4.3,grok-4.3,8,"[{""query"": ""term broadly usable for describing any member of the Abbot's clergy""}, {""query"": ""\""Abbot's clergy\"" term OR word""}, {""query"": ""\""member of the Abbot's clergy\""""}, {""query"": ""\""Abbot's clergy\""""}, {""query"": ""\""abbot's clergy\"" term OR word OR term""}, {""query"": ""\""convenient general term\"" abb\u00e9 OR abbe OR abbot clergy""}, {""query"": ""\""broadly usable\"" OR \""broadly used\"" OR \""widely used\"" OR \""general term\"" abbot OR abb\u00e9 clergy OR clergyman""}]",60,2,completed,,"**Abbé (or abbé; also abate in Italian contexts), a French courtesy title derived from “abbot.”**[[1]](https://www.newworldencyclopedia.org/entry/Abbot)[[2]](https://en.wikipedia.org/wiki/AbboT)

In medieval and early modern usage, “abbot” (from Aramaic *abba*, “father”) originally denoted the superior of a monastery but was sometimes applied more loosely. By the 16th century in France, the related title *abbé* (especially for *abbés commendataires* or commendatory abbots appointed under the 1516 Concordat of Bologna) came to be used by a large class of secular or semi-secular clerics—often men with only minor orders, limited theological training, or no fixed ecclesiastical post—who adopted the style, dress, and celibacy associated with it.[[3]](https://en.wikisource.org/wiki/Encyclop%C3%A6dia_Britannica,_Ninth_Edition/Abb%C3%A9)

This class (*abbés de cour* or similar) became common as tutors, advisers, or courtiers in noble households. After the French Revolution, the specific institutional link faded, but the title persisted as a convenient, general courtesy term for almost any clergyman or priest, roughly equivalent to the English “Father” or a generic honorific for secular clergy. It was no longer tied strictly to monastic superiors or specific benefices.[[4]](https://en.m.wikisource.org/wiki/Page:EB1911_-_Volume_01.djvu/56)

This evolution is documented in sources such as the *Encyclopædia Britannica* (1911) and Wikipedia’s Abbot entry, which note that it “remained as a convenient general term applicable to any clergyman.” Similar broad usage appears in French contexts for secular priests or ecclesiastics without a particular office.[[5]](https://fr.wikipedia.org/wiki/Abb%C3%A9)

(Note that this is distinct from the stricter monastic title “abbot” itself or from English “abbot,” which retained a more limited sense.)"
55,Eurasian_magpie,anomalous,untiered,late,0.747,What does the Eurasian magpie's intelligence suggest about how cognitive abilities developed across different animal groups?,xai,grok-4.3,grok-4.3,6,"[{""query"": ""Eurasian magpie intelligence mirror test""}, {""query"": ""Eurasian magpie cognitive abilities evolution convergent""}, {""query"": ""what does magpie intelligence suggest about animal cognition evolution""}, {""query"": ""Soler et al 2020 magpie mirror test replication""}, {""query"": ""convergent evolution cognition corvids primates magpie""}]",55,1,completed,,"**The Eurasian magpie’s (Pica pica) demonstrated cognitive abilities, especially evidence of mirror self-recognition (MSR), point strongly to convergent evolution of complex cognition in distantly related animal lineages (notably corvids/birds and primates/mammals), rather than a single evolutionary origin tied to specific brain structures like the mammalian neocortex.**[[1]](https://journals.plos.org/plosbiology/article?id=10.1371/journal.pbio.0060202)[[1]](https://journals.plos.org/plosbiology/article?id=10.1371/journal.pbio.0060202)

Eurasian magpies are corvids renowned for intelligence comparable in many domains to great apes. They exhibit tool use and manufacture, episodic-like memory (e.g., remembering what, where, and when of cached food), social cognition (such as using their own experience to predict others’ behavior in cache pilfering), object permanence at high Piagetian levels, and other flexible problem-solving. Their brain-to-body mass ratio is high—comparable to great apes and cetaceans—and their nidopallium (a key forebrain region) is relatively large. Avian brains also pack high densities of neurons, particularly in the forebrain, enabling substantial “cognitive power” despite smaller overall size.[[2]](https://en.wikipedia.org/wiki/Eurasian_magpie)[[3]](https://www.pnas.org/doi/10.1073/pnas.1517131113)

A landmark 2008 study (Prior, Schwarz, and Güntürkün) provided the first evidence of MSR in a non-mammalian species. In controlled mark tests, some magpies (e.g., 2 of 5 tested) showed spontaneous mark-directed behaviors (scratching or pecking at a colored sticker on their throat, visible only in a mirror) but not with sham (invisible) marks or without a mirror. They also displayed contingency-testing behaviors (e.g., moving to check reflections) akin to those in apes. The authors concluded this indicates self-recognition and that “essential components of human self-recognition have evolved independently in different vertebrate classes with a separate evolutionary history.”[[1]](https://journals.plos.org/plosbiology/article?id=10.1371/journal.pbio.0060202)[[4]](https://journals.plos.org/plosbiology/article?id=10.1371/journal.pbio.0060201)

A 2020 close replication with wild-caught birds (larger sample) found similar mirror exploration and social/self-directed behaviors but did not replicate the mark-test results (self-directed behavior was not higher with the mirror than controls). This highlights variability, potential methodological factors (e.g., hand-raised vs. wild birds), and the need for further studies; MSR in magpies is not universally confirmed but remains a key cited example.[[5]](https://www.ovid.com/journals/jcpsy/fulltext/10.1037/com0000223~replication-of-the-mirror-mark-test-experiment-in-the-magpie)

**These findings have major implications for how cognitive abilities evolved across groups:**

- **Convergent (parallel) evolution, not homology**: Birds and mammals last shared a common ancestor ~300 million years ago. Mammals evolved a laminated neocortex; birds evolved clustered pallial structures (e.g., nidopallium) instead. Yet corvids (and some parrots) show cognitive parallels with apes in causal reasoning, behavioral flexibility, imagination/prospection (“mental time travel”), social intelligence, and self-recognition. This is a classic case of convergent mental evolution via divergent brain architectures—similar outcomes from different neural substrates under comparable selective pressures.[[1]](https://journals.plos.org/plosbiology/article?id=10.1371/journal.pbio.0060202)[[6]](https://www.science.org/doi/10.1126/science.1098410)

- **Socioecological drivers**: Complex cognition likely evolved in response to similar challenges, such as social complexity (e.g., competition, cooperation, perspective-taking in groups) and ecological demands (e.g., food caching requiring memory and planning). Supporting this, studies on Australian magpies (a related species) link larger group sizes to better cognitive performance across tasks (a “general intelligence factor”), with fitness benefits, and the correlation emerging early in life. The social intelligence hypothesis applies across taxa.[[7]](https://www.nature.com/articles/nature25503)

- **Brain structure is not destiny**: MSR and other advanced traits were once thought to require a neocortex or large mammalian-style brains. Magpie (and broader corvid/parrot) abilities show this is not the case; high neuron density and specific pallial organization can support equivalent functions. This challenges earlier views of a strict “cognitive Rubicon” separating apes/mammals from other animals.[[8]](https://www.scientificamerican.com/video/birdbrain-turns-from-insult-to-praise/)

- **Broader pattern across animal groups**: Similar convergence appears in other lineages, such as cetaceans and elephants (large-brained social mammals showing MSR-like traits) or even invertebrates like octopuses. Cognition is not a linear ladder from “primitive” to “advanced” but can arise independently multiple times when environments favor it. Within birds, results vary by corvid species (not all pass MSR tests), underscoring that it is not uniform even among close relatives.[[9]](https://pmc.ncbi.nlm.nih.gov/articles/PMC4650126/?term=%22Philos%20Trans%20R%20Soc%20Lond%20B%20Biol%20Sci%22%5Bjour%5D)

In summary, the Eurasian magpie illustrates that sophisticated cognitive abilities—including potential self-awareness—can evolve convergently in birds and mammals despite vast phylogenetic distance and different brains. This underscores the role of shared selective pressures (sociality, environmental complexity) in shaping intelligence across animal groups and suggests cognitive evolution has more “degrees of freedom” than previously assumed. Ongoing research, including replications and comparative studies, continues to refine these insights."
56,Conon_(crater),anomalous,untiered,lead,0.2453,What is the shape of Conon (crater)'s interior floor?,xai,grok-4.3,grok-4.3,4,"[{""query"": ""Conon crater Moon interior floor shape""}, {""query"": ""Conon lunar crater floor description""}, {""query"": ""\""Conon\"" crater floor shape OR flat OR irregular OR bowl""}]",27,1,completed,,"**Irregular oval (rough floor, no notable central peak).**[[1]](https://en.wikipedia.org/wiki/Conon_(crater))

Conon is a small (~21 km diameter), relatively young (Copernican period) lunar impact crater on the eastern foothills of the Montes Apenninus. Its interior floor is described as forming an irregular oval shape, likely due to the rough, uneven pre-existing terrain where it formed. The floor itself is rough but lacks any significant central prominence.[[1]](https://en.wikipedia.org/wiki/Conon_(crater))

This contrasts with typical simple lunar craters (often bowl-shaped with round floors) or larger complex ones (often with flatter floors, terraces, or central peaks). The irregularity here is attributed to the local topography rather than standard crater morphology."
57,Adrian_Cheng,anomalous,untiered,lead,0.2719,What type of housing project did Adrian Cheng plan to donate a portion of land toward?,xai,grok-4.3,grok-4.3,5,"[{""query"": ""Adrian Cheng donate land housing project""}, {""query"": ""\""Adrian Cheng\"" donate OR donation land OR plot housing OR homes OR residential""}, {""query"": ""Adrian Cheng \""affordable social housing project\""""}]",30,1,completed,,"**An affordable social housing (or social/transitional/public housing) project, specifically involving donations of agricultural/farmland in Hong Kong for NGOs/charities like Light Be and potentially the government (announced in September 2019).**[[1]](https://en.wikipedia.org/wiki/Adrian_Cheng)[[1]](https://en.wikipedia.org/wiki/Adrian_Cheng)

Adrian Cheng (then Executive Vice-Chairman of New World Development) announced that the company would donate about 3 million square feet (nearly a fifth of its farmland reserves, or roughly 28 hectares) of agricultural land. This was intended to help address Hong Kong’s housing shortage by supporting public homes, related facilities, and development by NGOs/charities of social or transitional housing for underprivileged or low-income residents. Up to a third of the land was earmarked specifically for an affordable social housing project.[[2]](https://www.scmp.com/business/article/3030317/new-world-development-donates-3-million-square-feet-farm-land-ease-hong)[[2]](https://www.scmp.com/business/article/3030317/new-world-development-donates-3-million-square-feet-farm-land-ease-hong)

Key details include:
- An initial portion (e.g., 28,000 sq ft near Tin Shui Wai MTR station, leased for a token HK$1) was allocated to the non-profit Light Be for building around 100 small affordable homes (about 300 sq ft each), with completion targeted for around 2022; New World planned to gift up to 1 million sq ft total to Light Be.[[2]](https://www.scmp.com/business/article/3030317/new-world-development-donates-3-million-square-feet-farm-land-ease-hong)
- The broader donation aimed to benefit around 10,000 people through affordable/transitional options, often described as “social housing,” “transitional public housing,” or “public homes” in reports, with openness to further government use for public housing.[[3]](https://www.gq-magazine.co.uk/lifestyle/article/adrian-cheng-interview)
- This aligned with Cheng’s emphasis on “creating shared value” (CSV) and stakeholder interests beyond pure profits, amid Hong Kong’s housing crisis and related social pressures.[[4]](https://asia.nikkei.com/Spotlight/Hong-Kong-protests/Payback-China-presses-Hong-Kong-magnates-to-share-the-wealth)

This 2019 initiative was one of the first major moves by a major Hong Kong developer in this area and was followed by similar efforts from others. Later related work by Cheng/New World included the non-profit “New World Build for Good” for innovative social housing models. No other major land-donation housing projects by Cheng match this description in available sources."
58,Lika,normal,,lead,0.0118,What natural feature marks Lika's south-eastern boundary?,xai,grok-4.3,grok-4.3,7,"[{""query"": ""Lika region south-eastern boundary natural feature""}, {""query"": ""Lika Croatia boundaries""}, {""query"": ""\""Lika\"" \""south-eastern\"" OR \""southeastern\"" boundary OR border""}, {""query"": ""Malovan pass Lika boundary""}, {""query"": ""\""Malovan\"" Lika""}, {""query"": ""Lika south-eastern boundary""}]",51,1,completed,,"**The Malovan pass (or Malovan mountain pass), in the Dinaric Alps / southern Velebit area.**[[1]](https://en.wikipedia.org/wiki/Lika)[[2]](https://www.croatiaweek.com/licki-krumpir-croatia-potato-worlds-best/)

Lika is a traditional highland/karst region in central Croatia (mostly within Lika-Senj County, with smaller parts in Zadar and Karlovac counties). It is roughly bounded by the Velebit mountains to the southwest and Plješevica to the northeast. Its north-western end is marked by the Ogulin-Plaški basin, while its south-eastern boundary is specifically the Malovan pass (a mountain pass reaching around 1,600–1,700 m elevation, near peaks like Malovan at ~1,709 m).[[1]](https://en.wikipedia.org/wiki/Lika)

This is consistently noted in geographic descriptions of the region’s traditional boundaries. Other natural features like the Velebit range or rivers/lakes are prominent in Lika but do not define its south-eastern edge."
59,Adrian_Cheng,normal,,lead,0.0565,What type of academic honor did Adrian Cheng receive from SCAD?,xai,grok-4.3,grok-4.3,4,"[{""query"": ""Adrian Cheng SCAD honor""}, {""query"": ""Adrian Cheng SCAD academic honor OR degree OR award""}, {""query"": ""\""Adrian Cheng\"" SCAD""}, {""query"": ""Adrian Cheng SCAD \""honorary doctorate\"" OR \""honorary degree\"" OR \""Doctor of Humanities\""""}]",40,1,completed,,"**An honorary doctorate (specifically, an Honorary Doctorate of Humanities degree, conferred in 2014).**[[1]](https://en.wikipedia.org/wiki/Adrian_Cheng)[[2]](https://www.cb.cityu.edu.hk/About-the-College/College-Profile/College-International-Advisory-Board/Dr-Adrian-Cheng-SBS-JP)

This is confirmed across multiple reliable sources, including Adrian Cheng’s Wikipedia page, his profile on the City University of Hong Kong’s College of Business site, the University of Hong Kong’s honorary fellows page, and a 2014 SCAD blog post about its Hong Kong commencement ceremony (where SCAD president Paula Wallace awarded it).[[3]](https://www.scad.edu/blog/landmark-moment-scad-graduates-hong-kong)[[4]](https://www4.hku.hk/honfellows/honorary-university-fellows/dr-adrian-chi-kong-cheng)

It recognizes his contributions to art, culture, education, and related fields in Hong Kong and Asia (distinct from his earned BA from Harvard). SCAD commonly awards such honorary degrees to distinguished individuals at commencements. Note that this is separate from other honors he has received, such as honorary fellowships from Hong Kong universities."
60,Deng_Adel,anomalous,untiered,mid,0.5786,What was Deng Adel's average number of assists per game?,xai,grok-4.3,grok-4.3,5,"[{""query"": ""Deng Adel average assists per game""}, {""query"": ""Deng Adel basketball stats assists per game""}, {""query"": ""Deng Adel career stats NBA or college""}]",25,1,completed,,"**0.3 assists per game (APG) in his NBA career (19 games with the Cleveland Cavaliers in 2018–19).**[[1]](https://aws.basketball-reference.com/players/a/adelde01.html)[[2]](https://en.wikipedia.org/wiki/Deng_Adel)

This is the most commonly referenced figure for Deng Adel (a South Sudanese-Australian forward), based on his brief NBA stint. He averaged 1.7 points and 1.0 rebounds per game in those 19 appearances (10.2 minutes per game).[[3]](https://www.basketball-reference.com/players/a/adelde01.html)

For context across other levels (note that no single all-league career average exists):
- **College (Louisville, 2015–18)**: 2.0 APG over 89 games (11.2 PPG, 4.1 RPG).[[2]](https://en.wikipedia.org/wiki/Deng_Adel)
- **NBL (Australia, Illawarra Hawks 2020–21 and Brisbane Bullets 2024–25)**: 1.6 APG over 33 games (5.5 PPG, 3.0 RPG total).[[4]](https://www.basketball-reference.com/international/players/deng-adel-1.html)
- Other leagues (G League, CEBL, international): Typically 1.5–4+ APG depending on the season and role (e.g., around 2.7 APG in one G League season and higher in recent overseas play).[[5]](https://www.flashscore.co.jp/player/adel-deng/8Qp4B5qk/)

Stats can vary slightly by source due to rounding or different inclusions, but Basketball-Reference and Wikipedia consistently list the NBA figure as 0.3 APG.[[3]](https://www.basketball-reference.com/players/a/adelde01.html)[[2]](https://en.wikipedia.org/wiki/Deng_Adel)"
61,Encke_(crater),anomalous,untiered,lead,0.1939,What is the shape of Encke (crater)'s rim?,xai,grok-4.3,grok-4.3,3,"[{""query"": ""Encke crater Moon rim shape""}, {""query"": ""Encke lunar crater description rim""}, {""query"": ""\""Encke\"" crater rim shape OR polygonal OR circular""}]",25,1,completed,,"**Somewhat polygonal (low and irregular/polygonal outline, sometimes described as roughly six-sided).**[[1]](https://en.wikipedia.org/wiki/Encke_(crater))[[2]](https://grokipedia.com/page/encke_crater)

Encke is a lunar impact crater (about 28 km in diameter) on the western edge of Mare Insularum. Multiple sources, including its Wikipedia entry and related lunar references, describe its rim as low and somewhat polygonal in shape, deviating from a perfectly circular form typical of fresher craters. This is likely due to erosion, modification by nearby ejecta (e.g., from Kepler), or structural influences like pre-existing fractures.[[1]](https://en.wikipedia.org/wiki/Encke_(crater))[[2]](https://grokipedia.com/page/encke_crater)

It is also noted as a floor-fractured crater with a subdued rim (nowhere rising more than a few hundred meters above the surroundings) that is breached on the western side by the small satellite crater Encke N.[[2]](https://grokipedia.com/page/encke_crater)

This description appears consistently across astronomical databases, lunar atlases, and Wikipedia-derived sources."
62,Alex_Kozinski,anomalous,untiered,mid,0.4637,What action did Alex Kozinski take regarding the case in June 2008?,xai,grok-4.3,grok-4.3,7,"[{""query"": ""Alex Kozinski action case June 2008""}, {""query"": ""\""Alex Kozinski\"" \""June 2008\"" case OR lawsuit OR ruling OR recuse OR action""}, {""query"": ""\""Alex Kozinski\"" June 2008""}, {""query"": ""Kozinski declares mistrial Isaacs June 2008""}, {""query"": ""\""Kozinski\"" \""mistrial\"" \""Isaacs\"" 2008""}]",48,1,completed,,"**In June 2008, U.S. Court of Appeals for the Ninth Circuit Chief Judge Alex Kozinski declared a mistrial (citing “manifest necessity”) and then recused himself from presiding over the federal obscenity trial of filmmaker Ira Isaacs (United States v. Isaacs).**[[1]](https://ballotpedia.org/Alex_Kozinski)[[1]](https://ballotpedia.org/Alex_Kozinski)

This stemmed from a *Los Angeles Times* report (published around June 11–12, 2008, during the trial’s opening) revealing that Kozinski had maintained a publicly accessible personal website (alex.kozinski.com) containing sexually explicit photos and videos. This created a potential conflict of interest or appearance of bias in an obscenity case.[[2]](https://en.wikipedia.org/wiki/Alex_Kozinski)[[3]](https://www.latimes.com/local/la-me-kozinski12-2008jun12-story.html)

Kozinski suspended proceedings briefly, granted time for the prosecutor to assess the issue, declared the mistrial in a short order (around June 13), and stepped down/recused himself shortly afterward (reported around June 14–15). He also separately requested an ethics investigation into his own conduct.[[4]](https://www.washingtonpost.com/archive/national/2008/06/14/judge-asks-to-be-removed-from-trial/ff62e254-15f0-4c96-9308-30010a8231ce/)[[5]](https://www.latimes.com/archives/la-xpm-2008-jun-14-me-kozinski14-story.html)

The case later proceeded before a different judge; Kozinski was ultimately cleared of wrongdoing by an out-of-circuit ethics panel in 2009.[[2]](https://en.wikipedia.org/wiki/Alex_Kozinski)

This episode is well-documented in contemporary news reports and biographical sources on Kozinski."
63,Masoretic_Text,normal,,mid,0.517,What type of notes in the Masoretic Text were only allowed in personal copies?,xai,grok-4.3,grok-4.3,7,"[{""query"": ""notes in Masoretic Text only allowed in personal copies""}, {""query"": ""\""Masoretic Text\"" \""personal copies\"" notes OR masorah""}, {""query"": ""\""Masorah\"" \""personal\"" OR \""private\"" copies OR manuscripts""}, {""query"": ""\""Marginal notes were permitted only in private copies\""""}, {""query"": ""\""marginal notes were permitted only in private copies\"" Masoretic OR Masorah OR Bible""}]",50,1,completed,,"**Marginal notes (or Masoretic/Masorah notes/annotations, especially the Masorah Parva or small Masorah in the side margins).**[[1]](http://jewishencyclopedia.com/articles/10465)[[2]](https://en.wikipedia.org/wiki/Masoretic_Text)

In the development of the Masoretic Text (the standardized Hebrew Bible text with vocalization, accents, and annotations preserved by the Masoretes from roughly the 7th–10th centuries CE), the core consonantal text was strictly regulated for official/public copies, such as synagogue Torah scrolls. No additions or alterations were permitted to the sacred text itself.[[3]](https://orthodoxwiki.org/Masoretic_text)

Marginal notes—brief annotations on spelling (plene/defective), word counts/frequencies, unusual forms, qere/ketiv readings (alternative pronunciations or corrections noted in the margin), statistics, and other safeguards against scribal error—were historically restricted to private or personal copies (codices for study rather than ritual use). This is noted in sources like the Jewish Encyclopedia and Wikipedia’s Masoretic Text article, which state that “marginal notes were permitted only in private copies,” with the earliest reference linked to Rabbi Meïr (c. 100–150 CE).[[1]](http://jewishencyclopedia.com/articles/10465)[[2]](https://en.wikipedia.org/wiki/Masoretic_Text)

These notes (collectively part of the Masorah) appear in medieval codices like the Aleppo and Leningrad Codices as the Masorah Parva (small/inner notes in side margins, often with a circellus marker in the text) and Masorah Magna (larger notes at top/bottom or collected at the end). They could not be added to official scrolls but became standard in personal/study manuscripts once codex format allowed it. Over time, they helped preserve textual accuracy without altering the base text.[[4]](https://www.jewishvirtuallibrary.org/jsource/judaica/ejud_0002_0013_0_13385.html)

This distinction reflects the broader principle that the holy consonantal text remained inviolable for public reading, while explanatory or preservative notes were confined to non-ritual copies."
64,Methodist_College_Belfast,normal,,late,0.9308,What year did Methodist College Belfast's Fullerton House receive its name?,xai,grok-4.3,grok-4.3,4,"[{""query"": ""Methodist College Belfast Fullerton House name year""}, {""query"": ""\""Fullerton House\"" \""Methodist College\"" Belfast""}, {""query"": ""\""Fullerton House\"" Methodist College naming OR named OR name OR renamed""}]",25,0,completed,,"**1951 (specifically, officially designated/established on or around November 29, 1951, with the unveiling of a commemorative plaque).**[[1]](https://www.methody.org/prep/history/fullerton-house)[[1]](https://www.methody.org/prep/history/fullerton-house)

Methodist College Belfast’s preparatory department (initially for younger boys, later including girls) had existed in the main college buildings since the school’s founding in 1868. In 1950, the governors acquired premises at 11 College Gardens, Belfast, and decided to name the new preparatory department after the late W.M. (or W.L.) Fullerton DL, a former pupil, influential governor, and chair of the Board of Governors. It was formally given the name “Fullerton House” in 1951.[[2]](https://en.wikipedia-on-ipfs.org/wiki/Methodist_College_Belfast)[[1]](https://www.methody.org/prep/history/fullerton-house)

This is confirmed on the school’s official history page for Fullerton House and in other institutional references (e.g., Wikipedia summaries of the college’s history). The current Fullerton House building on the Lisburn Road end of the campus opened later, in 1975.[[1]](https://www.methody.org/prep/history/fullerton-house)

Note that the name refers specifically to this preparatory department/house; it is distinct from the broader college history or the later revival of a house system using the same name."
65,Encke_(crater),anomalous,untiered,lead,0.0266,What lunar mare is Encke (crater) situated on the western edge of?,xai,grok-4.3,grok-4.3,2,"[{""query"": ""Encke crater Moon lunar mare""}, {""query"": ""Encke (crater) situated on western edge of which mare""}]",15,1,completed,,"**Mare Insularum (the Sea of Islands).**[[1]](https://en.wikipedia.org/wiki/Encke_(crater))

Encke is a lunar impact crater located on the western edge of this mare (a dark basaltic plain), south-southeast of the crater Kepler. It is a floor-fractured crater with a low, somewhat polygonal rim, and it is covered in ray material from Kepler.[[1]](https://en.wikipedia.org/wiki/Encke_(crater))

This is confirmed across reliable sources like Wikipedia’s lunar crater entries and related astronomy references."
66,Eurasian_magpie,anomalous,untiered,late,0.7169,What cognitive ability level has research suggested the Eurasian magpie's corvid family possesses?,xai,grok-4.3,grok-4.3,7,"[{""query"": ""Eurasian magpie cognitive abilities research""}, {""query"": ""Pica pica intelligence corvid""}, {""query"": ""Eurasian magpie mirror self-recognition""}, {""query"": ""Eurasian magpie corvid intelligence \""ape\"" OR \""primate\"" OR \""great ape\"" OR \""human\"" level""}, {""query"": ""\""magpie\"" \""cognitive\"" \""level\"" OR \""equivalent\"" OR \""comparable\"" corvid""}, {""query"": ""2004 review corvid cognitive abilities great apes""}, {""query"": ""Emery Clayton 2004 mentality of crows""}]",60,2,completed,,"**On par with (or equivalent to) non-human great apes (or “ape-level”/“feathered apes” intelligence), via convergent evolution—supported by brain-to-body mass ratios, tool use, self-awareness, episodic-like memory, and other complex cognitive skills.**[[1]](https://en.wikipedia.org/wiki/Corvidae)[[2]](https://www.britannica.com/story/eurasian-magpie-a-true-bird-brain)

The Eurasian magpie (*Pica pica*) belongs to the corvid family (Corvidae), which includes crows, ravens, jays, and other magpies. Research, notably a 2004 review by Emery and Clayton in *Science* (“The Mentality of Crows: Convergent Evolution of Intelligence in Corvids and Apes”), highlights that corvids exhibit cognitive abilities rivaling or on par with those of non-human great apes (e.g., chimpanzees, orangutans). This includes convergent evolution of skills like causal reasoning, flexibility, imagination/prospection (“mental time travel”), tool manufacture/use, and social cognition, despite very different brain structures from mammals.[[3]](https://www.science.org/doi/10.1126/science.1098410)[[4]](https://www.nationalgeographic.com/animals/article/crow-as-clever-as-great-apes-study-says)

Supporting evidence includes:
- **Brain metrics**: Corvids have a total brain-to-body mass ratio equal to that of non-human great apes and cetaceans (dolphins, etc.), and only slightly lower than humans. Their nidopallium (a key forebrain area for higher cognition) is relatively enlarged, comparable in relative size to the human brain in some respects.[[1]](https://en.wikipedia.org/wiki/Corvidae)[[2]](https://www.britannica.com/story/eurasian-magpie-a-true-bird-brain)
- **Self-awareness**: Eurasian magpies were the first non-mammal shown (in a 2008 study) to pass the mirror self-recognition (“mark”) test, indicating self-awareness—a trait shared with great apes, dolphins, and elephants (though results can vary and have not always replicated perfectly in follow-ups).[[5]](https://pmc.ncbi.nlm.nih.gov/articles/PMC2517622/)[[6]](https://en.wikipedia.org/wiki/Mirror-recognition_test_for_self-awareness)
- **Other advanced abilities**: Tool use and modification, problem-solving, episodic-like memory (what-where-when recall, e.g., for caching food), abstract concept learning, social intelligence (e.g., perspective-taking, mourning behaviors), and adaptability. These parallel ape capabilities and exceed those of most other birds.[[2]](https://www.britannica.com/story/eurasian-magpie-a-true-bird-brain)[[7]](https://pmc.ncbi.nlm.nih.gov/articles/PMC12048460/)

Corvids are sometimes called “feathered apes” in the literature for these reasons. While specific tasks (e.g., certain problem-solving in crows) have been compared to the performance of young human children (around 5–7 years old), the broader family-level comparison emphasized in research is to great apes.[[8]](https://www.youtube.com/watch?v=7aWL2iEb6y4) Note that intelligence varies by species, individual, and context (e.g., social group size can influence performance in some magpies), and not every corvid shows identical traits.[[9]](https://pmc.ncbi.nlm.nih.gov/articles/PMC5815499/)

This body of work (including the 2004 review and studies on mirror tests, caching, and tool use) underscores that high intelligence in corvids evolved independently from primates."
67,List_of_Bob_the_Builder_characters,anomalous,untiered,mid,0.5401,What catchphrase does a character from List of Bob the Builder characters typically say in reply to a repair-related question?,xai,grok-4.3,grok-4.3,7,"[{""query"": ""List of Bob the Builder characters catchphrase repair""}, {""query"": ""Bob the Builder character catchphrase \""can we fix it\""""}, {""query"": ""\""catchphrase\"" \""Bob the Builder\"" characters""}, {""query"": ""Lofty Bob the Builder \""yeah I think so\""""}, {""query"": ""\""Er/Uh, yeah, I think so\"" Lofty""}, {""query"": ""\""catchphrase\"" Lofty \""I think so\"" Bob the Builder""}]",55,1,completed,,"**“Er/Uh, yeah, I think so!” (or variations like “Uh, yeah, I think so” / “Yeah, I think so”), said by Lofty (the blue mobile crane).**[[1]](https://en.wikipedia.org/wiki/List_of_Bob_the_Builder_characters)[[1]](https://en.wikipedia.org/wiki/List_of_Bob_the_Builder_characters)

This is Lofty’s signature hesitant catchphrase in the original series (alongside “I can lift it!”). It is typically his reply when Bob or the team asks a repair- or task-related question like “Can we fix it?” (or similar prompts such as “Can we clear it?”), reflecting his timid personality before he joins in with the group’s confident “Yes, we can!” response.[[1]](https://en.wikipedia.org/wiki/List_of_Bob_the_Builder_characters)[[2]](https://btb.fandom.com/wiki/Lofty_(Original))

This is documented on the Wikipedia “List of Bob the Builder characters” page and related sources (e.g., the Bob the Builder Wiki), which note it as his usual reply to the “Can we fix it?” question. Other characters have their own lines (e.g., Scoop’s “No prob, Bob!” or the crew’s collective “Yes, we can!”), but Lofty’s matches the “in reply to a repair-related question” detail most precisely. In later/reboot versions his lines changed."
68,USS_Iowa_(BB-61),normal,,late,0.9452,What legislative body initially included a specific group in its version of SR19 regarding USS Iowa (BB-61)?,xai,grok-4.3,grok-4.3,9,"[{""query"": ""SR19 USS Iowa (BB-61)""}, {""query"": ""\""SR19\"" \""USS Iowa\"" OR \""BB-61\""""}, {""query"": ""\""SR 19\"" \""Iowa\"" battleship OR BB-61""}, {""query"": ""Iowa Senate Resolution No. 19 SR19 USS Iowa HSMPS Vallejo""}, {""query"": ""\""SR19\"" OR \""Senate Resolution No. 19\"" Iowa USS Iowa""}, {""query"": ""\""SR19\"" Iowa \""House\"" OR \""Senate\"" USS Iowa OR battleship""}, {""query"": ""\""House\"" SR19 OR \""H.R.\"" OR \""House Resolution\"" Iowa USS Iowa OR SR19 battleship""}]",70,0,completed,,"**The Iowa State Senate (or Iowa Senate / Senate of the Iowa General Assembly), in its original version of Senate Resolution 19 (SR 19, adopted April 25, 2009).**[[1]](https://www.wikiwand.com/en/articles/USS_Iowa_%28BB-61%29)[[1]](https://www.wikiwand.com/en/articles/USS_Iowa_%28BB-61%29)

SR 19 was a non-binding resolution supporting preservation of the decommissioned USS *Iowa* (BB-61) as a museum ship. Its Senate-introduced text (sponsored by Sens. Kibbie, Gronstal, and McKinley) explicitly endorsed the proposal by the Historic Ships Memorial at Pacific Square (HSMPS), a Vallejo, California, nonprofit, as the Navy’s sole viable bidder. It highlighted HSMPS’s plan to berth the ship at historic Mare Island in the San Francisco Bay Area and urged support for those efforts.[[2]](https://www.legis.iowa.gov/docs/publications/LGI/83/attachments/SR19.html?layout=false)[[2]](https://www.legis.iowa.gov/docs/publications/LGI/83/attachments/SR19.html?layout=false)

A parallel or companion House resolution (e.g., HR 35) existed but lacked the specific HSMPS/Vallejo endorsement. The Senate-specific language was later struck (notably when the measure evolved into or influenced the 2010 joint resolution SJR 2007), shifting support to whichever qualified group ultimately received the ship. The final outcome favored the Pacific Battleship Center’s bid for the Port of Los Angeles.[[1]](https://www.wikiwand.com/en/articles/USS_Iowa_%28BB-61%29)

This is documented in the official Iowa legislative text of SR 19, contemporary news coverage of the donation process, and references in the ship’s Wikipedia entry and related histories."
69,Casperius_Aelianus,anomalous,untiered,lead,0.0213,What military rank did Casperius Aelianus reportedly hold while serving under the general Vespasian in Judaea?,xai,grok-4.3,grok-4.3,6,"[{""query"": ""Casperius Aelianus Vespasian Judaea""}, {""query"": ""\""Casperius Aelianus\"" rank OR centurion OR tribune OR legion""}, {""query"": ""\""Casperius Aelianus\"" OR \""Casparius Aelianus\""""}, {""query"": ""Casperius Aelianus \""tribune\"" OR \""tribunus\"" OR \""\u03c7\u03b9\u03bb\u03af\u03b1\u03c1\u03c7\u03bf\u03c2\"" Philostratus OR Apollonius""}]",40,1,completed,,"**Military tribune (tribunus militum; a junior officer rank), according to Philostratus’ *Life of Apollonius of Tyana* (late 2nd/early 3rd century AD).**[[1]](https://en.wikipedia.org/wiki/Casperius_Aelianus)[[2]](https://www.livius.org/articles/person/casperius-aelianus/)

This is the only ancient source that directly places Casperius Aelianus (also spelled Casparius) in Vespasian’s forces during the First Jewish-Roman War in Judaea (c. 67–69 AD, while Vespasian was legate under Nero). Philostratus describes him as a young military tribune in Vespasian’s army who later accompanied him to Alexandria in 69 during the Year of the Four Emperors. Secondary sources such as modern Wikipedia summaries and Livius.org explicitly identify the rank as “military tribune” or simply “tribune” (a junior equestrian officer position, typically commanding a cohort or serving on a legate’s staff).[[1]](https://en.wikipedia.org/wiki/Casperius_Aelianus)[[2]](https://www.livius.org/articles/person/casperius-aelianus/)

Note that Philostratus’ account is late and not always reliable, and some historians treat it with caution, but no contradictory evidence exists for this detail. A separate centurion named Casperius is mentioned by Tacitus in an earlier eastern campaign (under Corbulo, 58–63 AD), but this is not linked to the Judaea service under Vespasian. Aelianus later rose to praetorian prefect under Domitian and Nerva."
70,Ring_of_Nestor,anomalous,untiered,mid,0.6085,What museum holds the Ring of Nestor as of 2018?,xai,grok-4.3,grok-4.3,4,"[{""query"": ""Ring of Nestor museum 2018""}, {""query"": ""\""Ring of Nestor\"" museum OR collection OR held OR location""}, {""query"": ""\""Ring of Nestor\"" 2018""}, {""query"": ""Ring of Nestor Ashmolean Museum 2018""}]",35,0,completed,,"**The Ashmolean Museum (University of Oxford, UK; accession AN1938.1130 / CMS VI.229).**[[1]](https://archive.vn/o/ODNm7/https:/en.wikipedia.org/wiki/Ring_of_Nestor)[[1]](https://archive.vn/o/ODNm7/https:/en.wikipedia.org/wiki/Ring_of_Nestor)

This gold signet ring (often called the “Ring of Nestor” after its association with the mythological king of Pylos/Messenia) was acquired by Sir Arthur Evans around 1924–1925 and gifted by him to the Ashmolean in 1939. It has been in the museum’s collection since then. It was removed from display for a period in the 20th century but returned to public view in 1995 and, as of 2018, remained there (it is also referenced in the 2018 CMS volume on the Ashmolean’s Aegean seals).[[1]](https://archive.vn/o/ODNm7/https:/en.wikipedia.org/wiki/Ring_of_Nestor)

Its reported find-spot (a tholos tomb near Kakovatos or Thisbê) and authenticity have long been debated—some scholars view it as a possible early-20th-century forgery—but its institutional location has consistently been the Ashmolean. No other museum is recorded as holding it."
71,1987_ARIA_Music_Awards,normal,,lead,0.078,What hotel hosted the first 1987 ARIA Music Awards ceremony?,xai,grok-4.3,grok-4.3,2,"[{""query"": ""1987 ARIA Music Awards first ceremony hotel venue""}, {""query"": ""\""1987 ARIA Awards\"" hotel OR venue OR hosted""}]",20,1,completed,,"**Sheraton Wentworth Hotel (in Sydney, New South Wales, Australia).**[[1]](https://en.wikipedia.org/wiki/1987_ARIA_Music_Awards)[[2]](https://alldownunder.com/australian-music-aria/1987-aria-awards.htm)

This was the venue for the inaugural ARIA Music Awards ceremony on 2 March 1987 (also called the 1st Australian Recording Industry Association Music Awards). It was hosted by Elton John, featured presenters including Slim Dusty, and was a low-key, non-televised event attended by around 500 industry guests. John Farnham dominated with six wins, largely for *Whispering Jack* and “You’re the Voice.”[[1]](https://en.wikipedia.org/wiki/1987_ARIA_Music_Awards)

This is corroborated across multiple sources, including the official ARIA Wikipedia page, contemporary records, and ARIA history archives. The same hotel hosted the 1988 ceremony before the event moved to larger venues like the Darling Harbour Convention Centre.[[3]](https://web.archive.org/web/20070926235700/http:/www.ariaawards.com.au/history-by-year.php?year=1987)"
72,Trump_International_Hotel_and_Tower_(Chicago),normal,,lead,0.1059,What is located beneath the main Wabash entrance of Trump International Hotel and Tower (Chicago)?,xai,grok-4.3,grok-4.3,10,"[{""query"": ""beneath main Wabash entrance Trump International Hotel Tower Chicago""}, {""query"": ""\""Trump Tower\"" Chicago Wabash entrance beneath OR under OR below""}, {""query"": ""Trump Tower Chicago Pedway OR subway OR tunnel Wabash""}, {""query"": ""Trump Tower Chicago \""freight tunnel\"" OR \""pedway\"" OR \""subway\"" OR \""tunnel\"" Wabash entrance""}, {""query"": ""\""disused freight tunnel\"" Trump Chicago""}, {""query"": ""\""main Wabash entrance\"" Trump OR \""Wabash entrance\"" Trump Tower Chicago beneath OR under OR below OR tunnel OR ramp OR parking OR freight""}, {""query"": ""\""freight tunnel\"" (Trump OR \""401 N. Wabash\"" OR \""Sun-Times\"") Chicago""}]",65,0,completed,,"**A disused (abandoned) freight tunnel from Chicago’s historic narrow-gauge underground freight tunnel system (part of the Chicago Tunnel Company network), which was sealed during construction.**[[1]](https://www.khl.com/news/trump-s-triumphant-tower/1055450.article)[[1]](https://www.khl.com/news/trump-s-triumphant-tower/1055450.article)

The Trump International Hotel and Tower (also known as Trump Tower Chicago) at 401 N. Wabash Avenue occupies the former site of the Chicago Sun-Times building. During site preparation and foundation work (including demolition and caisson drilling into bedrock), crews sealed a disused section of the old freight tunnel system that ran beneath part of the site. This ~60-mile network of ~6–7.5 ft high tunnels (with 2 ft gauge tracks) operated from the early 1900s until the late 1950s for freight, coal, ash, and mail delivery to building basements; it was largely abandoned afterward (with some sections later used for utilities) and is distinct from the public Chicago Pedway.[[1]](https://www.khl.com/news/trump-s-triumphant-tower/1055450.article)

The building’s main Wabash Avenue entrance sits at street level, with the tower body raised ~30 ft above it (and ~70 ft above the Chicago River to the south). The entrance features a cantilevered glass canopy and a distinctive circular/double-helix parking ramp leading to the building’s garage levels (roughly floors 3–12 or similar in the base), but the freight tunnel reference specifically pertains to subsurface conditions under the broader site.[[2]](https://smithgill.com/work/trump_international_hote/)

This detail comes from construction reports on the project’s foundation work (a large reinforced-concrete raft on caissons). No public Pedway connection or active subway/tunnel access is noted at this specific entrance. Note that the old freight tunnels are not publicly accessible and were sealed or bulkheaded in places for safety (especially after the 1992 Chicago flood incident involving a breach near the river)."
73,Casperius_Aelianus,anomalous,untiered,mid,0.4477,What reason does historian Brian Jones suggest led to Casperius Aelianus receiving his promotion under Domitian?,xai,grok-4.3,grok-4.3,5,"[{""query"": ""Brian Jones Casperius Aelianus Domitian""}, {""query"": ""\""Brian Jones\"" \""Casperius Aelianus\""""}, {""query"": ""\""Casperius Aelianus\"" promotion OR promoted Domitian Jones""}, {""query"": ""Brian Jones \""Casperius Aelianus: An Enigma?\""""}]",35,1,completed,,"**The loyalty (or proven loyalty) that Casperius Aelianus had shown to Vespasian during the civil war of AD 69 (the Year of the Four Emperors).**[[1]](https://en.wikipedia.org/wiki/Casperius_Aelianus)[[1]](https://en.wikipedia.org/wiki/Casperius_Aelianus)

Casperius Aelianus (also spelled Casperius Aelianus) served as a military tribune under Vespasian and supported him in the civil war; after Vespasian’s victory and the accession of his son Domitian, Aelianus was appointed one of Domitian’s praetorian prefects (alongside Lucius Laberius Maximus) in the later part of Domitian’s reign (c. the 80s–early 90s AD). This was notable because earlier Flavian prefects had often come from the imperial family, whereas Domitian’s appointees, including Aelianus, generally did not.[[1]](https://en.wikipedia.org/wiki/Casperius_Aelianus)

Historian Brian W. Jones (in works such as his 1973 article “Casperius Aelianus: An Enigma?” and his 1992/2002 book *The Emperor Domitian*) links the appointment to Aelianus’s earlier demonstrated loyalty to Vespasian in 69, viewing it as a key factor in Domitian’s choice of reliable, non-imperial courtiers and prefects who had proven themselves during the Flavian rise to power. Jones also notes related details, such as Aelianus’s later removal from the post (possibly around 93–94) and reappointment under Nerva.[[1]](https://en.wikipedia.org/wiki/Casperius_Aelianus)[[2]](https://web.archive.org/web/20170110153803if_/http:/www.preteristarchive.com:80/Books/pdf/1992_jones_domitian.pdf)

This interpretation draws on ancient references (e.g., Philostratus’s *Life of Apollonius*) and fits the broader pattern of Domitian favoring figures with established Flavian ties for sensitive roles like the praetorian prefecture."
74,Salvatore_Ronald_Matano,normal,,mid,0.3718,What role did Salvatore Ronald Matano take on when he went back to Washington in early 2000?,xai,grok-4.3,grok-4.3,3,"[{""query"": ""Salvatore Ronald Matano Washington 2000""}, {""query"": ""\""Salvatore Ronald Matano\"" OR \""Salvatore Matano\"" role OR position OR appointed Washington 2000""}, {""query"": ""\""Salvatore Matano\"" 2000""}]",29,1,completed,,"**Secretary (or Secretary to the Apostolic Nuncio) at the Apostolic Nunciature in Washington, D.C.**[[1]](https://www.dor.org/about/bishop-salvatore-r-matano/)[[2]](https://en.wikipedia.org/wiki/Salvatore_Ronald_Matano)

Salvatore Ronald Matano (later Bishop of Rochester and previously of Burlington) returned to the Apostolic Nunciature in Washington, D.C., in January 2000. There, he served as secretary to the Apostolic Nuncio to the United States (initially under Archbishop Gabriel Montalvo Higuera).[[2]](https://en.wikipedia.org/wiki/Salvatore_Ronald_Matano)

This is confirmed across multiple sources, including his official diocesan biography and Wikipedia entry, which align on the timing and role. He had previously worked at the Nunciature in the 1990s before returning to parish and teaching duties in Providence."
75,Betelgeuse,normal,,late,0.6997,How long does it take for Betelgeuse-like slow-rotating stars to reach the red supergiant phase?,xai,grok-4.3,grok-4.3,5,"[{""query"": ""time for massive stars like Betelgeuse to reach red supergiant phase""}, {""query"": ""Betelgeuse evolutionary stage age main sequence lifetime""}, {""query"": ""stellar evolution models red supergiant formation timescale slow-rotating stars""}, {""query"": ""Betelgeuse stellar evolution models time to red supergiant slow rotation""}]",43,3,completed,,"**Approximately 8–15 million years from the zero-age main sequence (ZAMS), depending on exact initial mass (typically modeled as ~15–20 solar masses for Betelgeuse analogs), with slow rotators generally reaching the phase on the shorter end of that range.**[[1]](https://en.wikipedia.org/wiki/Betelgeuse)[[1]](https://en.wikipedia.org/wiki/Betelgeuse)

Betelgeuse itself is a red supergiant (RSG) thought to have an initial mass of roughly 15–20 M☉ (current estimates around 14–20 M☉ after mass loss). Stellar evolution models indicate that such massive stars spend most of their lives on the main sequence (core hydrogen burning) as hot, luminous O- or B-type stars before expanding and cooling into the RSG phase after exhausting core hydrogen.[[2]](https://en.wikipedia.org/wiki/Red_supergiant)[[3]](https://science.nasa.gov/universe/what-is-betelgeuse-inside-the-strange-volatile-star/)

Key model-based timescales (from evolutionary tracks matching Betelgeuse’s properties):
- A 15 M☉ star takes ~11.5–15 million years to reach the RSG stage, with faster rotators taking longer (due to rotational mixing effects on lifetime and structure).[[1]](https://en.wikipedia.org/wiki/Betelgeuse)
- For a 20 M☉ star: slow/non-rotating models reach the RSG phase in ~8.1 million years; rapidly rotating ones take ~9.3 million years.[[1]](https://en.wikipedia.org/wiki/Betelgeuse)[[1]](https://en.wikipedia.org/wiki/Betelgeuse)
- Betelgeuse’s own estimated age since ZAMS is ~8.0–8.5 million years (as a non-rotating ~20 M☉ star), consistent with it having recently entered or been in the early RSG phase for perhaps ~40,000 years (or up to ~100,000+ years in some models), after leaving the main sequence roughly a million years ago.[[1]](https://en.wikipedia.org/wiki/Betelgeuse)

These timescales align with broader expectations: massive stars (≳8–10 M☉) have main-sequence lifetimes of roughly 5–20 million years (far shorter than the Sun’s ~10 billion years), after which post-main-sequence evolution to the RSG phase occurs relatively quickly as the star expands following core hydrogen exhaustion.[[2]](https://en.wikipedia.org/wiki/Red_supergiant)[[4]](https://www.space.com/22471-red-giant-stars.html) The RSG phase itself is brief in the star’s overall life (hundreds of thousands of years or less before further evolution toward core collapse), but the question focuses on the time *to reach* it.[[1]](https://en.wikipedia.org/wiki/Betelgeuse)

Rotation influences this via effects on mixing, mass loss, and effective lifetime—slow rotators (like the models favored for Betelgeuse) tend to evolve on shorter overall timescales to the RSG in the quoted examples. Actual times can vary with metallicity, mass-loss rates, and whether the star is single or in a binary, but the 8–15 Myr range is representative for Betelgeuse-like slow-rotating massive stars.[[5]](https://en.wikipedia.org/wiki/Stellar_evolution)

Note that these are model-dependent estimates; observations (e.g., of ejected material or historical brightness) help constrain them but carry uncertainties. Betelgeuse is expected to end its life as a supernova relatively soon on astronomical timescales (remaining RSG lifetime estimates often <100,000–500,000+ years).[[1]](https://en.wikipedia.org/wiki/Betelgeuse)"
76,Phil_Davies_(rugby_union),normal,,lead,0.3239,What position did Phil Davies (rugby union) hold at Cardiff RFC between late 2008 and mid-2009?,xai,grok-4.3,grok-4.3,5,"[{""query"": ""Phil Davies Cardiff RFC 2008 2009""}, {""query"": ""\""Phil Davies\"" \""Cardiff RFC\"" (coach OR director OR position OR role) 2008 OR 2009""}, {""query"": ""Phil Davies \""consultant\"" OR \""consultancy\"" OR \""assistant\"" Cardiff RFC""}, {""query"": ""\""Phil Davies\"" \""Cardiff RFC\"" (consultant OR consultancy OR \""head coach\"" OR assistant)""}]",40,1,completed,,"**Consultant head coach (or consultancy/assistant coach role; also described as a consultancy role or assistant coach).**[[1]](https://en.wikipedia.org/wiki/Phil_Davies_(rugby_union))[[1]](https://en.wikipedia.org/wiki/Phil_Davies_(rugby_union))

This is confirmed in Phil Davies’ Wikipedia entry (and mirrored in other biographical sources), which states he served in this capacity at Cardiff RFC (the Welsh Premiership club side) from November 2008 until May 2009, after his departure from the Scarlets. A contemporary BBC report from December 2008 describes it as a “consultancy role” in which he would support players and coaches, help prepare the team, review structures, and maintain links with the regional Cardiff Blues side.[[2]](http://web.archive.org/web/20081217102029/http:/news.bbc.co.uk/sport2/low/rugby_union/welsh/7786809.stm)[[2]](http://web.archive.org/web/20081217102029/http:/news.bbc.co.uk/sport2/low/rugby_union/welsh/7786809.stm)

The club’s 2008–09 season review does not detail coaching staff, but the timeline aligns with Cardiff RFC winning the Principality Premiership that year. Davies’ Wikipedia coaching table lists the role under “Cardiff (assistant),” consistent with descriptions elsewhere as an assistant or consultant coach.[[1]](https://en.wikipedia.org/wiki/Phil_Davies_(rugby_union))

This was a short-term, hands-on consultancy position alongside his concurrent Wales U20 head-coaching duties; he later moved into a WRU academy role."
77,John_William_Draper,normal,,late,0.9017,What institution holds the John William Draper family papers?,xai,grok-4.3,grok-4.3,3,"[{""query"": ""John William Draper family papers""}, {""query"": ""\""John William Draper\"" papers OR collection OR archive OR repository OR held OR holds""}, {""query"": ""\""John William Draper family papers\""""}]",25,0,completed,,"**Library of Congress (Manuscript Division), Washington, D.C.**[[1]](https://hdl.loc.gov/loc.mss/eadmss.ms011014)[[2]](https://researchworks.oclc.org/archivegrid/collection/data/71131039)

The main collection, titled *John William Draper Family Papers* (1777–1951, bulk 1860–1882; about 16,100 items in 45 containers plus oversize, or 18.4 linear feet), is held there. It includes correspondence, subject files, speeches/articles/books, financial records, and other materials primarily related to scientist/historian John William Draper (1811–1882) and his son Daniel Draper (1841–1931), with additional papers from sons John Christopher Draper and Henry Draper, plus other Draper, Maury, and Ludlow family members.[[3]](https://www.loc.gov/item/mm77018986)[[4]](https://hdl.loc.gov/loc.mss/eadmss.ms011014.3)

It was donated to the Library of Congress by great-grandson Daniel C. Draper in 1973–1974. A finding aid is available online via the Library of Congress website (e.g., hdl.loc.gov/loc.mss/eadmss.ms011014).[[1]](https://hdl.loc.gov/loc.mss/eadmss.ms011014)

Smaller or related holdings exist elsewhere, such as a Draper Family Collection of miscellaneous documents/photographs at the Smithsonian’s National Museum of American History or materials at NYU Special Collections focused on the family’s NYU ties and genealogy, but these are not the primary “John William Draper family papers” collection.[[5]](https://www.americanhistory.si.edu/collections/archival-collection/sova-nmah-ac-0121?edan_fq%5B%5D=date:%221930s%22)[[6]](https://findingaids.library.nyu.edu/archives/mc_11/all/)"
78,Domestic_violence,normal,,mid,0.6385,What percentage of domestic violence victims show signs of depression?,xai,grok-4.3,grok-4.3,10,"[{""query"": ""percentage of domestic violence victims with depression statistics""}, {""query"": ""prevalence of depression in domestic abuse survivors WHO CDC""}, {""query"": ""\""domestic violence\"" OR \""intimate partner violence\"" depression prevalence OR percentage victims OR survivors""}, {""query"": ""Beydoun meta-analysis intimate partner violence depression""}, {""query"": ""Nathanson 2012 prevalence mental health domestic violence shelter depression""}, {""query"": ""percentage depression among domestic violence victims reliable sources""}, {""query"": ""Golding 1999 intimate partner violence meta-analysis depression prevalence""}]",64,0,completed,,"**Around 48% (or roughly 35-70% depending on the study and population), with victims significantly more likely to experience depression than non-victims.**[[1]](https://www.socialwork.va.gov/SOCIALWORK/IPV/VETERANS_PARTNERS/WhatIPV/Effects-Emotional.asp)[[2]](https://psycnet.apa.org/record/1999-03278-001)

A widely cited 1999 meta-analysis by Golding reviewed multiple studies on women experiencing intimate partner violence (IPV, often used interchangeably with domestic violence) and found a weighted mean prevalence of depression of **47.6%** across 18 studies.[[2]](https://psycnet.apa.org/record/1999-03278-001)[[3]](https://link.springer.com/article/10.1023/A:1022079418229) This is frequently rounded to or cited as approximately 48% in summaries from sources like the U.S. Department of Veterans Affairs.[[1]](https://www.socialwork.va.gov/SOCIALWORK/IPV/VETERANS_PARTNERS/WhatIPV/Effects-Emotional.asp)

Other research reports varying but consistently elevated rates:
- A 2012 study of women in a domestic violence shelter/community sample found **54%** diagnosed with depression (alongside 75% with PTSD).[[4]](https://pmc.ncbi.nlm.nih.gov/articles/PMC3381987/)
- Broader estimates for female IPV survivors often fall in the **35-70%** range for high levels of depressive symptoms or diagnoses.[[5]](https://journals.sagepub.com/doi/10.1177/1077801218790700)
- Some sources indicate **50-80%** of survivors may develop severe psychological conditions including depression and PTSD.[[6]](https://www.who.foundation/post/the-missing-link-between-domestic-violence-and-mental-health-support)

Meta-analyses (e.g., Beydoun et al., 2012) show IPV is associated with a **2- to 3-fold increased risk** of major depressive disorder and a **1.5- to 2-fold increased risk** of elevated depressive symptoms.[[7]](https://www.thehotline.org/stakeholders/domestic-violence-statistics/)

These figures primarily come from studies focused on women (who experience higher rates of severe IPV), though men who are victims also face elevated risks. Rates can vary by factors like the severity/duration of abuse, shelter vs. community samples, screening tools used, and demographics. General population depression rates are much lower, highlighting the strong link.[[8]](https://www.psychiatry.org/patients-families/domestic-violence)

**Note**: These are associations from observational data and meta-analyses; not every victim will experience depression, and many factors influence mental health outcomes. Support is available through resources like domestic violence hotlines or mental health services. For the most current or region-specific data (e.g., UK), consult sources like the WHO, CDC, or national health surveys."
79,Cato_the_Elder,normal,,late,0.8864,What type of primary sources did Cato the Elder leave behind that reflected his political views and concerns about Roman society?,xai,grok-4.3,grok-4.3,5,"[{""query"": ""Cato the Elder primary sources writings De Agri Cultura Origines speeches""}, {""query"": ""Marcus Porcius Cato the Elder literary works and political views""}, {""query"": ""Cato the Elder surviving works fragments""}, {""query"": ""Cato the Elder speeches fragments political views""}]",45,3,completed,,"**Cato the Elder (Marcus Porcius Cato, c. 234–149 BC), the Roman statesman, censor, and writer, left behind several categories of his own writings (primary sources) that directly or indirectly reflect his staunchly conservative political views, advocacy for traditional Roman values (*mos maiorum*), opposition to luxury/Greek cultural influence, emphasis on frugality/self-sufficiency/agriculture, Roman/Italian national identity, and critiques of moral/political decline.**[[1]](https://en.wikipedia.org/wiki/Cato_the_Elder)[[2]](https://www.britannica.com/print/article/99975)

His only fully surviving work is the agricultural treatise *De Agri Cultura* (*On Agriculture*, also called *De Re Rustica*), the oldest extant complete work of Latin prose (c. 160 BC). It is a practical manual on estate management, farming techniques, slave labor, rituals, recipes, and household operations, with a preface praising agriculture as the ideal, honorable Roman pursuit while condemning trade and usury as riskier or less respectable. It embodies his concerns about societal shifts toward luxury, large-scale capitalist farming (*latifundia*), and erosion of traditional rural virtues, promoting self-reliance, frugality, and ancestral customs.[[3]](https://penelope.uchicago.edu/Thayer/E/Roman/Texts/Cato/De_Agricultura/home.html)[[4]](https://penelope.uchicago.edu/Thayer/E/Roman/Texts/Cato/De_Agricultura/A*.html)

His major historical work, *Origines* (*Origins*, seven books, begun in old age and left unfinished at his death), survives only in fragments. It covers the founding and early history of Rome (Book 1), origins of other Italian cities (Books 2–3), and later events up to his time (including the Punic Wars). It emphasizes Roman and broader Italian roots/virtues, often avoids naming individual generals (focusing on collective Roman achievement or his own exploits), and serves didactic purposes like teaching his son. This reflects his nationalist and moralistic views, promoting Roman identity and superiority while integrating Italian history.[[5]](https://www.attalus.org/latin/origines.html)[[6]](https://en.wikipedia.org/wiki/Origines)

He was a prolific orator whose political speeches (orations) form another key category. Ancient sources indicate Cicero knew over 150; a collection of around that number survived into the Empire, with titles or fragments known for roughly 80 (some dated as early as 202 BC). These addressed topics like opposition to luxury/extravagance, specific political vendettas (e.g., against the Scipios), foreign policy (e.g., against Carthage with his famous repeated call “*Carthago delenda est*”), defense of allies (e.g., Rhodians), and moral/political issues. Some speeches were incorporated into the *Origines*. Fragments and testimonia show his direct, pragmatic style and vehement defense of traditional Roman morals against perceived decadence.[[7]](https://es.wikipedia.org/wiki/Cat%C3%B3n_el_Viejo)[[1]](https://en.wikipedia.org/wiki/Cato_the_Elder)

Other fragmentary or lost works include didactic/precept literature such as *Libri ad Marcum filium* (precepts or an encyclopedia-like work addressed to his son, covering oratory—“*rem tene, verba sequentur*” [“grasp the matter; the words will follow”]—agriculture, medicine, and practical Roman education over excessive Greek learning); *De re militari* (on military matters/discipline); *Carmen de moribus* (on morals/customs); letters; legal commentaries; and collections of sayings (*dicta* or *apophthegmata*). These reinforce his views on practical Roman virtue, education, and societal order.[[8]](https://discovery.ucl.ac.uk/id/eprint/10171143/)[[9]](https://www.enotes.com/topics/marcus-porcius-cato/criticism/criticism/gian-biagio-conte-essay-date-1987)

These sources—especially the agriculture treatise, history, and speeches—are primary because they are Cato’s own compositions (or close fragments thereof), unlike later biographies (e.g., by Plutarch or Nepos) or quotations by others (e.g., Cicero or Pliny). They collectively illustrate his role as a champion of austere Roman traditions amid Rome’s expanding empire and cultural changes. Modern editions (e.g., Loeb Classical Library volumes) compile the fragments and testimonia. Note that many works beyond *De Agri Cultura* survive only partially due to the loss of ancient texts."
80,Betelgeuse,anomalous,untiered,mid,0.3755,What planet's orbital distance could be used to compare the size of Betelgeuse?,xai,grok-4.3,grok-4.3,3,"[{""query"": ""Betelgeuse size compared to solar system planets orbits""}, {""query"": ""Betelgeuse radius in AU or compared to Jupiter orbit""}, {""query"": ""Betelgeuse \""orbital distance\"" OR \""orbit of\"" planet OR Jupiter OR Saturn OR Mars""}]",28,1,completed,,"**Jupiter (specifically, its orbital distance from the Sun, around 5.2 AU).**[[1]](https://www.reddit.com/r/spaceporn/comments/1pemczd/betelgeuse_and_the_sun_size_comparison/)[[2]](https://en.wikipedia.org/wiki/Betelgeuse)

Betelgeuse is a red supergiant star with a radius estimated at roughly 640–880 times that of the Sun (varying due to pulsations, measurement methods, and distance uncertainties; recent estimates trend somewhat smaller).[[3]](https://skyandtelescope.org/astronomy-news/how-big-is-betelgeuse-really/)[[3]](https://skyandtelescope.org/astronomy-news/how-big-is-betelgeuse-really/) If placed at the center of our solar system in place of the Sun:

- Its surface would engulf the orbits of the inner terrestrial planets (Mercury, Venus, Earth, and Mars) and typically extend to or beyond Jupiter’s orbit (~5.2 AU).[[4]](https://www.eso.org/public/images/potw1726b/)[[5]](https://study.com/academy/lesson/betelgeuse-facts-size-quiz.html)
- Saturn’s orbit (~9.5 AU) would generally lie outside or near the edge.[[1]](https://www.reddit.com/r/spaceporn/comments/1pemczd/betelgeuse_and_the_sun_size_comparison/)

This makes Jupiter’s orbital distance the common benchmark for visualizing its immense scale in popular comparisons and imagery (e.g., ALMA/ESO visualizations). Note that exact size estimates vary—some older or maximum-expansion figures reach or exceed Jupiter’s orbit, while refined measurements suggest it might extend only about two-thirds of the way there—but Jupiter remains the standard reference point.[[3]](https://skyandtelescope.org/astronomy-news/how-big-is-betelgeuse-really/)

These comparisons assume the star’s photosphere (visible surface) and highlight how dramatically larger Betelgeuse is than the Sun."
81,Qatar_diplomatic_crisis,anomalous,untiered,late,0.9067,What happened to fans displaying Qatari symbols during the final of the Qatar diplomatic crisis?,xai,grok-4.3,grok-4.3,9,"[{""query"": ""fans displaying Qatari symbols during final Qatar diplomatic crisis""}, {""query"": ""\""Qatari symbols\"" fans final OR match OR game crisis OR blockade""}, {""query"": ""Qatar diplomatic crisis fans banned Qatari flags OR symbols""}, {""query"": ""Qatar diplomatic crisis fans Qatari shirt OR flag UAE OR Saudi match OR final""}, {""query"": ""British-Sudanese fan Qatar shirt UAE Asian Cup arrested""}, {""query"": ""\""Qatari flag\"" OR \""Qatar shirt\"" fans UAE Asian Cup 2019""}, {""query"": ""Asian Cup final 2019 Qatari fans flags OR symbols OR shirts""}, {""query"": ""The National photos Qatari fans Asian Cup final""}]",60,2,completed,,"**During the 2019 AFC Asian Cup (hosted by the UAE amid the ongoing Qatar diplomatic crisis/blockade), there was notable hostility toward Qatari symbols at matches involving Qatar, but outcomes for fans displaying them varied, with one high-profile disputed case contrasted by evidence of others facing no issues, including reportedly in the final.**[[1]](https://en.wikipedia.org/wiki/Qatar_diplomatic_crisis)[[1]](https://en.wikipedia.org/wiki/Qatar_diplomatic_crisis)

The tournament took place in January–February 2019 in the UAE (a key participant in the crisis that began in 2017). Key incidents included:

- In the semi-final (Qatar vs. UAE hosts), UAE supporters booed the Qatari national anthem and threw shoes and bottles onto the pitch.[[1]](https://en.wikipedia.org/wiki/Qatar_diplomatic_crisis)
- A British-Sudanese fan, Ali Issa Ahmad (also referred to as Ali Essa Ahmed or similar spellings), a dual UK-Sudanese citizen from Wolverhampton, attended a group-stage match (Qatar vs. Iraq on or around 22 January 2019 in Abu Dhabi/Dubai area). He wore a Qatar football shirt, claimed he was beaten/assaulted by fans (and later alleged mistreatment, including by police, such as being beaten or starved while detained), reported it to police, and was subsequently arrested/detained.[[2]](https://www.aljazeera.com/sports/2019/2/6/british-man-in-qatar-football-shirt-claim-charged-in-uae)[[3]](https://www.the-independent.com/news/world/middle-east/uae-football-fan-qatar-shirt-arrest-detained-ali-issa-ahmad-police-a8764366.html)[[4]](https://news.sky.com/story/british-football-fan-beaten-and-starved-in-uae-after-arrest-for-wearing-qatar-shirt-11642186)

UAE authorities denied he was targeted for the shirt itself. They stated he was charged with wasting police time and making false statements/accusations (e.g., about being assaulted), describing it as an attempt to seek media attention. He was held for a period (reports mention days or weeks), faced legal proceedings, and later appealed to FIFA or pursued other actions claiming mistreatment. UK media (e.g., *The Guardian*, *The Independent*, Sky News) covered his claims prominently, while UAE sources pushed back.[[5]](https://www.france24.com/en/20190206-uae-denies-briton-held-wearing-qatar-football-shirt)[[6]](https://www.bbc.com/news/uk-england-birmingham-47256348)

In contrast, *The National* (a UAE-based outlet) published photos showing other fans waving the Qatari flag and wearing Qatari football shirts at matches without any arrests or reported issues, specifically noting this in the context of “the final” (likely referring to the Asian Cup final or final-stage matches).[[1]](https://en.wikipedia.org/wiki/Qatar_diplomatic_crisis)[[1]](https://en.wikipedia.org/wiki/Qatar_diplomatic_crisis) Qatar ultimately won the tournament (defeating Japan 3–1 in the final on 1 February 2019 in Abu Dhabi), and reports of widespread suppression of symbols at that match are not prominent; the emphasis in sources is on the selective or disputed nature of enforcement.[[7]](https://en.wikipedia.org/wiki/2019_AFC_Asian_Cup)

Overall, the episode highlighted tensions from the diplomatic crisis spilling into sports, with mixed enforcement—hostility and at least one contested detention for displaying Qatari symbols, but also instances where fans displayed them freely without repercussions. The crisis itself ended in early 2021 with the Al-Ula agreement."
82,Bobo_Baldé,anomalous,untiered,mid,0.6388,What injury setback did Bobo Baldé experience while representing Guinea in international competition?,xai,grok-4.3,grok-4.3,7,"[{""query"": ""Bobo Bald\u00e9 injury Guinea international""}, {""query"": ""\""Bobo Bald\u00e9\"" injury OR setback Guinea OR \""Guinea national team\""""}, {""query"": ""Bobo Bald\u00e9 injury Africa Cup of Nations OR AFCON Guinea""}, {""query"": ""\""Bobo Bald\u00e9\"" OR \""Bobo Balde\"" (injury OR injured) (AFCON OR \""Africa Cup\"" OR \""African Cup\"" OR Guinea) 2008""}, {""query"": ""\""Bobo Bald\u00e9\"" OR \""Bobo Balde\"" (hamstring OR knee OR ankle OR leg OR thigh OR groin) Guinea OR AFCON OR \""Africa Cup\""""}]",45,0,completed,,"**A hamstring (or thigh strain) injury during the 2008 Africa Cup of Nations (AFCON) in Ghana, which sidelined him for Guinea’s quarter-final loss to Ivory Coast and caused further issues on his return to Celtic.**[[1]](https://www.skysports.com/football/news/3158232/balde-blow-for-bhoys)[[2]](https://web.archive.org/web/20080309155930/http:/www.celticfc.net/home/players/playerInfo/dBalde.aspx)

Bobo Baldé (Dianbobo Baldé), a key defender and occasional captain for Guinea, picked up the injury during the tournament (likely in training or a match). It prevented him from playing in the quarter-final and meant he returned to his club (Celtic) with the problem. He aggravated it in training shortly afterward, missing several weeks of club action—including a Champions League match against Barcelona—and delaying his first-team return until late March 2008.[[1]](https://www.skysports.com/football/news/3158232/balde-blow-for-bhoys)

Contemporary reports (e.g., Sky Sports and Celtic archives) describe it as a hamstring problem or thigh strain; sources sometimes use the terms interchangeably for this type of injury. This fits the timeline in his Wikipedia entry, which notes the AFCON injury affecting his availability after Christmas 2007. No other major international injury setbacks for him are prominently documented in this context."
83,1994–95_Blackburn_Rovers_F.C._season,normal,,mid,0.4205,What was the name of the Chelsea player who scored the equalizing goal against Blackburn Rovers in the 1994–95 Blackburn Rovers F.C. season?,xai,grok-4.3,grok-4.3,4,"[{""query"": ""Chelsea equalizing goal Blackburn Rovers 1994-95""}, {""query"": ""Chelsea vs Blackburn Rovers 1994-95 match report goal scorer""}, {""query"": ""\""equaliser\"" OR \""equalizing goal\"" Chelsea Blackburn 1994 OR 1995""}, {""query"": ""John Spencer Chelsea Blackburn 1994-95""}]",35,1,completed,,"**John Spencer (for Chelsea, in a 1-2 Premier League defeat away at Stamford Bridge).**[[1]](https://en.wikipedia.org/wiki/1994%E2%80%9395_Blackburn_Rovers_F.C._season)[[1]](https://en.wikipedia.org/wiki/1994%E2%80%9395_Blackburn_Rovers_F.C._season)

This occurred during Blackburn Rovers’ 1994–95 Premier League title-winning season (they finished first with 89 points). In the match at Chelsea (Blackburn won 2–1), Blackburn took the lead via a 26th-minute own goal by Erland Johnsen. Spencer equalised for Chelsea in the 56th minute—the first league goal Blackburn had conceded in over seven hours of play—before Chris Sutton headed the winner in the 66th minute.[[2]](https://www.premierleague.com/en/match/14307)

Blackburn also won the return fixture 2–1 at Ewood Park later that season (18 March 1995), but the equaliser referenced in contemporary accounts and Blackburn’s season records is Spencer’s goal in the earlier away match.[[1]](https://en.wikipedia.org/wiki/1994%E2%80%9395_Blackburn_Rovers_F.C._season)"
84,Filipino_cuisine,normal,,late,0.8787,What type of trees are used to harvest tamilok in Filipino cuisine?,xai,grok-4.3,grok-4.3,5,"[{""query"": ""tamilok Filipino cuisine trees harvest""}, {""query"": ""what trees are tamilok harvested from Philippines""}, {""query"": ""tamilok shipworm mangrove trees""}, {""query"": ""tamilok Rhizophora Avicennia""}]",35,0,completed,,"**Mangrove trees, primarily species of *Rhizophora* (such as bakhaw or bakawan) and *Avicennia*, along with other mangrove species like *Sonneratia* (e.g., pagatpat) and sometimes non-mangrove woods like driftwood, coconut palms, or *Shorea* (lawan).**[[1]](https://www.researchgate.net/publication/359265816_HARVESTING_AND_FOOD_CULTURE_OF_SHIPWORM_TAMILUK_BACTRONOPHORUS_THORACITES_IN_PHILIPPINE_MANGROVE_FORESTS)[[2]](https://radar.ph/why-tamilok-the-shell-less-mollusk-in-palawan-and-kalibo-is-the-ultimate-food-dare/)

Tamilok (also spelled tamiluk or tamilok) refers to edible shipworms or wood-boring bivalve mollusks (notably *Bactronophorus thoracites*, and related species like those in the Teredinidae family, sometimes compared to *Teredo navalis*). These are a delicacy in parts of the Philippines, especially Palawan and Aklan (Visayas), typically eaten raw as *kinilaw* (marinated in vinegar, calamansi, onions, and chili) or in other preparations. They are not true worms but elongated clams that bore into and live within submerged or waterlogged wood, feeding on it and filter-feeding seawater.[[3]](https://www.atlasobscura.com/foods/tamilok-clam-philippines)[[4]](https://kusinasecrets.com/kinilaw-na-tamilok/)

Harvesting involves locating and splitting open dead, rotting, or submerged logs/trunks in mangrove forests (or coastal driftwood areas) during low tide, often preferring full moon periods or the dry season (around February–June) when the mollusks are said to be fattest. They are mainly taken from dead or submerged trees rather than living ones to minimize ecological impact, though they can bore into living mangroves as well.[[1]](https://www.researchgate.net/publication/359265816_HARVESTING_AND_FOOD_CULTURE_OF_SHIPWORM_TAMILUK_BACTRONOPHORUS_THORACITES_IN_PHILIPPINE_MANGROVE_FORESTS)[[5]](https://www.travel-tramp.com/tamilok-philippines/)

- **Primary trees**: *Rhizophora* species (e.g., *R. stylosa* or bakhaw/bakawan/bangkao) and *Avicennia* species are the most commonly mentioned; tamilok from these may have distinct flavors noted in local traditions.[[1]](https://www.researchgate.net/publication/359265816_HARVESTING_AND_FOOD_CULTURE_OF_SHIPWORM_TAMILUK_BACTRONOPHORUS_THORACITES_IN_PHILIPPINE_MANGROVE_FORESTS)
- **Other mangroves**: Species like *Sonneratia caseolaris* (pagatpat) are also used.[[1]](https://www.researchgate.net/publication/359265816_HARVESTING_AND_FOOD_CULTURE_OF_SHIPWORM_TAMILUK_BACTRONOPHORUS_THORACITES_IN_PHILIPPINE_MANGROVE_FORESTS)
- **Additional sources**: Driftwood, purposely submerged coconut palms/logs, wood pilings, or other coastal woods (e.g., *Shorea* spp.) near mangroves or in brackish/saltwater areas.[[1]](https://www.researchgate.net/publication/359265816_HARVESTING_AND_FOOD_CULTURE_OF_SHIPWORM_TAMILUK_BACTRONOPHORUS_THORACITES_IN_PHILIPPINE_MANGROVE_FORESTS)

This practice is tied to mangrove ecosystems, where the mollusks help recycle dead wood. Sustainable harvesting from fallen wood is emphasized in some contexts to protect the forests, though increased demand (including for tourism) has raised concerns about overharvesting.[[4]](https://kusinasecrets.com/kinilaw-na-tamilok/)

Note that tamilok is a regional specialty and not widely available outside its source areas due to its short shelf life once removed from the wood. Always source it responsibly from local harvesters familiar with the ecosystems."
85,Kraven_the_Hunter_(film),normal,,late,0.808,What grade did CinemaScore assign to the Kraven the Hunter (film)?,xai,grok-4.3,grok-4.3,2,"[{""query"": ""Kraven the Hunter CinemaScore grade""}, {""query"": ""Kraven the Hunter CinemaScore""}]",20,1,completed,,"**C (on the A+ to F scale).**[[1]](https://comicbook.com/movies/news/sony-spiderman-universe-cinemascores/)[[2]](https://en.wikipedia.org/wiki/Kraven_the_Hunter_(film))

This is the grade assigned by CinemaScore based on opening-night audience polls for the 2024 film *Kraven the Hunter* (released December 13, 2024). It is notably lower than the C+ grades given to the earlier Sony Spider-Man Universe films *Morbius* and *Madame Web*, and it ranks among the weaker scores for comic book movies (comparable to films like the 2019 *Hellboy* reboot).[[3]](https://movieweb.com/kraven-the-hunter-cinemascore-lower-than-morbius-madame-web/)[[4]](https://collider.com/kraven-the-hunter-c-cinemascore/)

This information is corroborated across multiple outlets, including Wikipedia (which directly references CinemaScore data), Collider, ComicBook.com, and MovieWeb. Note that CinemaScore reflects exit-poll responses from opening weekend audiences and is distinct from critic scores (e.g., Rotten Tomatoes) or other audience metrics like PostTrak."
86,Croatian_Americans,normal,,late,0.6926,What year did Croatian Americans establish Croatian Radio New York in Manhattan?,xai,grok-4.3,grok-4.3,5,"[{""query"": ""Croatian Radio New York established year""}, {""query"": ""\""Croatian Radio New York\"" Manhattan Croatian Americans""}, {""query"": ""\""Croatian Radio New York\"" founded OR established OR started""}]",29,1,completed,,"**1969 (specifically, the founding session in mid-February and the first broadcast on February 22).**[[1]](https://www.croatiaweek.com/croatian-radio-new-york-turns-55/)[[2]](https://en.wikipedia.org/wiki/Croatian_Americans)

Croatian Americans established the Croatian Radio Club (later known as Croatian Radio New York or Hrvatski Radio New York) in Manhattan that year. A group of founders gathered in the hall of the Croatian Parish of St. Cyril and Methodius (at 550 West 50th Street) during a snowy night in mid-February 1969 to launch Croatian-language radio programming for the local community. The first 30-minute broadcast, titled “The Voice of Free Croatia,” aired on February 22, 1969, via WHBI radio station.[[3]](https://www.croatianradiony.com/history-crc)

This is corroborated by the organization’s own history, contemporary reports, and references such as the Wikipedia entry on Croatian Americans, which notes the establishment in Manhattan in 1969 (with the club later acquiring a building in Astoria, Queens). The station has marked anniversaries accordingly (e.g., 50th in 2019 and 55th in 2024).[[1]](https://www.croatiaweek.com/croatian-radio-new-york-turns-55/)

The radio began as a volunteer-driven effort by Croatian immigrants and has continued broadcasting news, culture, and community content, initially from temporary locations in Manhattan before relocating."
87,"Embassy_of_the_United_Kingdom,_Berlin",anomalous,untiered,late,0.8854,"What language was the original source material for the Embassy of the United Kingdom, Berlin article translated from?",xai,grok-4.3,grok-4.3,4,"[{""query"": ""Embassy of the United Kingdom, Berlin Wikipedia translated from""}, {""query"": ""\""Embassy of the United Kingdom, Berlin\"" \""translated from\"" OR \""\u00dcbersetzt aus\"" OR \""traduit de\""""}, {""query"": ""site:en.wikipedia.org \""Embassy of the United Kingdom, Berlin\"" translation source""}]",17,2,completed,,"**German (specifically, material from the German Wikipedia article ""Britische Botschaft in Berlin"").**[[1]](https://en.wikipedia.org/wiki/British_Embassy%2C_Berlin)[[1]](https://en.wikipedia.org/wiki/British_Embassy%2C_Berlin)

The English Wikipedia article ""Embassy of the United Kingdom, Berlin"" (also titled or redirected as ""British Embassy, Berlin"") includes a note stating that it contains material originally translated from the corresponding German Wikipedia page. This is consistent with the article’s content drawing on German historical and architectural sources about the embassy’s Wilhelmstraße site and post-reunification building.[[2]](https://en.wikipedia.org/wiki/Embassy_of_the_United_Kingdom,_Berlin)

This translation note is a standard Wikipedia attribution for articles expanded or created from interlanguage sources."
88,"Embassy_of_the_United_Kingdom,_Berlin",anomalous,untiered,late,0.9092,"What is one of the publishers associated with a book about the Embassy of the United Kingdom, Berlin?",xai,grok-4.3,grok-4.3,7,"[{""query"": ""book \""Embassy of the United Kingdom\"" Berlin publisher""}, {""query"": ""\""Embassy of the United Kingdom, Berlin\"" book""}, {""query"": ""\""British Embassy\"" Berlin book OR publication OR publisher""}, {""query"": ""\""Embassy of the United Kingdom, Berlin\"" (book OR monograph OR publication)""}, {""query"": ""\""The Lost Palace: The British Embassy in Berlin\"" publisher""}, {""query"": ""\""Embassy of the United Kingdom, Berlin\"" book OR \""The Embassy of the United Kingdom, Berlin\""""}, {""query"": ""\""The New British Embassy in Berlin\"" NAO publisher OR published""}]",60,0,completed,,"**Book Guild Publishing Ltd (also referred to as The Book Guild Ltd), for the 2017 book *The Lost Palace: The British Embassy in Berlin* by Julia Toffolo.**[[1]](https://www.ebay.com/itm/306431295229)[[2]](https://www.amazon.de/-/en/Lost-Palace-British-Embassy-Berlin/dp/1910878332)

This is a historical account of the former British Embassy building (often called the “lost palace”) in Berlin, which was destroyed in WWII. It is the main published book specifically focused on the topic. A separate UK National Audit Office (NAO) value-for-money report, *The New British Embassy in Berlin* (2000), was published by The Stationery Office, but the Toffolo title is the primary commercial book on the subject.[[3]](https://www.nao.org.uk/reports/the-new-british-embassy-in-berlin/)

(Note that the modern Embassy of the United Kingdom, Berlin, is a different post-war building on Wilhelmstraße.)"
89,Nancy_Raven,anomalous,untiered,mid,0.5906,What relation was Nancy Raven to Watt Sam in terms of their biological family connection?,xai,grok-4.3,grok-4.3,4,"[{""query"": ""Nancy Raven Watt Sam""}, {""query"": ""\""Nancy Raven\"" \""Watt Sam\"" family OR relation OR daughter OR sister OR mother""}, {""query"": ""Nancy Raven Watt Sam \""first cousin once removed\"" OR \""cousin once removed\"" OR \""paternal aunt\""""}]",30,1,completed,,"**Biological cousins (specifically, first cousins once removed); in Natchez kinship terms, Watt Sam was Nancy Raven’s classificatory nephew (and she his classificatory aunt).**[[1]](https://en.wikipedia.org/wiki/Nancy_Raven)[[2]](https://grokipedia.com/page/nancy_raven)

Nancy Raven (c. 1868–1957) and Watt Sam (1876–1944) were the last two fluent native speakers of the Natchez language. Multiple sources, including Wikipedia entries on both and linguistic/anthropological references, describe them as biological cousins. A more detailed account (drawing on sources like the *International Journal of American Linguistics*) specifies that Raven was Sam’s first cousin once removed. This connection runs through her grandmother Ši·mi·šihuh, who was Sam’s paternal aunt.[[2]](https://grokipedia.com/page/nancy_raven)

In traditional Natchez kinship terminology and social structure (which was generally matrilineal for language transmission and clan membership), this made Sam her classificatory nephew. Popular and historical summaries often simply call them “biological cousins” while noting the classificatory relationship.[[1]](https://en.wikipedia.org/wiki/Nancy_Raven)[[3]](https://www.youtube.com/watch?v=xQwPHQQSs1o)

This biological tie is distinct from their marriages or other relations; neither had surviving daughters to pass on the language matrilineally, contributing to its extinction as a spoken tongue after their deaths."
90,Bronson_Koenig,anomalous,untiered,lead,0.1995,What position did Bronson Koenig begin starting after Traevon Jackson got hurt?,xai,grok-4.3,grok-4.3,2,"[{""query"": ""Bronson Koenig started position after Traevon Jackson injury""}, {""query"": ""\""Bronson Koenig\"" \""Traevon Jackson\"" hurt OR injury OR injured starting position""}]",20,0,completed,,"**Point guard (for the Wisconsin Badgers men's basketball team).**[[1]](https://www.foxsports.com/stories/college-basketball/wisconsin-turns-to-koenig-at-point-with-traevon-jackson-hurt)[[2]](https://www.youtube.com/watch?v=yTR9sL4rJKw)

In January 2015, senior point guard Traevon Jackson suffered a broken right foot (requiring surgery) during a game against Rutgers. Sophomore guard Bronson Koenig, previously Jackson’s backup and the first guard off the bench, stepped into the starting lineup at point guard for the remainder of the Big Ten regular season and into the postseason (including the NCAA Tournament).[[3]](https://www.courant.com/2015/03/20/bronson-koenig-proves-a-steady-hand-filling-in-at-point-for-wisconsin/)

Koenig handled the ball-handling and playmaking responsibilities in that role, averaging strong numbers (e.g., around 12 points and low turnovers in his starts) while the team maintained its strong performance. Jackson was expected to miss significant time (around six weeks or more) but hoped to return later in the season.[[4]](https://www.foxsports.com/stories/other/badgers-have-point-guard-conundrum-once-jackson-returns)

This is confirmed across contemporary reports from sources like FOX Sports, AP, and team coverage."
91,Casperius_Aelianus,anomalous,untiered,late,0.7519,What historical figure do some historians suggest may have secretly directed Casperius Aelianus to carry out his actions?,xai,grok-4.3,grok-4.3,21,"[{""query"": ""Casperius Aelianus""}, {""query"": ""\""Casperius Aelianus\"" (historian OR historians) (directed OR secret OR secretly OR behind)""}, {""query"": ""\""Casperius Aelianus\"" (Nerva OR Trajan OR Domitian)""}, {""query"": ""Casperius Aelianus Trajan's agent OR directed by OR secretly""}, {""query"": ""\""Berriman\"" OR \""Todd\"" Casperius Aelianus""}, {""query"": ""\""Casperius Aelianus\"" (Trajan OR Nerva) (agent OR directed OR secret)""}, {""query"": ""\""secretly directed\"" OR \""secretly\"" Casperius Aelianus""}, {""query"": ""\""directed Casperius\"" OR \""directed Aelianus\""""}, {""query"": ""\""Casperius Aelianus\"" (Trajan OR Nigrinus OR Nigerinus OR Cornelius) (directed OR instigation OR instigated OR agent OR secretly)""}, {""query"": ""\""secretly directed Casperius Aelianus\""""}, {""query"": ""\""directed Casperius Aelianus\""""}, {""query"": ""\""Nigrinus\"" OR \""Nigerinus\"" Casperius Aelianus (secret OR secretly OR directed OR instigated)""}, {""query"": ""\""Schwarte\"" Casperius OR Aelianus""}, {""query"": ""\""Casperius Aelianus\"" secretly""}, {""query"": ""\""Casperius Aelianus\"" Nigrinus OR Nigerinus""}, {""query"": ""\""historians suggest may have\"" Casperius OR Aelianus""}, {""query"": ""\""instigation of Trajan\"" OR \""Trajan himself\"" Casperius OR Aelianus""}, {""query"": ""\""secretly directed\"" (Roman OR historian OR Trajan OR Nigrinus OR Aelianus OR Casperius)""}, {""query"": ""\""bribed\"" Casperius Aelianus OR Aelianus bribed""}]",141,1,completed,,"**Trajan (Marcus Ulpius Trajanus), according to historians like Andrew Berriman and Malcolm Todd (with some sources also mentioning the governor Cornelius Nigrinus/Nigerinus as a possible alternative).**[[1]](https://en.wikipedia.org/wiki/Casperius_Aelianus)[[1]](https://en.wikipedia.org/wiki/Casperius_Aelianus)

Casperius Aelianus (or Casperius Aelianus), a Roman praetorian prefect who had served under Domitian and was reappointed by Nerva, led a mutiny of the Praetorian Guard in autumn 97 CE. This pressured the elderly, childless emperor Nerva into adopting the popular general Trajan (then governor of Upper Germany) as his heir and successor, after the Guard demanded the execution of those involved in Domitian’s 96 assassination (including the former prefect Petronius Secundus and the freedman Parthenius).[[1]](https://en.wikipedia.org/wiki/Casperius_Aelianus)

Ancient sources like Cassius Dio describe Aelianus as inciting the troops, but modern historians note the calculated, limited nature of the demands and the timing, which directly facilitated Trajan’s adoption (announced in October 97). Some, including Berriman and Todd, argue this points to Aelianus acting at Trajan’s secret instigation or as his agent to force the succession while Trajan was away from Rome; others suggest he may have been bribed or backed by a rival like the Syrian governor Cornelius Nigrinus (or acted independently). After Nerva’s death in early 98, Trajan had Aelianus and other mutineers removed from power.[[2]](https://www.livius.org/articles/person/casperius-aelianus/)[[3]](https://www.historyhit.com/every-roman-emperor-from-augustus-to-the-sack-of-rome/)

This interpretation remains debated, as the sources are limited and often hostile or summarized, but it explains the mutiny’s political impact in the unstable post-Domitian transition."
92,Lithuania_in_the_Eurovision_Song_Contest_2019,normal,,late,0.6718,Which semi-final placement allows Lithuania in the Eurovision Song Contest 2019 to advance to the final round?,xai,grok-4.3,grok-4.3,9,"[{""query"": ""Lithuania Eurovision Song Contest 2019 semi-final placement advance final""}, {""query"": ""Eurovision 2019 Lithuania semi-final result""}, {""query"": ""Eurovision 2019 semi-final 2 qualifiers top 10""}, {""query"": ""Eurovision 2019 second semi-final qualifiers list""}, {""query"": ""\""second semi-final\"" qualifiers Eurovision 2019""}, {""query"": ""Eurovision 2019 semi final 2 top 10 qualifiers""}]",39,1,completed,,"**A top 10 placement (1st–10th) in the second semi-final (on 16 May 2019).**[[1]](https://en.wikipedia.org/wiki/Lithuania_in_the_Eurovision_Song_Contest_2019)[[1]](https://en.wikipedia.org/wiki/Lithuania_in_the_Eurovision_Song_Contest_2019)

In the Eurovision Song Contest 2019 (held in Tel Aviv, Israel), Lithuania competed with the song “Run with the Lions” performed by Jurij Veklenko. They were allocated to the second semi-final (one of two semi-finals, each with 18 countries). Only the top 10 entries from each semi-final advanced to the grand final (alongside the “Big 5” countries and the host).[[2]](https://eurovisionworld.com/eurovision/2019)

Lithuania performed in position 12 and finished 11th with 93 points, so they did not qualify. A higher ranking (top 10) in that semi-final would have allowed them to advance.[[1]](https://en.wikipedia.org/wiki/Lithuania_in_the_Eurovision_Song_Contest_2019)

(The qualifiers from semi-final 2 included countries such as the Netherlands, North Macedonia, and others that placed in the top 10.)"
93,Nancy_Raven,anomalous,untiered,mid,0.5168,What was Nancy Raven's husband's last name after she married Albert?,xai,grok-4.3,grok-4.3,5,"[{""query"": ""Nancy Raven married Albert husband last name""}, {""query"": ""\""Nancy Raven\"" Albert""}, {""query"": ""\""Albert Raven\"" Nancy""}, {""query"": ""Albert Raven husband Nancy""}]",30,1,completed,,"**Raven (Albert Raven).**[[1]](https://en.wikipedia.org/wiki/Nancy_Raven)[[1]](https://en.wikipedia.org/wiki/Nancy_Raven)

Nancy Raven (born Nancy Chunestudy, also known as Nancy Taylor or Nancy Chunestudy Taylor Waters Raven) was a Natchez storyteller and one of the last fluent speakers of the Natchez language. Historical records, including her Wikipedia biography drawn from linguistic and genealogical sources, note that she married four times. After being widowed from her marriage to a man named Waters, she married Albert Raven around or by 1920 (and was widowed again by the 1930s). Little else is known about him.[[1]](https://en.wikipedia.org/wiki/Nancy_Raven)

Her other names reflect her marriages (e.g., Taylor from her second husband, Will Taylor), and “Raven” comes from this final marriage to Albert Raven. Thus, after she married Albert, her husband’s last name was Raven."
94,Betelgeuse,normal,,mid,0.3867,What is the maximum percentage difference in reported diameter measurements of Betelgeuse?,xai,grok-4.3,grok-4.3,14,"[{""query"": ""Betelgeuse diameter measurements reported values""}, {""query"": ""Betelgeuse angular diameter variations percentage difference""}, {""query"": ""\""Betelgeuse\"" \""diameter\"" OR \""radius\"" measurement OR angular size different values OR reports""}, {""query"": ""Betelgeuse diameter difference 30-35% wavelength""}, {""query"": ""Betelgeuse angular diameter 0.069 OR 69 mas""}, {""query"": ""Betelgeuse \""30\u201335%\"" OR \""30-35%\"" diameter OR size""}, {""query"": ""Betelgeuse \""0.069\"" OR \""69 mas\"" OR \""0.069\u2033\"" diameter OR angular""}, {""query"": ""\""maximum percentage difference\"" Betelgeuse OR \""percentage difference\"" Betelgeuse diameter OR size measurements""}, {""query"": ""Betelgeuse diameter \""60%\"" OR \""60 percent\"" OR \""sixty percent\""""}, {""query"": ""Bonneau Betelgeuse angular diameter""}, {""query"": ""\""maximum percentage difference in reported diameter measurements of Betelgeuse\""""}]",85,1,completed,,"**Up to 30–35% (due to wavelength-dependent measurements), with broader reported angular diameter ranges implying larger discrepancies (e.g., ~64% between extremes like ~42 mas and ~69 mas) and intrinsic pulsational variations cited around 60%.**[[1]](https://en.wikipedia.org/wiki/Betelgeuse)[[1]](https://en.wikipedia.org/wiki/Betelgeuse)

Betelgeuse’s (α Orionis) apparent angular diameter has been measured interferometrically since 1920 (initially ~47 mas or 0.047″ by Michelson & Pease), with subsequent values typically in the ~42–56 mas range (0.042–0.056″) for the photosphere, though some reports extend to ~69 mas (0.069″). These differences arise from factors including the star’s pulsations, non-sphericity, limb darkening, and especially the wavelength of observation.[[1]](https://en.wikipedia.org/wiki/Betelgeuse)

Wikipedia and related sources explicitly note that measurements at varying wavelengths (visible through infrared, and more extremely in UV) produce reported diameters differing by as much as 30–35%, because the apparent size changes with wavelength due to scattering in the extended atmosphere, molecular shells, and thermal emission effects. Near-IR often gives smaller photospheric values (~42–44 mas), while mid-IR or UV can yield larger ones.[[1]](https://en.wikipedia.org/wiki/Betelgeuse)

Broader historical ranges (e.g., 42 mas to 69 mas) correspond to a maximum difference of roughly 64% relative to the smaller value ((69 – 42)/42 ≈ 64%). UV observations can show even larger apparent sizes (e.g., ~125 mas at ~250 nm vs. ~42 mas optically, a factor of ~3).[[2]](https://www.mdpi.com/2075-4434/13/3/50)

Separately, spectroscopic studies of its semiregular pulsations indicate the star’s physical diameter can vary by ~60% over its cycle (hundreds of days), which would also produce differing reported measurements at different epochs.[[3]](https://www.aavso.org/vsots_alphaori)

Direct comparisons are complicated by these effects, distance uncertainties (affecting conversion to physical radius in solar radii or AU), and evolving models of the atmosphere/envelope. Modern near-IR interferometry often converges around ~42–45 mas for the photosphere, corresponding to a radius of roughly 640–800+ R☉ depending on the adopted distance (~400–600 ly).[[4]](https://skyandtelescope.org/astronomy-news/how-big-is-betelgeuse-really/)

In short, while 30–35% is the figure commonly cited for wavelength-driven differences in reported values, the full spread of measurements can be substantially larger."
95,Alex_Kozinski,normal,,late,0.9142,What social media company is Alex Kozinski helping Trump sue in an appellate case?,xai,grok-4.3,grok-4.3,4,"[{""query"": ""Alex Kozinski Trump sue social media appellate""}, {""query"": ""Alex Kozinski helping Trump appellate case social media company""}, {""query"": ""\""Kozinski\"" Trump (Facebook OR Twitter OR X OR Meta OR YouTube OR Google) appeal OR appellate""}, {""query"": ""Alex Kozinski Trump Twitter OR X appeal OR appellate 2024 OR 2025 OR 2026""}]",35,1,completed,,"**Twitter, Inc. (now X Corp., often still referred to as Twitter in the case filings), in the Ninth Circuit appeal of Trump v. Twitter, Inc. (No. 22-15961).**[[1]](https://www.law360.com/articles/1549370/kozinski-reps-trump-in-9th-circ-twitter-censorship-fight)[[2]](https://storage.courtlistener.com/recap/gov.uscourts.ca9.338882/gov.uscourts.ca9.338882.51.0.pdf)

Former Ninth Circuit Judge Alex Kozinski joined the legal team (alongside lead counsel John P. Coale and others) to represent Donald Trump and co-plaintiffs in their appeal challenging the district court’s dismissal of claims that Twitter (and other platforms) censored them due to alleged government pressure or conspiracy, in violation of First Amendment rights.[[3]](https://www.reuters.com/world/us/trump-hires-former-9th-circuit-judge-kozinski-twitter-court-fight-2022-07-02/)[[3]](https://www.reuters.com/world/us/trump-hires-former-9th-circuit-judge-kozinski-twitter-court-fight-2022-07-02/)

Kozinski’s name appears on the appellants’ opening brief and other filings in the Ninth Circuit docket; he also made appearances and submitted supplemental authorities. The appeal was later voluntarily dismissed by stipulation in early 2025.[[4]](https://www.courtlistener.com/docket/66696547/donald-trump-v-twitter-inc/)

This matches reports from 2022 onward (including Reuters and Law360) specifically tying Kozinski to the Twitter appellate matter; no comparable ongoing or recent appellate involvement with Trump suing another social media company (such as Meta/Facebook, Google/YouTube, or others) appears in available sources.[[5]](https://en.wikipedia.org/wiki/Alex_Kozinski)

Note that while the underlying lawsuit and appeal centered on events around the January 6, 2021, Capitol riot and Trump’s subsequent deplatforming, the case has since concluded."
96,Mauro_Ranallo,anomalous,untiered,mid,0.5519,What role did Mauro Ranallo take on after reaching a new contract deal?,xai,grok-4.3,grok-4.3,5,"[{""query"": ""Mauro Ranallo new contract deal role""}, {""query"": ""Mauro Ranallo contract extension OR renewal role OR position""}, {""query"": ""Mauro Ranallo new contract OR deal 2024 OR 2025 OR 2026""}, {""query"": ""\""Mauro Ranallo\"" \""contract\"" (NXT OR WWE OR Bellator OR Maple Leaf)""}]",28,1,completed,,"**Lead (play-by-play) commentator for WWE’s NXT brand (including NXT tapings and TakeOver specials), under a new multi-year deal with WWE in 2017.**[[1]](https://en.wikipedia.org/wiki/Mauro_Ranallo)[[1]](https://en.wikipedia.org/wiki/Mauro_Ranallo)

This followed a period of absence from WWE programming (after issues on SmackDown) and a mutual agreement to part ways that was later revised. Ranallo announced the move on June 22, 2017, after coming to new terms on his contract while still under the original agreement; reports (e.g., from Dave Meltzer) noted the deal focused on NXT duties alongside his other work (such as with Bellator MMA).[[1]](https://en.wikipedia.org/wiki/Mauro_Ranallo)

He held the NXT role until departing WWE in 2020. A later 2019 WWE contract renewal kept him in the same NXT position, and he has since taken on announcing roles elsewhere (e.g., as “The Voice” of Maple Leaf Pro Wrestling in 2024), but the 2017 deal is the clearest match for taking on a new role after a contract agreement.[[2]](https://www.fightful.com/wrestling/report-mauro-ranallo-signs-new-deal-wwe-remain-nxt-lead-announcer/)

Note that Ranallo has long worked across combat sports commentary (boxing on Showtime, MMA, etc.) in addition to wrestling."
97,Abbot,normal,,late,0.8423,"What honorary title is given to celibate priests in the Eastern church, comparable to the role an Abbot holds in monasteries?",xai,grok-4.3,grok-4.3,4,"[{""query"": ""honorary title celibate priests Eastern church comparable to abbot""}, {""query"": ""\""celibate priests\"" \""Eastern\"" title OR honor OR honorary abbot OR archimandrite OR hegumen""}, {""query"": ""Eastern Orthodox celibate priest honorary title like abbot""}]",30,2,completed,,"**Archimandrite (or archimandritēs in Greek; sometimes styled as a mitred archimandrite or with the style “Very Reverend” or “Right Reverend”).**[[1]](https://en.wikipedia.org/wiki/Archimandrite)[[1]](https://en.wikipedia.org/wiki/Archimandrite)

In Eastern Orthodox and Eastern Catholic (Byzantine) traditions, this is an honorary ecclesiastical title primarily bestowed on hieromonks—priest-monks who are celibate and tonsured—often as a mark of distinction, respect, or gratitude for service, even if they have no direct connection to a monastery. It originated as a rank for a superior abbot (hegumenos/igumen) overseeing multiple monasteries or leading a major one, but since around the 18th century it has largely become an honorific, comparable to how an abbot (or hegumen) leads or is associated with monastic communities.[[1]](https://en.wikipedia.org/wiki/Archimandrite)[[2]](https://www.holytrinityorthodox.com/htc/orthodoxy/sacraments/holy-orders/)

It is distinct from titles for non-monastic (typically married) priests, such as archpriest/protopresbyter or protopope, which serve a roughly parallel honorary role. Bishops in these churches are usually selected from among archimandrites. The title carries specific vestment privileges (e.g., a decorated mantle or mitre in some traditions) and is used alongside or above the simpler abbot/hegumen title in ranking.[[3]](https://en.wikipedia.org/wiki/Archpriest)[[4]](https://boutique-orthodoxe.com/en/blogs/blog-orthodoxe/orthodox-priest-vestments-ranks-roles-guide)

This usage is consistent across Greek, Russian/Slavic, and other Eastern traditions, though exact protocols (such as degree requirements in some Greek churches) can vary slightly by jurisdiction."
98,Deng_Adel,anomalous,untiered,mid,0.3561,What was Deng Adel's average points scored each game during his junior year?,xai,grok-4.3,grok-4.3,3,"[{""query"": ""Deng Adel Louisville junior year stats points per game""}, {""query"": ""Deng Adel college basketball stats by year""}]",20,1,completed,,"**Approximately 15.0 points per game (PPG) during his 2017–18 junior season at the University of Louisville (34 games played).**[[1]](https://en.wikipedia.org/wiki/Deng_Adel)[[2]](https://www.basketball-reference.com/cbb/players/deng-adel-1.html)

This is confirmed across multiple sources, including:
- Sports-Reference.com, which lists 15.0 PPG (509 total points in 34 games, or ~14.97 PPG before standard rounding).[[2]](https://www.basketball-reference.com/cbb/players/deng-adel-1.html)
- RealGM, which reports 15.0 PPG.[[3]](https://basketball.realgm.com/ncaa/conferences/Atlantic-Coast-Conference/1/Louisville/67/individual-seasons/Historical/Averages/Qualified/All/Non-Conference_Tournament/All/points/desc/1/)
- Wikipedia, which notes he led Louisville in scoring with 15.0 PPG as a junior (its season table shows 14.9, likely due to rounding).[[1]](https://en.wikipedia.org/wiki/Deng_Adel)

For context, his earlier seasons were lower: 4.0 PPG as a freshman (2015–16) and 12.1 PPG as a sophomore (2016–17). He declared for the 2018 NBA draft after his junior year.[[1]](https://en.wikipedia.org/wiki/Deng_Adel)

Note that minor variations (e.g., 14.9 vs. 15.0) appear due to rounding in different databases, but the standard reported average for his junior year is 15.0 PPG."
99,Padayappa,normal,,late,0.7162,What myth about snakes is depicted in Padayappa that animal experts have criticized as biologically impossible?,xai,grok-4.3,grok-4.3,5,"[{""query"": ""Padayappa snake myth animal experts biologically impossible""}, {""query"": ""Padayappa snakes scene criticism biology""}, {""query"": ""Padayappa snake milk scene""}, {""query"": ""\""Padayappa\"" \""snakes\"" milk OR drink""}, {""query"": ""Padayappa snake drinking milk scene""}]",50,0,completed,,"**The myth that snakes (especially cobras) drink or can digest milk, often shown via offerings poured into anthills or similar scenes.**[[1]](https://www.wikiwand.com/en/articles/Padayappa)[[2]](https://www.cinemaexpress.com/stories/columns/2018/Jan/17/busted-milking-a-myth-4087.html)

In the 1999 Tamil film *Padayappa* (also spelled Padaiyappa), a notable scene involves the protagonist (Rajinikanth) interacting with a snake in an anthill during a sequence tied to serpent worship or protection, which ties into the common cinematic trope of offering milk to snakes as a blessing or devotional act. Animal rights activist and expert Nikhil Talreja (and similar critics) have specifically called out this depiction, noting that it propagates a biologically impossible myth. Snakes are reptiles, not mammals; they lack the digestive enzymes to process lactose in milk and typically consume prey whole rather than drinking liquids like milk.[[3]](https://www.cinemaexpress.com/stories/columns/2018/jan/17/busted-milking-a-myth-4087.html)

This trope appears across Tamil and other Indian cinema (e.g., Amman films) and stems from cultural/religious practices like Naga Panchami offerings, as well as historical snake-charmer tricks involving dehydrated, defanged snakes. Experts emphasize that snakes may lap up liquids when severely dehydrated (mistaking milk for water), but it is not part of their natural diet or physiology, and such scenes can encourage harmful myths or practices.[[4]](https://news.wildlifesos.org/snake-facts-myths/)

The film has faced similar criticism for other animal-related myths, such as bulls charging at red objects."
100,Nancy_Raven,anomalous,untiered,late,0.7013,What relation was Nancy Raven's son Adam Levi to her in Natchez kinship terms?,xai,grok-4.3,grok-4.3,32,"[{""query"": ""Nancy Raven Adam Levi Natchez kinship""}, {""query"": ""\""Nancy Raven\"" \""Adam Levi\"" Natchez""}, {""query"": ""\""Nancy Raven\"" Natchez""}, {""query"": ""Natchez kinship terminology OR terms OR system \""Adam Levi\"" OR \""Nancy Raven\""""}, {""query"": ""\""Natchez\"" kinship \""son\"" OR \""nephew\"" OR \""classificatory\""""}, {""query"": ""\""Adam Levi\"" Natchez OR \""Nancy Raven\"" OR Haas OR kinship""}, {""query"": ""\""Adam Levi\"" \""Nancy\"" Natchez""}, {""query"": ""\""Natchez and Chitimacha Clans and Kinship Terminology\"" Haas PDF OR text OR content""}, {""query"": ""Natchez kinship \""nahkipu\"" OR \""yaa\"" OR son""}, {""query"": ""\""yaa Child\"" Natchez OR \""nahkipu\"" Natchez""}, {""query"": ""\""Natchez kinship terminology\"" Haas \""son\""""}, {""query"": ""\""Adam Levi\"" \""Nancy Raven\""""}, {""query"": ""\""Adam Levi\"" Braggs OR Oklahoma OR Cherokee OR Natchez OR Raven OR Taylor""}, {""query"": ""\""Natchez\"" \""kinship terminology\"" OR \""kinship terms\"" son OR nephew OR child Haas""}, {""query"": ""\""hewu\"" Natchez OR \""waaS\"" Natchez kinship""}, {""query"": ""\""Natchez\"" \""kinship\"" \""classificatory\"" son OR nephew OR aunt""}, {""query"": ""\""Adam Levi\"" (Braggs OR \""Oklahoma\"" OR Tahlequah) (Natchez OR Raven OR Taylor)""}, {""query"": ""\""nahkipu\"" Natchez""}, {""query"": ""\""Natchez\"" classificatory (son OR nephew OR aunt OR child)""}, {""query"": ""\""Adam Levi\"" (kinship OR classificatory OR Natchez OR \""Nancy Raven\"")""}, {""query"": ""\""Adam Levi\"" \""last child speaker\"" OR \""child speaker of Natchez\""""}, {""query"": ""\""kici nahkipu\"" OR \""?asi nahkipu\"" OR \""yaa Child\"" Natchez""}, {""query"": ""\""Natchez and Chitimacha Clans and Kinship Terminology\"" filetype:pdf""}, {""query"": ""\""Nancy Raven's son Adam Levi\""""}, {""query"": ""\""Adam Levi\"" (Haas OR \""Watt Sam\"" OR \""Mary R\"" OR kinship OR term)""}, {""query"": ""\""The Woman Who Was a Fox\"" Kimball PDF OR \""Adam Levi\""""}, {""query"": ""\""Adam Levi\"" (nephew OR aunt OR classificatory OR \""sibling's child\"" OR hewu)""}]",154,1,completed,,"**Son (Natchez term approximately ?asi nahkipu or a form of yaa ""child,"" specifically the male child/son term).**[[1]](https://en.wikipedia.org/wiki/Nancy_Raven)[[1]](https://en.wikipedia.org/wiki/Nancy_Raven)

Nancy Raven (also known as Nancy Taylor; c. 1868–1957), one of the last fluent speakers of the Natchez language, had one son named Adam Levi from her first marriage. He died of tuberculosis at age 20 in 1915, leaving her with no surviving children.[[1]](https://en.wikipedia.org/wiki/Nancy_Raven)[[1]](https://en.wikipedia.org/wiki/Nancy_Raven)

Natchez kinship is matrilineal and classificatory (with terms that group certain relatives, as seen when her biological cousin Watt Sam was termed her classificatory nephew). However, her own son Adam Levi is consistently described in historical and ethnographic sources as her son/child. Linguistic notes from Mary R. Haas’s fieldwork with Raven and Watt Sam record a general term for child (yaa) and a specific term for son (?asi nahkipu, derived from or related to “boy”).[[2]](https://www.jstor.org/stable/663055)

This aligns with the broader Southeastern matrilineal systems (similar in some respects to Creek terminology) in which a woman’s own children are distinguished from siblings’ children (e.g., hewu for sibling’s child/nephew or niece). Adam Levi, as her biological son, would have been referred to with the direct son/child term.[[2]](https://www.jstor.org/stable/663055)

Sources such as Wikipedia summaries of her life, Haas’s 1939 kinship paper, and related ethnographic work confirm this without indicating any reclassification of her own son under a different term like nephew."
101,Phil_Davies_(rugby_union),normal,,lead,0.17,In what year did Phil Davies (rugby union) begin his coaching career at Leeds?,xai,grok-4.3,grok-4.3,2,"[{""query"": ""Phil Davies rugby union coaching career Leeds start year""}, {""query"": ""\""Phil Davies\"" Leeds coach OR coaching OR appointed OR began OR started""}]",20,1,completed,,"**1996 (as player-coach/director of rugby at Leeds Tykes).**[[1]](https://en.wikipedia.org/wiki/Phil_Davies_(rugby_union))[[2]](https://web.archive.org/web/20230501035130/https://www.theguardian.com/sport/2006/may/01/rugbyunion.gdnsport3)

Multiple reliable sources, including his Wikipedia page and contemporary reports, confirm that Phil Davies (born 1963) started his coaching career at Leeds Tykes in 1996. He arrived as a player-coach (or director of rugby/player-coach) when the club was in National Division Four (or sometimes referenced as Division Three in summaries). He remained in the role until 2006, overseeing promotions to higher divisions, including the English Premiership in 2001.[[3]](https://www.yorkshirepost.co.uk/sport/other-sport/leeds-to-namibia-and-back-phil-davies-recalls-tykes-milestone-moments-3547915)[[4]](https://www.ultimaterugby.com/player/view/15730)

This is corroborated across sources like the BBC, The Guardian, and Yorkshire Post articles, which note his arrival in 1996 at age 32 and his decade-long tenure there as the start of his coaching journey.[[5]](https://news.bbc.co.uk/sport2/hi/rugby_union/welsh/4790797.stm) No earlier coaching roles at Leeds (or elsewhere) are mentioned in his career timeline."
102,List_of_India_national_cricket_captains,normal,,lead,0.1791,Who appoints the captains for India's national cricket teams in the List of India national cricket captains?,xai,grok-4.3,grok-4.3,4,"[{""query"": ""List of India national cricket captains who appoints captains""}, {""query"": ""\""List of India national cricket captains\"" appointment OR appoints OR selector OR BCCI""}, {""query"": ""who appoints captain of Indian cricket team BCCI""}]",30,2,completed,,"**The Board of Control for Cricket in India (BCCI), often via its national selection committee (appointed by the BCCI).**[[1]](https://en.wikipedia.org/wiki/List_of_India_national_cricket_captains)[[1]](https://en.wikipedia.org/wiki/List_of_India_national_cricket_captains)

The Wikipedia page ""List of India national cricket captains"" (which includes an infobox on the role) explicitly states in its infobox that the **Appointer** is the ""Board of Control for Cricket in India."" It also notes in the introductory text: ""The captains of the national teams are appointed by BCCI and the India national cricket team selectors appointed by BCCI choose the other players for the national teams.""[[1]](https://en.wikipedia.org/wiki/List_of_India_national_cricket_captains)

In practice:
- The BCCI’s senior men’s (or women’s) selection committee—currently chaired by figures like Ajit Agarkar—handles appointments for specific formats (Test, ODI, T20I), with announcements often coming through BCCI channels.[[2]](https://en.wikipedia.org/wiki/Indian_National_Cricket_Team_Selectors)
- The BCCI constitution empowers the Men’s Selection Committee to appoint captains for each format.[[3]](https://documents.bcci.tv/documents/cms/documents/58cd5b0aa29c3-BCCI%20Constitution%20as%20Finalized%20by%20COA.pdf)
- Recent examples include the BCCI/selection committee naming Shubman Gill as Test and ODI captain (2025) and others like Shreyas Iyer or Suryakumar Yadav for T20Is, following transitions from predecessors like Rohit Sharma.[[4]](https://www.business-standard.com/cricket/news/from-one-to-many-how-indian-cricket-is-embracing-the-multi-captain-era-126060900828_1.html)

This structure applies to both men’s and women’s national teams. The BCCI is India’s national governing body for cricket and oversees all such appointments."
103,Temple_menorah,normal,,lead,0.0442,What city did the Vandals bring the Temple menorah to after attacking Rome?,xai,grok-4.3,grok-4.3,2,"[{""query"": ""Vandals Temple menorah after sacking Rome""}, {""query"": ""Vandals sack Rome menorah Carthage""}]",15,1,completed,,"**Carthage (in modern-day Tunisia, then the capital of the Vandal Kingdom in North Africa).**[[1]](https://en.wikipedia.org/wiki/Temple_menorah)

According to historical accounts, including the 6th-century Byzantine historian Procopius, the Vandals (led by King Genseric/Gaiseric) looted the Temple menorah—among other treasures—from Rome during their sack of the city in 455 CE. They transported it to their capital at Carthage, where it reportedly remained until the Byzantine general Belisarius reconquered the city in 533 CE and sent it to Constantinople.[[1]](https://en.wikipedia.org/wiki/Temple_menorah)

This is the most commonly cited tradition in sources like Wikipedia’s entry on the Temple menorah, Biblical Archaeology Review discussions, and Jewish historical sites (e.g., Chabad and Aish). Note that some scholars debate whether the menorah was definitively among the loot or if it survived earlier events (such as fires in Rome), but the Vandal transfer to Carthage is the standard reported destination.[[2]](https://www.biblicalarchaeology.org/daily/biblical-sites-places/temple-at-jerusalem/where-did-the-temple-menorah-go/)

Later Byzantine accounts say it was eventually returned toward Jerusalem or lost again, but the Vandals’ immediate destination after Rome was Carthage."
104,Conon_(crater),anomalous,untiered,lead,0.0248,What mountain range contains the foothills where Conon (crater) is situated?,xai,grok-4.3,grok-4.3,2,"[{""query"": ""Conon crater Moon location mountain range foothills""}, {""query"": ""Conon (crater) mountain range""}]",15,1,completed,,"**Montes Apenninus (the Apennine Mountains) on the Moon.**[[1]](https://en.wikipedia.org/wiki/Conon_(crater))

Conon is a small lunar impact crater located in the eastern foothills of this prominent mountain range, which forms part of the southeastern rim of the Imbrium Basin (near Mare Imbrium). It is situated just east of the ridge Mons Bradley, with nearby features including craters like Galen and Aratus.[[1]](https://en.wikipedia.org/wiki/Conon_(crater))

This is confirmed directly from lunar geography references, such as Wikipedia’s entry on the crater and related sources on lunar features."
105,MacOS_version_history,normal,,lead,0.2149,What was the initial development approach considered for the MacOS version history's new operating system?,xai,grok-4.3,grok-4.3,4,"[{""query"": ""initial development approach considered for macOS new operating system version history""}, {""query"": ""\""initial development approach\"" macOS OR \""Mac OS X\"" OR macOS""}, {""query"": ""macOS version history development approach""}]",20,1,completed,,"**The initial plan (code-named Rhapsody) was to base the new OS almost entirely on an updated version of OPENSTEP (the evolution of NeXTSTEP), adding a virtual machine subsystem called Blue Box for running classic Mac OS 9 applications.**[[1]](https://en.wikipedia.org/wiki/MacOS_version_history)[[1]](https://en.wikipedia.org/wiki/MacOS_version_history)

This approach stemmed from Apple’s 1997 acquisition of NeXT, which provided the Unix-based foundation (Mach kernel + BSD layers, later packaged as Darwin) and the object-oriented Cocoa framework (from Objective-C/OPENSTEP). The goal was a modern, stable Unix-like system, with developers expected to port apps to the more powerful OPENSTEP libraries. Rhapsody was targeted for a late-1998 release.[[1]](https://en.wikipedia.org/wiki/MacOS_version_history)

This plan faced pushback from major developers (e.g., Adobe), who were unwilling to fully rewrite software amid Apple’s prior broken promises and declining market share. Under Steve Jobs’ leadership, Apple shifted direction: it introduced the Carbon API (a port of the classic Mac OS API to Unix libraries) for easier native compatibility, retained a Classic Environment for legacy apps, and developed the Aqua UI. The first public release was Mac OS X Server 1.0 in 1999, followed by the desktop Mac OS X 10.0 (Cheetah) in 2001.[[1]](https://en.wikipedia.org/wiki/MacOS_version_history)

This history is detailed in sources like the macOS version history Wikipedia page, which covers the transition from classic Mac OS (through Mac OS 9) to the NeXT-derived macOS lineage. Later changes included moving to year-based versioning (e.g., macOS 26 Tahoe in 2025)."
106,Bronson_Koenig,anomalous,untiered,lead,0.0324,What high school did Bronson Koenig attend in his hometown?,xai,grok-4.3,grok-4.3,2,"[{""query"": ""Bronson Koenig high school hometown""}, {""query"": ""Bronson Koenig attended high school""}]",15,1,completed,,"**Aquinas High School (in La Crosse, Wisconsin).**[[1]](https://en.wikipedia.org/wiki/Bronson_Koenig)

Bronson Koenig, a professional basketball player (formerly with the Wisconsin Badgers), was born and raised in La Crosse, Wisconsin. He attended and graduated from Aquinas High School there (also referred to as La Crosse Aquinas or Aquinas in La Crosse), where he played varsity basketball. He led the team to WIAA Division 3 state championships as a sophomore (2011) and senior (2013), earned First Team All-State honors, and was named the 2013 Wisconsin Player of the Year by the Associated Press.[[2]](https://www.basketball-reference.com/players/k/koenibr01.html)

This is confirmed across reliable sources including his Wikipedia page, Basketball-Reference.com, ESPN recruiting profiles, and University of Wisconsin athletics bios.[[3]](http://www.espn.com/college-sports/basketball/recruiting/player/_/id/116312/bronson-koenig)"
107,German_Navy,normal,,late,0.9339,What academic journal published Werner Rahn's study on the German Navy's historical evolution?,xai,grok-4.3,grok-4.3,3,"[{""query"": ""Werner Rahn German Navy historical evolution journal""}, {""query"": ""\""Werner Rahn\"" \""German Navy\"" OR \""Kriegsmarine\"" OR \""Bundesmarine\"" journal OR study OR article OR publication""}, {""query"": ""Werner Rahn \""German Navies from 1848 to 2016\"" journal""}]",30,0,completed,,"**Naval War College Review (specifically Vol. 70, No. 4, Autumn 2017, Article 3; also available via JSTOR and the U.S. Naval War College’s digital commons).**[[1]](https://digital-commons.usnwc.edu/nwc-review/vol70/iss4/3)[[1]](https://digital-commons.usnwc.edu/nwc-review/vol70/iss4/3)

This matches Werner Rahn’s comprehensive English-language study (originally linked to his Hattendorf Prize lecture) on the evolution of German navies from the 1848 Reichsflotte through the Imperial, Weimar, Nazi, and postwar/Bundesmarine eras up to 2016. It traces their strategic development, shifts from confrontation (e.g., two world wars) to cooperation (especially with the U.S. Navy and NATO), and broader historical context.[[2]](https://go.gale.com/ps/i.do?p=AONE&u=googlescholar&id=GALE%7CA513193743&v=2.1&it=r&asid=1530efd6)

Rahn (1939–2022), a retired German naval captain and military historian (former head of the Militärgeschichtliches Forschungsamt), authored or contributed to many works on the topic, including his 1976 dissertation/book on the Reichsmarine and edited volumes like *Deutsche Marinen im Wandel* (2005). However, the question’s reference to an “academic journal” publication of a study on the navy’s overall historical evolution points to this article in the *Naval War College Review*, a peer-reviewed journal focused on naval and maritime history/strategy.[[2]](https://go.gale.com/ps/i.do?p=AONE&u=googlescholar&id=GALE%7CA513193743&v=2.1&it=r&asid=1530efd6)

Other related pieces by Rahn appear as book chapters (e.g., in *The Sea in History – The Modern World*) or in German publications, but this is the standout journal article fitting the description."
108,Phil_Davies_(rugby_union),normal,,late,0.8992,What year did Phil Davies (rugby union) lead Leeds Tykes to win National Division One?,xai,grok-4.3,grok-4.3,2,"[{""query"": ""Phil Davies Leeds Tykes National Division One win year""}, {""query"": ""\""Phil Davies\"" \""Leeds Tykes\"" \""National Division One\"" OR \""National 1\""""}]",19,1,completed,,"**2001.**[[1]](https://en.wikipedia.org/wiki/Phil_Davies_(rugby_union))

Phil Davies served as director of rugby at Leeds Tykes (now Leeds Carnegie) from 1996 to 2006. In the 2000–01 season, he led the team to the National Division One title (winning the league and earning promotion to the English Premiership for 2001–02), with the side losing just two games all season.[[1]](https://en.wikipedia.org/wiki/Phil_Davies_(rugby_union))

This is confirmed across multiple sources, including his Wikipedia page and rugby profiles, which list the 2001 National Division One win among his achievements with the club (alongside the 2005 Powergen Cup).[[2]](https://kids.kiddle.co/Phil_Davies)"
109,Eurasian_magpie,anomalous,untiered,late,0.7278,What type of reasoning ability has been observed in the Eurasian magpie as part of its social cognition?,xai,grok-4.3,grok-4.3,9,"[{""query"": ""Eurasian magpie social cognition reasoning ability""}, {""query"": ""Eurasian magpie theory of mind OR perspective taking OR false belief""}, {""query"": ""\""magpie\"" \""social cognition\"" OR \""social reasoning\""""}, {""query"": ""Eurasian magpie \""perspective taking\"" OR \""experience projection\"" OR \""theory of mind\"" OR \""false belief\"" OR \""knowledge attribution\""""}, {""query"": ""\""Pica pica\"" social cognition OR reasoning OR perspective OR cache protection""}, {""query"": ""Eurasian magpie remember who observed caching OR \""observed them during storing\""""}, {""query"": ""\""Pica pica\"" \""cache\"" OR caching \""observer\"" OR observed OR pilfer OR protection""}, {""query"": ""\""using their own experience to predict the behaviour of conspecifics\"" magpie""}]",80,1,completed,,"**Experience projection (or simulative/perspective-taking reasoning based on one’s own experience to predict others’ behavior), often linked to aspects of perspective-taking or proto-theory-of-mind abilities in social contexts like caching and competition.**[[1]](https://journals.plos.org/plosbiology/article?id=10.1371/journal.pbio.0060202)[[1]](https://journals.plos.org/plosbiology/article?id=10.1371/journal.pbio.0060202)

Eurasian magpies (*Pica pica*) demonstrate this as part of their social cognition, particularly in food-caching and pilfering scenarios. They remember which conspecifics observed them caching and adjust behavior accordingly (e.g., protecting or relocating caches based on who saw what). Studies show they use their personal experience as pilferers/thieves to anticipate how observers might act, a form of “experience projection” or simulation: birds with pilfering experience re-cache food seen by others, while naïve birds do not. This is cited in discussions of their cognitive skills alongside episodic-like memory and tool use.[[2]](https://pmc.ncbi.nlm.nih.gov/articles/PMC2517622/)[[3]](https://www.researchgate.net/publication/23182338_Mirror-Induced_Behavior_in_the_Magpie_Pica_pica_Evidence_of_Self-Recognition)

This ability aligns with broader corvid social intelligence, where individuals track observers’ knowledge states (“who knows what”) and use self-experience to infer others’ likely actions or viewpoints. It is ecologically relevant for scatter-hoarding species facing cache theft risks and is discussed as potentially coevolving with self-awareness capacities.[[1]](https://journals.plos.org/plosbiology/article?id=10.1371/journal.pbio.0060202)

Related evidence includes their passing of the mirror mark test (demonstrating mirror self-recognition/self-awareness in some individuals, a first for a non-mammal and linked in the literature to perspective-taking prerequisites), as well as what-where-when (episodic-like) memory that supports social tracking. These traits are seen as convergent with primate cognition, evolving independently in corvids.[[1]](https://journals.plos.org/plosbiology/article?id=10.1371/journal.pbio.0060202)[[4]](https://en.wikipedia.org/wiki/Eurasian_magpie)

Note that replication of mirror self-recognition has been mixed in follow-up studies, and full “theory of mind” (e.g., false-belief understanding) remains debated or unconfirmed in birds; the documented ability centers on experience-based prediction and observational memory rather than explicit mental-state attribution. These findings come primarily from lab and comparative studies on caching behavior."
110,Air_gun,anomalous,untiered,late,0.9946,What type of technology is an air gun classified as?,xai,grok-4.3,grok-4.3,5,"[{""query"": ""air gun technology classification""}, {""query"": ""what type of technology is an air gun""}, {""query"": ""air gun classified as pneumatic OR compressed air weapon""}, {""query"": ""pneumatic weapon air gun""}, {""query"": ""\""air gun\"" \""pneumatic technology\"" OR \""pneumatic device\""""}]",55,2,completed,,"**An air gun (also called an air rifle, air pistol, pellet gun, or BB gun) is classified as a pneumatic weapon or device that uses pneumatic (compressed air or gas) technology for propulsion.**[[1]](https://en.wikipedia.org/wiki/Pneumatic_weapon)[[2]](https://www.britannica.com/print/article/10712)

It propels projectiles (such as pellets, BBs, darts, or slugs) via the expansion or release of pressurized air or non-combustible gases (commonly air itself or CO₂), rather than chemical explosives or burning propellants like gunpowder in traditional firearms.[[3]](https://www.crosman.com/what-is-an-airgun/)[[4]](https://en.wikipedia.org/wiki/Air_gun)

### Key Technological Aspects
- **Core Principle**: Pneumatics (from the Greek *pneuma*, meaning wind or breath) involves using compressed gas to create mechanical motion or force. Air guns are among the oldest applications of this technology, dating back to at least the 16th century.[[5]](https://smallarmsreview.com/air-power-a-strafing-run-on-the-subject-of-air-guns/)[[4]](https://en.wikipedia.org/wiki/Air_gun)
- **How It Works**: Energy is stored as compressed gas (or generated on demand) and released behind the projectile upon trigger pull, driving it down the barrel. This contrasts with firearms, which rely on rapid gas expansion from combustion.[[2]](https://www.britannica.com/print/article/10712)
- **Common Subtypes (Power Plants)**: These vary by how the compressed gas is generated or stored:
  - **Spring-piston (or spring-powered)**: A spring drives a piston to compress air in a chamber at the moment of firing.
  - **Pump pneumatic (single- or multi-stroke)**: An onboard manual pump compresses air into a reservoir.
  - **Pre-charged pneumatic (PCP)**: A reservoir is pre-filled from an external high-pressure source (e.g., compressor or scuba tank) and metered out per shot.
  - **Gas-powered (e.g., CO₂)**: Uses disposable or refillable compressed gas cartridges (often CO₂, which is stored as a liquid and vaporizes under pressure).[[6]](https://airguncorner.com/blog/types-of-air-guns/)[[4]](https://en.wikipedia.org/wiki/Air_gun)

Air guns are sometimes grouped under broader categories like “air weapons,” “gas weapons,” or “compressed air projectile launchers.” They are distinct from firearms under many legal definitions (e.g., U.S. federal law defines a firearm as using an explosive to expel a projectile) but can still be powerful enough for hunting, target shooting, or other uses depending on design and jurisdiction.[[7]](https://legalclarity.org/can-airguns-be-used-for-self-defense/)

In engineering or technical contexts, they exemplify applied pneumatics, similar to other devices like pneumatic tools, actuators, or launchers (e.g., certain potato cannons or paintball markers).[[1]](https://en.wikipedia.org/wiki/Pneumatic_weapon)

Note that classifications can vary slightly by source or region (e.g., some distinguish “air guns” narrowly from CO₂ “gas guns,” though the terms often overlap), but the fundamental technology remains pneumatic/compressed-gas based."
111,Macaulay_Culkin,normal,,late,0.7892,What family relationship did Macaulay Culkin become distanced from during his childhood?,xai,grok-4.3,grok-4.3,7,"[{""query"": ""Macaulay Culkin family relationship distanced childhood""}, {""query"": ""Macaulay Culkin estranged from father""}, {""query"": ""Macaulay Culkin childhood family issues""}, {""query"": ""\""Macaulay Culkin\"" distanced OR estranged OR \""became distanced\"" OR \""distance from\"" family OR father OR parents childhood OR childhood""}, {""query"": ""\""Macaulay Culkin\"" \""relationship with his\"" father OR dad OR mother OR mom childhood""}, {""query"": ""\""What family relationship did Macaulay Culkin become distanced from during his childhood\""""}]",50,2,completed,,"**His father (Kit Culkin / the father-son relationship), amid abuse allegations and family tensions during his rise to fame as a child actor.**[[1]](https://people.com/who-are-macaulay-and-kieran-culkin-parents-11804611)[[2]](https://en.wikipedia.org/wiki/Kit_Culkin)

Macaulay Culkin (born 1980) has publicly described a strained, abusive relationship with his father, Christopher “Kit” Culkin (a former stage actor who managed his children’s careers). He has called Kit “the worst person he’s ever known,” accused him of physical and mental abuse toward him, his mother Patricia Brentrup, and siblings, and linked it partly to jealousy over Macaulay’s early success.[[3]](https://www.buzzfeed.com/stephaniesoteriou/macaulay-culkin-on-estrangement-from-his-abusive-father)[[4]](https://en.wikipedia.org/wiki/Macaulay_Culkin)

The parents (who never married) separated around 1995 amid Macaulay’s stardom (e.g., *Home Alone* in 1990), leading to a custody battle. Macaulay, then in his mid-teens, chose to distance himself from his father, stating he “wanted nothing to do with” him; he has had no contact for over 30 years (as of recent interviews in 2025). He and his siblings largely became estranged from Kit after the split, while Macaulay has described a good relationship with his mother.[[5]](https://www.today.com/parents/celebrity/macaulay-culkin-relationship-with-father-kit-rcna199164)[[5]](https://www.today.com/parents/celebrity/macaulay-culkin-relationship-with-father-kit-rcna199164)

This aligns with the period of his childhood and early fame (issues reportedly intensified as his career took off, with the family living in tight financial circumstances beforehand). He has also noted removing his parents’ names from a trust fund via legal action and reflected on how the experience shaped his own approach to fatherhood.[[4]](https://en.wikipedia.org/wiki/Macaulay_Culkin)

Note that details come from Culkin’s own interviews and reporting; some family members (e.g., brother Kieran) have offered differing views on the extent of abuse. The core fact of the long-term estrangement from his father is consistently reported across sources."
112,"Embassy_of_the_United_Kingdom,_Berlin",anomalous,untiered,lead,0.2842,"What happened to the Embassy of the United Kingdom, Berlin's building after it sustained damage from wartime bombing?",xai,grok-4.3,grok-4.3,3,"[{""query"": ""Embassy of the United Kingdom Berlin WWII bombing damage what happened to building""}, {""query"": ""British Embassy Berlin history building destroyed or rebuilt after war""}, {""query"": ""\""British Embassy\"" Berlin \""bombing\"" OR \""bombed\"" OR \""damage\"" OR \""destroyed\""""}]",35,2,completed,,"**The original UK Embassy building (Palais Strousberg) at 70 Wilhelmstraße in Berlin was heavily damaged by Allied (primarily RAF) bombing during World War II—particularly in raids around November 1943—and was demolished in 1950.**[[1]](https://en.wikipedia.org/wiki/Embassy_of_the_United_Kingdom,_Berlin)[[2]](https://de.wikipedia.org/wiki/Palais_Strousberg)

The grand 19th-century building (acquired by the UK in 1884) had served as the British diplomatic mission until relations were severed at the start of WWII. It survived earlier incidents like a 1919 fire but was left in ruins by the war’s end. A 1945 visitor noted almost nothing intact except the front gate with the British coat of arms.[[3]](https://web.archive.org/web/20020215002345/http:/www.britischebotschaft.de/building/more.htm)

Despite its status as a protected historic monument, the damaged structure (with up to 80% destruction) was fully demolished in autumn 1950. This followed additional incidental damage during the demolition of the neighboring Hotel Adlon. The cleared site, located in what became East Berlin, remained a vacant wasteland (Brache) through the Cold War division of the city, though the UK retained ownership of the land.[[2]](https://de.wikipedia.org/wiki/Palais_Strousberg)[[4]](https://www.gedenktafeln-in-berlin.de/gedenktafeln/detail/wilhelmstrasse-70)

After German reunification, the UK decided to rebuild on the historic site (plus adjacent plots). A new postmodern embassy building, designed by Michael Wilford, was constructed and officially opened by Queen Elizabeth II on 18 July 2000. The only major surviving element from the original structure is a wrought-iron entrance gate/portal with the British coat of arms, which was preserved and incorporated into the new building (e.g., in the winter garden).[[1]](https://en.wikipedia.org/wiki/Embassy_of_the_United_Kingdom,_Berlin)[[5]](https://www.berlin.de/en/attractions-and-sights/3561156-3104052-british-embassy.en.html)

This history is corroborated across sources including the embassy’s Wikipedia page, German historical records on Palais Strousberg, Berlin.de, and accounts from the UK Government Art Collection and architectural histories."
113,Pipe_organ,normal,,late,0.8349,What type of organs did Max Reger and Sigfrid Karg-Elert utilize when composing their pipe organ symphonic pieces?,xai,grok-4.3,grok-4.3,5,"[{""query"": ""Max Reger organs used for compositions symphonic pieces""}, {""query"": ""Sigfrid Karg-Elert organs used for compositions symphonic pieces""}, {""query"": ""Max Reger Sigfrid Karg-Elert organ type or style Romantic organs""}, {""query"": ""Karg-Elert favorite organ or organs he composed for Sauer Walcker""}, {""query"": ""\""organs of this type\"" Reger Karg-Elert""}]",55,1,completed,,"**Large, symphonic-style late German Romantic (or “orchestral”) pipe organs, especially those built by firms like Wilhelm Sauer and Eberhard Friedrich Walcker (or similar builders of the era), featuring extensive stoplists, multiple manuals, expressive devices (swell boxes/Jalousieschweller and crescendo rollers/Walze), and resources for dynamic and coloristic effects.**[[1]](https://en.wikipedia.org/wiki/Sieben_St%C3%BCcke,_Op._145)[[2]](https://www.thediapason.com/content/performance-practice-max-regers-phantasie-und-fuge-uber-b-c-h-opus-46)

Max Reger (1873–1916) and Sigfrid Karg-Elert (1877–1933) were leading German composers of late-Romantic/early-20th-century organ music, often writing expansive, symphonic works (e.g., Reger’s *Symphonische Fantasie und Fuge* Op. 57 or chorale fantasies treated as “symphonic poems for organ”; Karg-Elert’s symphonic canzonas, chorales, and his Symphony Op. 143). Their compositions exploited the capabilities of contemporary instruments rather than Baroque or classical organs.[[3]](https://digital.lib.washington.edu/server/api/core/bitstreams/f92c0505-21eb-4b4c-b6d7-63698f6b2fd2/content)[[4]](https://vdoc.pub/documents/twentieth-century-organ-music-3hgk6lf85340)

These organs were typically large concert or church instruments (often 3–5 manuals, dozens to over 100 stops) with:
- Rich foundational stops (many 16′ and 8′ flues of varied colors, including strings, flutes, and principals).
- Colorful mutation and reed stops for orchestral imitation.
- Powerful, blended ensembles capable of massive climaxes alongside delicate, nuanced textures.
- Mechanical aids for rapid registration changes and dynamics, such as free combinations, pistons, swell pedals/expression boxes, and the Walze (crescendo roller) for seamless builds.[[2]](https://www.thediapason.com/content/performance-practice-max-regers-phantasie-und-fuge-uber-b-c-h-opus-46)[[2]](https://www.thediapason.com/content/performance-practice-max-regers-phantasie-und-fuge-uber-b-c-h-opus-46)

Reger frequently encountered and composed with Sauer organs (e.g., the 1895 Sauer Op. 650 in Wesel, where his Op. 46 was premiered by Karl Straube; the 1910 Sauer in Görlitz town hall, explicitly linked to his Op. 145; and instruments in Leipzig and elsewhere). He also knew Walcker organs (e.g., in Wiesbaden). Recordings and scholarship often use restored historic Sauer and Walcker instruments for his music, noting their suitability for his dynamic extremes, coloristic writing, and quasi-orchestral effects.[[1]](https://en.wikipedia.org/wiki/Sieben_St%C3%BCcke,_Op._145)[[5]](http://www.musicweb-international.com/classRev/2017/Jan/Reger_organ_051500.htm)[[2]](https://www.thediapason.com/content/performance-practice-max-regers-phantasie-und-fuge-uber-b-c-h-opus-46)

Karg-Elert, who also wrote extensively for the Kunstharmonium (art harmonium/reed organ), composed his pipe-organ works for similar late German Romantic instruments. Scholarship and recordings highlight their affinity with Sauer-style or comparable early-20th-century German organs (e.g., Walcker examples), which provided the tonal palette, dynamic flexibility, and registration resources he used with great finesse for impressionistic colors, symphonic textures, and motivic development. His music is frequently discussed alongside Reger’s in the context of this “high-Romantic” German organ tradition.[[4]](https://vdoc.pub/documents/twentieth-century-organ-music-3hgk6lf85340)[[6]](https://d2vhizysjb6bpn.cloudfront.net/TOCC0111-cd-notes.pdf)[[2]](https://www.thediapason.com/content/performance-practice-max-regers-phantasie-und-fuge-uber-b-c-h-opus-46)

These instruments bridged church and concert use, enabling the “symphonic” character of the repertoire through orchestral-like registration, rapid dynamic shifts, and blended or contrasted timbres—features Reger and Karg-Elert both exploited. Modern performances often seek equivalent Romantic-style organs or careful adaptations on other instruments to realize the intended effects. Note that while Karg-Elert’s harmonium works are significant, the question focuses on his pipe-organ pieces."
114,Bronson_Koenig,anomalous,untiered,lead,0.1234,What was Bronson Koenig's three-point shooting percentage during his senior season?,xai,grok-4.3,grok-4.3,4,"[{""query"": ""Bronson Koenig three-point shooting percentage senior season""}, {""query"": ""Bronson Koenig stats senior year Wisconsin""}]",17,1,completed,,"**39.3% (103 made out of 262 attempts).**[[1]](https://en.wikipedia.org/wiki/Bronson_Koenig)

Bronson Koenig, a guard for the Wisconsin Badgers, played his senior season (2016–17) as a starter in 35 of 36 games. He averaged 14.5 points, 2.1 rebounds, and 2.0 assists per game while shooting 41.9% from the field overall.[[2]](https://www.sports-reference.com/cbb/players/bronson-koenig-1.html)

This is confirmed across sources including his Sports-Reference.com college stats page (which lists the exact 103/262 split for 3-pointers) and his Wikipedia entry, as well as contemporary reports on his performance.[[2]](https://www.sports-reference.com/cbb/players/bronson-koenig-1.html)

Note that his career three-point percentage was 38.8% over four seasons. His senior year marked a strong volume-shooting campaign (leading the team in threes made)."
115,JWoww,normal,,lead,0.1665,What percentage of British/Irish ancestry does JWoww have according to her ancestry test?,xai,grok-4.3,grok-4.3,5,"[{""query"": ""JWoww ancestry test results British Irish""}, {""query"": ""Jenni Farley DNA test ancestry percentage British Irish""}, {""query"": ""\""JWoww\"" OR \""Jenni Farley\"" ancestry OR DNA OR 23andMe OR Ancestry.com British OR Irish OR UK""}, {""query"": ""JWoww 23andMe DNA test YouTube results British Irish""}, {""query"": ""\""JWoww\"" OR \""Jenni Farley\"" \""24%\"" OR \""24 percent\"" British OR Irish DNA OR ancestry OR 23andMe""}]",50,1,completed,,"**24% British & Irish (from her 23andMe DNA test, with Ireland noted as a recent ancestor location).**[[1]](https://ethnicelebs.com/jwoww)[[2]](https://en.wikipedia.org/wiki/JWoww)

Jenni “JWoww” Farley (born Jennifer Lynn Farley) took a 23andMe ancestry test around 2019, with results shared publicly (including on YouTube). The test reported her ancestry as approximately 99.1% European overall, broken down as:[[1]](https://ethnicelebs.com/jwoww)[[3]](https://biographyhost.com/p/jenni-farley.html)

- 24% British & Irish (with Ireland as a recent ancestor location)
- 23.9% Broadly Northwestern European
- 16.9% French & German
- 7.3% Italian
- 5.9% Iberian
- Smaller percentages of Eastern European, Finnish, Sardinian, and Balkan ancestry

This aligns with her self-reported Irish and Spanish background (though the test showed only a modest Iberian component and some unexpected Italian ancestry). Multiple biographical sources, including Wikipedia and EthniCelebs, cite these same 23andMe figures.[[2]](https://en.wikipedia.org/wiki/JWoww)[[1]](https://ethnicelebs.com/jwoww)

Note that DNA ancestry estimates (especially broad categories like “British & Irish”) can vary by testing company, reference populations, and updates over time, but 24% is the consistently reported figure for her British/Irish component from this test. Her family tree research (e.g., English, Irish, French-Canadian, and other European roots on her paternal side) is broadly consistent with the results."
116,Red_Dead_Redemption_2,normal,,late,0.7593,What game series were predicted to avoid competing with Red Dead Redemption 2 by releasing their 2018 entries earlier than usual?,xai,grok-4.3,grok-4.3,6,"[{""query"": ""game series released early 2018 avoid Red Dead Redemption 2""}, {""query"": ""\""games\"" \""earlier\"" \""Red Dead Redemption 2\"" 2018""}, {""query"": ""\""avoid competing\"" OR \""avoid competition\"" \""Red Dead Redemption 2\"" games OR series 2018""}, {""query"": ""Mat Piscatella Red Dead Redemption 2 Assassin's Creed Call of Duty""}, {""query"": ""\""earlier than usual\"" \""Red Dead Redemption 2\"" Assassin's Creed OR Call of Duty""}, {""query"": ""\""annual franchises like Assassin's Creed and Call of Duty\"" \""Red Dead Redemption 2\""""}]",47,1,completed,,"**Assassin's Creed (specifically Assassin's Creed Odyssey) and Call of Duty (specifically Call of Duty: Black Ops 4).**[[1]](https://en.wikipedia.org/wiki/Red_Dead_Redemption_2)[[1]](https://en.wikipedia.org/wiki/Red_Dead_Redemption_2)

These annual blockbuster franchises released their 2018 entries earlier than typical (Odyssey on October 5 and Black Ops 4 on October 12) to avoid direct competition with the highly anticipated *Red Dead Redemption 2*, which launched on October 26, 2018. Industry commentators and analysts, including references in coverage around analyst Mat Piscatella’s July 2018 predictions about RDR2’s sales dominance, noted this scheduling shift for major yearly series like these.[[1]](https://en.wikipedia.org/wiki/Red_Dead_Redemption_2)

This was part of broader industry awareness that RDR2 would likely dominate the fall 2018 market, prompting some publishers to adjust release windows for other big titles. Other games (e.g., Battlefield V) also faced related scheduling considerations, but the question’s phrasing aligns most closely with these two long-running annual franchises."
117,Irish_elk,normal,,mid,0.4287,What color was the hump on the withers of the Irish elk?,xai,grok-4.3,grok-4.3,9,"[{""query"": ""Irish elk hump on withers color""}, {""query"": ""\""Irish elk\"" OR \""Megaloceros giganteus\"" hump withers colour OR color""}, {""query"": ""\""Irish elk\"" \""hump\"" withers""}, {""query"": ""Grotte de Cougnac Irish elk cave art hump color""}, {""query"": ""\""Irish elk\"" \""dark hump\"" OR \""black hump\"" OR \""brown hump\""""}, {""query"": ""Cougnac cave Megaloceros hump color black OR dark OR brown""}]",53,1,completed,,"**Dark (often described as black or dark-colored, based on Upper Paleolithic cave art).**[[1]](https://en.wikipedia.org/wiki/Irish_elk)[[1]](https://en.wikipedia.org/wiki/Irish_elk)

This comes from interpretations of cave paintings (e.g., from Grotte de Cougnac in France, dated roughly 25,000–19,000 years old), which depict the Irish elk (*Megaloceros giganteus*, also called the giant deer) with an overall light body coloration. These show a contrasting dark hump on the withers (shoulder region), along with other markings like a dark back stripe, side stripes, throat collar, and chinstrap.[[2]](https://tetzoo.com/blog/2018/9/9/the-life-appearance-of-the-giant-deer-megaloceros)[[3]](https://donsmaps.com/cougnac.html)

The hump is consistently rendered as dark in the art (sometimes with a crest of raised hairs or linked to muscular/fat support for the massive antlers), and palaeoartists and researchers (e.g., referencing work by Adrian Lister and R. Dale Guthrie) interpret it as a dark or black feature contrasting with the lighter body. Some reconstructions describe it as a hairy, dark-colored or black hump.[[4]](https://www.nationalgeographic.com/science/article/facing-homotherium)

Note that this is inferred from artistic depictions rather than direct physical evidence like preserved fur or pigments on fossils; skeletal features (elongated shoulder vertebrae) support the presence of a hump, likely for muscle, fat storage, or biomechanics, but its exact shade in life is based on the cave art. Modern reconstructions vary slightly but generally follow the “dark hump” detail."
118,Bronson_Koenig,anomalous,untiered,lead,0.3042,What does Bronson Koenig prefer during high-pressure game moments?,xai,grok-4.3,grok-4.3,7,"[{""query"": ""Bronson Koenig high-pressure game moments""}, {""query"": ""Bronson Koenig prefers OR preference OR likes OR favorite high pressure OR clutch OR moments""}, {""query"": ""\""Bronson Koenig\"" basketball OR player OR athlete""}, {""query"": ""\""Bronson Koenig\"" (prefer OR prefers OR preference OR likes OR favorite OR wants) (shot OR shoot OR ball OR moment OR pressure OR clutch)""}, {""query"": ""\""Bronson Koenig\"" \""high pressure\"" OR \""pressure moments\"" OR \""crunch time\"" OR \""big moment\""""}]",40,0,completed,,"**He prefers (and thrives when) having the ball in his hands to take aggressive three-point shots—especially practiced step-back or corner threes—in crunch time.**[[1]](https://www.njherald.com/story/sports/pro/2016/03/23/wisconsin-s-bronson-koenig-thrives/2843629007/)[[1]](https://www.njherald.com/story/sports/pro/2016/03/23/wisconsin-s-bronson-koenig-thrives/2843629007/)

Bronson Koenig, the former Wisconsin Badgers guard (and standout from La Crosse Aquinas High School), is widely known as a clutch performer who actively seeks out high-pressure moments. Key details from reports and interviews include:

- He explicitly wants the ball late in games. In the famous 2016 NCAA Tournament buzzer-beater vs. Xavier (a step-back corner three to win 66-63), he told inbounder Ethan Happ beforehand, “I knew I wanted the ball... pass to me if I’m open,” and pre-visualized the exact shot he’d practiced thousands of times (inspired by Steph Curry’s step-backs). Teammates like Nigel Hayes noted he “loves the big moment” and “wants the moment, he strives for it,” with two leaders both calling for the ball in crunch time.[[2]](https://www.jsonline.com/story/sports/college/uw/2020/04/14/50-greatest-wisconsin-sports-moments-no-39-bronson-koenig/5110659002/)[[3]](https://www.buckys5thquarter.com/2022/3/13/22946578/relive-bronson-koenigs-buzzer-beater-vs-xavier-in-2016-ncaa-tournament-wisconsin-badgers-basketball)[[4]](https://247sports.com/college/wisconsin/article/wisconsin-badgers-guard-bronson-koenig-continues-to-be-clutch-in-the-ncaa-tournament--51940845/)
- He performs best when “on the attack” and shooting. Before that Xavier game, he said, “I have to keep shooting, be on the attack. Because this team is much better when I’m on the attack.” He has described feeling more comfortable with a defender close (taking tough shots) than wide open, and he improved his aggression and shot selection over time.[[2]](https://www.jsonline.com/story/sports/college/uw/2020/04/14/50-greatest-wisconsin-sports-moments-no-39-bronson-koenig/5110659002/)[[5]](https://uwbadgers.com/news/2016/2/24/MBB_0224162443)
- Stats back this up: In the 2015-16 season, he shot a remarkable 54.8% from three (17-of-31) in the final 5 minutes of games and overtime—well above his season average—leading coaches and teammates to trust him with the ball late. He’s repeatedly called “clutch” for hitting big threes or creating space off screens in key moments.[[1]](https://www.njherald.com/story/sports/pro/2016/03/23/wisconsin-s-bronson-koenig-thrives/2843629007/)[[1]](https://www.njherald.com/story/sports/pro/2016/03/23/wisconsin-s-bronson-koenig-thrives/2843629007/)

He credits experience (multiple Final Four runs), practice, instinct over overthinking, and a “clutch gene” mindset for this, often letting shots “fly” while trusting the work he’s put in.[[6]](https://www.si.com/college/wisconsin/basketball/bronson-koenig-overcame-depression-trauma-and-angst-to-hit-one-of-wisconsin-basketball-s-greatest-shots) This reputation carried from high school state titles through college and into his pro career."
119,Eurasian_magpie,anomalous,untiered,late,0.8178,"What has led to the Eurasian magpie being persecuted, according to the passage?",xai,grok-4.3,grok-4.3,9,"[{""query"": ""What has led to the Eurasian magpie being persecuted""}, {""query"": ""\""Eurasian magpie\"" persecuted OR persecution passage OR text OR article""}, {""query"": ""\""Eurasian magpie being persecuted\""""}, {""query"": ""\""Eurasian magpie\"" \""persecuted\"" passage OR reading OR text OR comprehension OR IELTS OR exam""}, {""query"": ""\""what has led to the Eurasian magpie being persecuted\""""}, {""query"": ""Eurasian magpie persecuted \""egg-stealing\"" OR \""nest-robbing\"" OR \""nest predator\""""}, {""query"": ""site:en.wikipedia.org Eurasian magpie persecuted OR persecution""}, {""query"": ""\""led to the\"" magpie persecuted OR persecution Eurasian OR common OR pica""}]",60,0,completed,,"**Its egg-stealing and nest-robbing habits (or reputation as a nest predator of songbirds and game birds), leading gamekeepers and farmers to view it as “vermin.”**[[1]](https://birdsoftheworld.org/bow/species/eurmag1/cur/introduction)[[2]](https://www.sciencedirect.com/science/article/abs/pii/S0169204616301530)

This is the primary reason cited in ornithological sources for historical persecution of the Eurasian magpie (*Pica pica*). It is also sometimes linked to broader perceptions of it as a threat to livestock/game or (in parts of Europe) superstition, though nest predation is the most consistently mentioned factor. Note that no specific passage was provided in the query, so this draws from standard references like *Birds of the World* and related studies. Populations are now generally stable or increasing in many areas and classified as Least Concern."
120,"Embassy_of_the_United_Kingdom,_Berlin",anomalous,untiered,lead,0.1533,"What happened to the Embassy of the United Kingdom, Berlin's building following Strousberg's financial collapse?",xai,grok-4.3,grok-4.3,6,"[{""query"": ""Embassy of the United Kingdom Berlin Strousberg financial collapse""}, {""query"": ""\""UK Embassy\"" Berlin Strousberg""}, {""query"": ""Strousberg Berlin building UK embassy""}, {""query"": ""Palais Strousberg bankruptcy OR collapse OR Strousberg bankruptcy""}]",37,2,completed,,"**Following Bethel Henry Strousberg’s (the “Railway King”) financial collapse and bankruptcy in 1875, his grand Palais Strousberg (built 1867–68 at 70 Wilhelmstraße in Berlin as his lavish city mansion) was seized by creditors as an asset.**[[1]](https://en.wikipedia.org/wiki/Palais_Strousberg)[[1]](https://en.wikipedia.org/wiki/Palais_Strousberg)

It was sold on 20 March 1876 to Prince Hugo zu Hohenlohe-Öhringen (Duke of Ujest/Ratibor). The prince did not occupy it; instead, from around 1877 it was rented to the British Embassy (then the Embassy of Great Britain and Ireland), with Lord Odo Russell as the first ambassador to a united Germany. The UK government purchased the property outright on 18 December 1884 from the prince (via the Commissioners of Her Britannic Majesty’s Works and Public Buildings).[[2]](https://en.wikipedia.org/wiki/Embassy_of_the_United_Kingdom,_Berlin)[[1]](https://en.wikipedia.org/wiki/Palais_Strousberg)

The building served as the British Embassy for decades afterward (with some alterations, including a new great hall overseen by the original architect August Orth). It was later heavily damaged in World War II, stood empty or in other use during the war and immediate postwar period, and was demolished by East German authorities in the 1950s (despite some historic listing). The site remained in UK ownership and was redeveloped with the current British Embassy building after German reunification (opened 2000).[[2]](https://en.wikipedia.org/wiki/Embassy_of_the_United_Kingdom,_Berlin)

In short, Strousberg’s bankruptcy directly led to the palace passing out of his family’s hands, being sold, and then becoming (first by lease, then by purchase) the long-term home of the UK diplomatic mission in Berlin."
121,Council_of_State_(Ireland),normal,,lead,0.3281,What body was originally intended to serve as the collective vice-presidency in the Council of State (Ireland) framework before the presidential commission took over this role?,xai,grok-4.3,grok-4.3,6,"[{""query"": ""Council of State Ireland collective vice-presidency Presidential Commission""}, {""query"": ""\""collective vice-presidency\"" Ireland OR \""Council of State\""""}, {""query"": ""\""presidential commission\"" Ireland Council of State""}, {""query"": ""Article 14 originally Council of State Presidential Commission Ireland constitution draft""}, {""query"": ""\""originally the Council of State was to fill this function\""""}]",45,1,completed,,"**The Council of State (an Chomhairle Stáit) itself (in draft versions of the 1937 Constitution).**[[1]](https://en.wikipedia.org/wiki/Council_of_State_(Ireland))[[1]](https://en.wikipedia.org/wiki/Council_of_State_(Ireland))

Under the final 1937 Constitution of Ireland (Bunreacht na hÉireann), Article 14 establishes the three-member Presidential Commission (typically the Chief Justice, Ceann Comhairle, and Cathaoirleach of the Seanad, with substitutes) as the collective vice-presidency. It exercises the President’s powers and functions during absence, incapacity, vacancy, or other contingencies (with the Council of State retaining a residual fallback role under Article 14.4 for unforeseen cases).[[2]](http://www.legislation.ie/eli/cons/en/html)

During drafting, however, the Council of State was originally intended to perform this collective vice-presidential role (or to supply nominated members for a commission drawn from it). Later revisions decoupled the two bodies, creating the fixed-membership Presidential Commission instead. The Council of State’s advisory role (under Article 31) and its residual contingency powers were retained.[[1]](https://en.wikipedia.org/wiki/Council_of_State_(Ireland))

This change is noted in standard sources on the Constitution’s history and the Council of State’s evolution from the draft text. The Presidential Commission first acted in the transitional period after the Constitution took effect in December 1937 (before the first President was inaugurated in 1938)."
122,Bobo_Baldé,anomalous,untiered,mid,0.4228,What competition did Bobo Baldé receive a booking in during Celtic's heavy defeat?,xai,grok-4.3,grok-4.3,6,"[{""query"": ""Bobo Bald\u00e9 booking Celtic heavy defeat""}, {""query"": ""Bobo Bald\u00e9 yellow card Celtic loss competition""}, {""query"": ""\""Bobo Bald\u00e9\"" Celtic \""heavy defeat\"" OR \""heavy loss\"" OR \""thrashed\"" booking OR booked OR yellow OR card""}, {""query"": ""Bobo Bald\u00e9 Artmedia booking OR booked OR yellow OR card""}, {""query"": ""\""Celtic\"" \""5-0\"" Artmedia Bald\u00e9 OR Balde booking OR booked OR yellow OR card OR caution""}]",45,1,completed,,"**UEFA Champions League (second qualifying round / qualifier), specifically the first leg against Artmedia Bratislava (a 5-0 defeat on 27 July 2005).**[[1]](https://en.wikipedia.org/wiki/Bobo_Bald%C3%A9)[[2]](http://news.bbc.co.uk/sport2/hi/football/teams/c/celtic/4718461.stm)

This matches the details of Celtic’s heavy 5-0 loss (one of their worst European results at the time, under new manager Gordon Strachan) in the opening competitive match of the 2005–06 season. Bobo Baldé (also spelled Balde) was among the players booked in the game (alongside Stiliyan Petrov), according to match reports; he was later criticised for his performance and dropped for the next fixture.[[1]](https://en.wikipedia.org/wiki/Bobo_Bald%C3%A9)

This stands out from other notable Celtic defeats involving Baldé (such as the 2003 UEFA Cup final loss to Porto, where he was sent off for a second booking, or various domestic games), as it was a clear “heavy defeat” with a single booking noted. The tie ended in elimination on aggregate despite a 4-0 second-leg win."
123,Santa_Cruz,normal,,lead,0.2415,In which Spanish province is the municipality of Santa Cruz de la Serós located?,xai,grok-4.3,grok-4.3,2,"[{""query"": ""Santa Cruz de la Ser\u00f3s province Spain""}, {""query"": ""Santa Cruz de la Ser\u00f3s municipality location""}]",14,1,completed,,"**Huesca (in the autonomous community of Aragon).**[[1]](https://en.wikipedia.org/wiki/Santa_Cruz_de_la_Ser%C3%B3s)

Santa Cruz de la Serós is a small municipality and village in the province of Huesca, located about 88 km from the city of Huesca, on a hillside near the Monastery of San Juan de la Peña.[[1]](https://en.wikipedia.org/wiki/Santa_Cruz_de_la_Ser%C3%B3s) This is confirmed across multiple sources, including Wikipedia, tourism sites, and local references."
124,"Embassy_of_the_United_Kingdom,_Berlin",anomalous,untiered,mid,0.6399,"What type of relationship did the Embassy of the United Kingdom, Berlin aim to build with the German public?",xai,grok-4.3,grok-4.3,7,"[{""query"": ""Embassy of the United Kingdom Berlin aim relationship German public""}, {""query"": ""\""British Embassy\"" Berlin \""German public\"" OR \""German people\"" relationship OR relations OR aim OR build OR foster""}, {""query"": ""site:gov.uk British Embassy Berlin public diplomacy OR relationship German""}, {""query"": ""\""forge good and open relationships\"" OR \""good and open relationships with the German public\"" embassy OR Wilford""}, {""query"": ""\""modern embassies to forge good and open relationships\""""}, {""query"": ""Wilford embassy Berlin \""German public\""""}]",55,1,completed,,"**A “good and open” (or open, accessible, and transparent/people-to-people) relationship, often described in terms of public diplomacy, accessibility, and closer societal ties.**[[1]](https://en.wikipedia.org/wiki/Embassy_of_the_United_Kingdom,_Berlin)[[1]](https://en.wikipedia.org/wiki/Embassy_of_the_United_Kingdom,_Berlin)

This is reflected in the design of the current British Embassy building (opened in 2000 on Wilhelmstraße in Berlin). Architect Michael Wilford incorporated public-facing features like a café, library, and restaurant on the main floor specifically to support modern embassies’ need to “forge good and open relationships with the German public.” (Note that post-9/11 security changes later restricted some of these originally intended public spaces.)[[1]](https://en.wikipedia.org/wiki/Embassy_of_the_United_Kingdom,_Berlin)

Official UK government descriptions of the embassy’s role emphasize maintaining and developing bilateral relations with Germany (including government-to-government work on foreign policy, security, trade, innovation, and migration), while recent joint declarations and initiatives (such as the Kensington Treaty framework and people-to-people programmes) highlight broader goals like increased societal contacts, youth/education exchanges, and cultural ties.[[2]](https://www.gov.uk/world/organisations/british-embassy-berlin)[[3]](https://www.gov.uk/government/news/joint-declaration-on-deepening-and-enhancing-uk-germany-relations)

In short, the embassy’s approach combines traditional diplomacy with efforts to foster approachable, transparent, and mutually beneficial engagement with the German public and civil society."
125,Canada_jay,normal,,late,0.7441,How many food items might a Canada jay store annually using memory-based retrieval?,xai,grok-4.3,grok-4.3,11,"[{""query"": ""Canada jay OR gray jay food caching memory retrieval number of items annually""}, {""query"": ""\""Canada jay\"" OR \""gray jay\"" cache OR caching OR store OR storage food items OR caches memory""}, {""query"": ""Perisoreus canadensis caching behavior food storage""}, {""query"": ""Canada jay OR gray jay \""thousands of\"" cache OR caches OR caching OR store OR storage""}, {""query"": ""\""Canada jay\"" OR \""gray jay\"" cache OR caching \""per day\"" OR daily OR annually OR \""per year\"" OR summer""}, {""query"": ""Strickland Ouellet Canada jay caching number OR thousands""}, {""query"": ""\""Canada jay\"" OR \""gray jay\"" OR \""grey jay\"" (\""thousands of\"" OR thousand) (food OR pieces OR items OR caches OR boluses) (year OR annually OR \""per year\"" OR summer)""}, {""query"": ""\""single Canada jay\"" OR \""a Canada jay\"" OR \""one Canada jay\"" (thousand OR thousands) (food OR cache OR caching)""}]",72,1,completed,,"**Thousands (often cited as thousands of pieces/items per year or season, with some sources noting up to ~1,000 per day during peak caching periods or tens of thousands total for winter stores).**[[1]](https://en.wikipedia.org/wiki/Canada_jay)[[1]](https://en.wikipedia.org/wiki/Canada_jay)

Canada jays (also known as gray jays or grey jays; *Perisoreus canadensis*) are scatter-hoarders that cache perishable food items (such as insects, berries, fungi, carrion, seeds, or small vertebrates) throughout their territory, primarily in late summer and fall, to survive harsh winters and support early breeding. They coat items in sticky saliva from enlarged salivary glands to form boluses that stick to tree bark crevices, under lichen, in conifer needles, or similar spots above the snow line.[[1]](https://en.wikipedia.org/wiki/Canada_jay)[[2]](https://birdsoftheworld.org/bow/species/gryjay/cur/foodhabits)

They rely on spatial (and sometimes episodic-like) memory for retrieval rather than random searching, recovering a high percentage of caches (around 80% in some observations) even months later. This memory-based strategy supports their year-round residency in boreal/subalpine forests.[[3]](https://www.facebook.com/ontarioparks/posts/did-you-know-a-single-canada-jay-can-hide-a-thousand-pieces-of-food-a-dayand-how/10157497850498248/)[[4]](https://flatheadaudubon.org/bird-of-the-month/gray-jay/)

Exact figures vary by source and conditions (e.g., food availability, territory size ~150 hectares, individual behavior), but popular and scientific summaries consistently describe:
- Thousands of items/locations cached per year (or per summer/fall season).[[1]](https://en.wikipedia.org/wiki/Canada_jay)
- Up to ~1,000 pieces per day during active periods.[[5]](https://blog.ontarioparks.ca/canada-jays/)
- Tens of thousands total in some accounts for sustaining winter needs.[[6]](https://canadiangeographic.ca/articles/oh-canada-jay-the-story-behind-an-icon-in-the-making/)

Caches are typically small and scattered (often near food sources but sometimes farther) to reduce theft risk by competitors like Steller’s jays. Not all caches are recovered or usable (due to spoilage, theft, or weather), and southern populations may cache less due to milder conditions or spoilage risks.[[7]](https://www.fs.usda.gov/database/feis/animals/bird/peca/all.html)

These behaviors are well-documented in references like Strickland & Ouellet (the primary species account) and field studies on caching ecology. Numbers are estimates based on observations rather than precise tallies for every bird."
126,"Embassy_of_the_United_Kingdom,_Berlin",anomalous,untiered,lead,0.2351,"What year did the Embassy of the United Kingdom, Berlin get reoccupied following the 1919 revolution?",xai,grok-4.3,grok-4.3,3,"[{""query"": ""Embassy of the United Kingdom Berlin reoccupied after 1919 revolution year""}, {""query"": ""\""British Embassy\"" Berlin history reoccupied OR reopened after revolution OR 1919""}, {""query"": ""\""UK Embassy\"" OR \""British Embassy\"" Berlin 1919 OR 1920 OR 1921 OR 1922 revolution OR Weimar""}]",30,1,completed,,"**1920.**[[1]](https://en.wikipedia.org/wiki/Embassy_of_the_United_Kingdom,_Berlin)[[2]](https://roomfordiplomacy.com/part-1-berlin-1871-1945-2/)

The Embassy of the United Kingdom in Berlin (then at the Palais Strousberg on Wilhelmstraße) stood empty after diplomatic relations were broken off at the start of World War I in 1914. It survived a fire during the upheavals of the German Revolution of 1918–1919 (often called the 1919 revolution) but was repaired and reoccupied in 1920. This coincided with the arrival of the first postwar British ambassador, Edgar Vincent, 1st Viscount d’Abernon (Lord d’Abernon).[[1]](https://en.wikipedia.org/wiki/Embassy_of_the_United_Kingdom,_Berlin)[[2]](https://roomfordiplomacy.com/part-1-berlin-1871-1945-2/)

This is corroborated by the embassy’s official history on Wikipedia, the “Room for Diplomacy” project (drawing on Foreign Office and Office of Works records), and other historical accounts of the interwar period. Diplomatic relations were again broken off at the outbreak of World War II in 1939.[[2]](https://roomfordiplomacy.com/part-1-berlin-1871-1945-2/)

(Note that this refers to the pre-WWII embassy building and its reoccupation after the 1918–19 revolution, not later postwar or post-reunification developments.)"
127,Chinghiz_Aitmatov,normal,,mid,0.5462,In which two languages was Chinghiz Aitmatov equally proficient as a native speaker?,xai,grok-4.3,grok-4.3,3,"[{""query"": ""Chinghiz Aitmatov languages proficient native""}, {""query"": ""Chinghiz Aitmatov Kyrgyz Russian""}, {""query"": ""\""Chinghiz Aitmatov\"" \""native speaker\"" OR \""equally proficient\"" OR \""bilingual\""""}]",29,1,completed,,"**Kyrgyz (or Kirghiz) and Russian.**[[1]](https://en.wikipedia.org/wiki/Chinghiz_Aitmatov)

Chinghiz Aitmatov (1928–2008), the prominent Kyrgyz author, was a bilingual and bicultural writer who grew up fluent in both languages. His family spoke Kyrgyz and Russian, and he attended Soviet schools where he developed strong bilingual skills. He explicitly stated in interviews that Russian was “as much of a native language for him as Kyrgyz,” and he wrote prose, plays, and other works in both (early works often in Kyrgyz, later ones primarily in Russian, sometimes producing parallel versions).[[1]](https://en.wikipedia.org/wiki/Chinghiz_Aitmatov)

This is corroborated across sources, including his Wikipedia entry, biographical accounts, and literary analyses, which describe him as equally at home in both languages and note his harmonious blending of Kyrgyz folklore with Russian literary traditions. His mother was Tatar, but the dominant influences were Kyrgyz (paternal/family heritage and local culture) and Russian (education, literature, and Soviet context).[[2]](https://www.theguardian.com/books/2008/jul/15/culture.obituaries)

He is widely recognized as a major figure in both Kyrgyz and Russian literature."
128,Victory_(The_Jacksons_album),normal,,mid,0.6142,What is unique about the lineup of brothers featured on Victory (The Jacksons album) compared to other releases in their catalog?,xai,grok-4.3,grok-4.3,5,"[{""query"": ""The Jacksons Victory album brothers lineup unique""}, {""query"": ""The Jacksons albums brothers featured comparison Victory""}, {""query"": ""Victory The Jacksons 1984 all six brothers""}, {""query"": ""2300 Jackson Street album brothers lineup""}]",33,2,completed,,"**Victory (1984) is the only Jacksons studio album to feature all six Jackson brothers—Jackie, Tito, Jermaine, Marlon, Michael, and Randy—as the official group lineup.**[[1]](https://en.wikipedia.org/wiki/Victory_(The_Jacksons_album))[[1]](https://en.wikipedia.org/wiki/Victory_(The_Jacksons_album))

This distinguishes it from the rest of their catalog:

- **Jackson 5 era (Motown albums, 1969–1975)**: Featured the original five brothers (Jackie, Tito, Jermaine, Marlon, and Michael). Randy had not yet joined, and Jermaine was still a core member.[[1]](https://en.wikipedia.org/wiki/Victory_(The_Jacksons_album))
- **The Jacksons era (Epic albums from *The Jacksons* in 1976 through *Triumph* in 1980)**: Featured five brothers after Jermaine left for a solo career and Randy joined (Jackie, Tito, Marlon, Michael, and Randy).[[1]](https://en.wikipedia.org/wiki/Victory_(The_Jacksons_album))
- **Post-Victory (*2300 Jackson Street*, 1989)**: Credited to a reduced lineup (primarily Jackie, Tito, Jermaine, and Randy after Michael and Marlon departed). Only the title track includes all six brothers (plus sisters Janet and Rebbie); the rest of the album does not.[[1]](https://en.wikipedia.org/wiki/Victory_(The_Jacksons_album))[[2]](https://en.wikipedia.org/wiki/2300_Jackson_Street_(song))

Victory marked Jermaine’s return to the group after the 1983 *Motown 25* reunion, creating the sole full six-brother collaboration as an official unit. It was also Michael’s final Jacksons album. Each brother contributed a solo vocal spotlight (e.g., Michael on “Be Not Always,” Randy on “One More Chance” and “The Hurt,” etc.), underscoring the equal billing, though the album was largely a collection of individual efforts rather than a tightly unified group project.[[1]](https://en.wikipedia.org/wiki/Victory_(The_Jacksons_album))

This complete lineup also supported the accompanying Victory Tour, the only one with all six brothers. No other release in the Jacksons/Jackson 5 catalog matches this full-brother configuration as the core group."
129,Thomas_Moore,normal,,mid,0.3734,What position did Thomas Moore take regarding Daniel O'Connell's approach to Catholic leadership in Ireland?,xai,grok-4.3,grok-4.3,13,"[{""query"": ""Thomas Moore position on Daniel O'Connell Catholic leadership Ireland""}, {""query"": ""\""Thomas Moore\"" \""Daniel O'Connell\"" Catholic OR emancipation OR leadership OR approach""}, {""query"": ""\""Thomas Moore\"" O'Connell Ireland""}, {""query"": ""Thomas Moore \""demagogue\"" O'Connell""}, {""query"": ""\""Thomas Moore\"" \""O'Connell\"" (demagogue OR wary OR refused OR declined OR position OR view OR opinion)""}, {""query"": ""Thomas Moore \""Catholic parliament\"" O'Connell""}, {""query"": ""\""Thomas Moore\"" \""manner of doing things\"" O'Connell""}, {""query"": ""Thomas Moore letters to O'Connell OR correspondence O'Connell""}, {""query"": ""\""No, no! my dear O'Connell\"" Moore""}, {""query"": ""Thomas Moore disliked \""manner of doing things\"" O'Connell""}]",83,2,completed,,"**Thomas Moore (Ireland’s “national bard”) supported Catholic Emancipation in principle but was critical of Daniel O’Connell’s populist, mass-mobilization approach to Catholic leadership, viewing him as a demagogue whose methods risked excessive sectarianism and “place-seeking nationalism.”**[[1]](https://en.wikipedia.org/wiki/Thomas_Moore)[[2]](https://kilkennyarchaeologicalsociety.ie/thomas-moore/)

Moore advocated emancipation and wrote sympathetically about Irish grievances (e.g., in works like *Memoirs of Captain Rock* and his biography of Lord Edward Fitzgerald), but he distanced himself from O’Connell’s leadership style and the Repeal Association. He regarded O’Connell as a demagogue whose tactics—such as the Catholic Association’s mass meetings, clerical involvement, and broad popular mobilization—tarnished Irish patriotism and introduced a coarseness to politics. Moore privately noted his dislike for O’Connell’s “manner of doing things,” while acknowledging (in correspondence) that the ends might sometimes justify the means, though he found the personal abuse and demagoguery problematic.[[1]](https://en.wikipedia.org/wiki/Thomas_Moore)[[3]](https://www.jstor.org/stable/20497077)

A key point of divergence was Repeal of the Union. In 1832, Moore declined a nomination from Limerick voters to stand as a Repeal candidate for Westminster. He argued that a Catholic parliament in Dublin (“which they would be sure to have out and out”) would create perpetual conflict with the British government over issues like Church of Ireland property, absentee landlordism, trade, treaties, and war—making separation from Britain the “certain consequence.” He suggested Repeal could only work practically if Catholics allied again with northern Protestant dissenters (as in the United Irishmen era), rather than pursuing a purely confessional agenda.[[1]](https://en.wikipedia.org/wiki/Thomas_Moore)[[4]](https://en.wikipedia.org/wiki/Daniel_O%27Connell)

Moore was also wary of O’Connell’s uncompromising opposition to any government or papal “veto” on Catholic bishop appointments, seeing risks in overly sectarian politics. He privately criticized O’Connell’s example in duelling matters as one of the worst things done for Ireland, as it removed restraints on personal abuse.[[4]](https://en.wikipedia.org/wiki/Daniel_O%27Connell)

In summary, Moore favored emancipation through more moderate, Whig-influenced, or cross-sectarian channels and was uneasy with O’Connell’s transformation of Catholic politics into a mass, confessional movement that prioritized Irish Catholic interests in a way Moore saw as unsustainable or divisive within the United Kingdom framework. Their relationship remained difficult despite shared goals on emancipation.[[2]](https://kilkennyarchaeologicalsociety.ie/thomas-moore/)

These views are drawn primarily from Moore’s correspondence, his refusal of political involvement with O’Connell, and contemporary biographical accounts."
130,We_Are_Young,normal,,mid,0.4088,On what chart did the Glee rendition of We Are Young first appear at position 12?,xai,grok-4.3,grok-4.3,3,"[{""query"": ""Glee We Are Young chart position 12""}, {""query"": ""\""Glee\"" \""We Are Young\"" \""position 12\"" OR \""debuted at 12\"" OR \""first appeared at 12\"" chart""}]",17,1,completed,,"**Billboard Hot 100 (US).**[[1]](https://en.wikipedia.org/wiki/We_Are_Young)[[1]](https://en.wikipedia.org/wiki/We_Are_Young)

The Glee Cast’s cover of “We Are Young” (from the Season 3 episode “Hold On to Sixteen,” which aired in December 2011) debuted at No. 12 on the Billboard Hot 100—the same week the original Fun. version entered lower on the chart. It was the Glee version’s peak position on that chart (and its highest-charting single overall). It also performed strongly on the Digital Songs chart (reaching No. 1) but did not debut at No. 12 there.[[2]](https://glee.fandom.com/wiki/We_Are_Young)

This is corroborated by Wikipedia’s page on the song, the Glee Wiki, and other chart references. Note that it peaked at No. 11 on the Canadian Hot 100 and lower elsewhere (e.g., No. 49 on ARIA, No. 56 on the UK Singles Chart)."
131,Casperius_Aelianus,anomalous,untiered,late,0.8421,What river was Casperius Aelianus summoned to by Trajan?,xai,grok-4.3,grok-4.3,3,"[{""query"": ""Casperius Aelianus Trajan river""}, {""query"": ""\""Casperius Aelianus\"" Trajan""}]",18,1,completed,,"**The Rhine (in Germania, near Trajan’s camp, likely around Cologne).**[[1]](https://en.wikipedia.org/wiki/Casperius_Aelianus)[[1]](https://en.wikipedia.org/wiki/Casperius_Aelianus)

Casperius Aelianus (also spelled Casperius Aelianus) was a Roman praetorian prefect who served under Domitian, Nerva, and briefly Trajan. After Nerva’s death in early 98 AD, Trajan (then in the north) summoned him and other praetorians involved in the 97 mutiny against Nerva to his camp. According to the Roman historian Cassius Dio, Trajan pretended to employ them but then “put them out of the way” (the exact fate—execution, dismissal, or retirement—is unclear in the sources).[[1]](https://en.wikipedia.org/wiki/Casperius_Aelianus)

This detail comes from modern scholarship (e.g., Brian Jones and Ronald Syme) drawing on Dio’s *Roman History* (68.5.4) and related accounts; the primary sources do not name the river, but secondary references consistently place the camp on the Rhine in Germania.[[1]](https://en.wikipedia.org/wiki/Casperius_Aelianus)

No other river is associated with this event in historical sources."
132,MGMT,normal,,late,0.755,What complimentary item did MGMT distribute to those who attended the Pitchblack Playback listening event in London?,xai,grok-4.3,grok-4.3,7,"[{""query"": ""MGMT Pitchblack Playback listening event London complimentary item""}, {""query"": ""MGMT \""Pitchblack Playback\"" London""}, {""query"": ""\""Pitchblack Playback\"" MGMT London""}, {""query"": ""MGMT Pitchblack Playback flexidisc OR \""Bubblegum Dog\"" London""}, {""query"": ""MGMT \""Pitchblack Playback\"" London complimentary OR gift OR item OR flexidisc OR handout""}, {""query"": ""MGMT Pitchblack Playback London flexidisc""}]",55,1,completed,,"**A promotional flexidisc (flexi-disc), often called the “Bubblegum Dog” flexidisc or an untitled spoken-word flexidisc (a single-sided 7"" picture disc with a ~2-minute cryptic monologue).**[[1]](https://en.wikipedia.org/wiki/MGMT)[[2]](https://www.discogs.com/release/28709320-MGMT-Untitled)

This was given to attendees at the Pitchblack Playback deep-listening event on 24 October 2023 at Riverside Studios in London, where *Oracular Spectacular* and *Little Dark Age* were played in the dark. MGMT distributed it as a promotional item (it was also later mailed to some fans ahead of their 2024 album *Loss of Life*). The monologue features a Nordic-sounding narrator describing a surreal “sticky and sweet explosion of bubblegum” involving dogs blowing bubbles that envelop the world; fans linked it to the later single “Bubblegum Dog” and speculated it hinted at new music.[[2]](https://www.discogs.com/release/28709320-MGMT-Untitled)

Pitchblack Playback events are immersive album playbacks held in darkness (often with eye masks) on high-quality cinema or hi-fi systems, with no phones or talking allowed. MGMT has partnered with them for premieres and related events (including for *Loss of Life*), but the flexidisc giveaway is specifically tied to the 2023 London session described above.[[3]](https://pitchblackplayback.com/pages/pitchblack-partnerships)

This detail is corroborated across MGMT’s Wikipedia entry, Discogs release notes for the flexidisc, and related coverage. No other complimentary items are prominently documented for MGMT’s Pitchblack Playback events in London."
133,Newcastle_Knights,normal,,lead,0.3016,What team did the Newcastle Knights defeat in the final round to avoid the wooden spoon?,xai,grok-4.3,grok-4.3,5,"[{""query"": ""Newcastle Knights defeat final round avoid wooden spoon""}, {""query"": ""Newcastle Knights win last game wooden spoon NRL 2026""}, {""query"": ""\""N Newcastle Knights\"" \""wooden spoon\"" final round OR last round""}, {""query"": ""Newcastle Knights last round victory Wests Tigers avoid wooden spoon""}, {""query"": ""Newcastle Knights defeat Wests Tigers final round 2007 wooden spoon""}]",50,4,completed,,"**Wests Tigers (in Round 25 of the 2007 NRL season, winning 26–24).**[[1]](https://en.wikipedia.org/wiki/2007_Newcastle_Knights_season)[[2]](https://en.wikipedia.org/wiki/2007_NRL_season)

In 2007, the Newcastle Knights (coached by Brian Smith) were in a tight battle for the wooden spoon with the Penrith Panthers near the bottom of the ladder, amid a difficult season marked by injuries (including the earlier retirement of Andrew Johns) and poor results. Entering the final round, both teams were in contention for last place.[[1]](https://en.wikipedia.org/wiki/2007_Newcastle_Knights_season)

The Knights secured a narrow 26–24 away win over the Wests Tigers at Telstra Stadium (now Accor Stadium) on 31 August 2007. Tries from Cooper Vuna (2), Cory Paterson, and Kurt Gidley, plus five goals from Gidley, proved decisive. This result lifted Newcastle off the bottom on the ladder (they finished 15th with 9 wins, 15 losses, and 1 bye), handing the wooden spoon to Penrith (who lost their final game).[[3]](https://www.rugbyleagueproject.org/seasons/nrl-2007/round-10/wests-tigers-vs-newcastle-knights)[[4]](https://en.wikipedia.org/wiki/2007_NRL_season_results)

The win also had implications for the top eight, as it contributed to Wests Tigers missing the finals. This was one of the Knights’ better performances in a tough year and is noted in club and season histories as the key result that avoided another wooden spoon (following their 2005 one).[[5]](https://en.wikipedia.org/wiki/Newcastle_Knights)

No other Newcastle Knights season matches this description as closely (e.g., they received the spoon in 2025 after a heavy final-round loss to Parramatta)."
134,1998–99_Bulgarian_Cup,anomalous,untiered,lead,0.0,What was the score in the 1998–99 Bulgarian Cup final match between the two competing clubs?,xai,grok-4.3,grok-4.3,2,"[{""query"": ""1998\u201399 Bulgarian Cup final score""}, {""query"": ""1998-99 Bulgarian Cup final result""}]",18,2,completed,,"**Litex Lovech 0–1 CSKA Sofia (goal by Valentin Stanchev, 82').**[[1]](https://en.wikipedia.org/wiki/1998%E2%80%9399_Bulgarian_Cup)

This was the final of the 1998–99 Bulgarian Cup, held at Stadion Balgarska Armia in Sofia. CSKA Sofia won the cup (their 17th title).[[2]](https://en.wikipedia.org/wiki/1999_Bulgarian_Cup_final)

(Note: Some sources list the result as CSKA Sofia 1–0 or similar, but the match details confirm Litex Lovech as the home/away side in the listed scoreline.)"
135,Salvatore_Ronald_Matano,normal,,late,0.9485,What religious institution does Salvatore Ronald Matano hold a position within?,xai,grok-4.3,grok-4.3,3,"[{""query"": ""Salvatore Ronald Matano""}, {""query"": ""Salvatore Matano bishop OR diocese OR church""}, {""query"": ""Salvatore Matano current position OR emeritus""}]",29,1,completed,,"**The Roman Catholic Diocese of Rochester (specifically as Bishop Emeritus of Rochester).**[[1]](https://en.wikipedia.org/wiki/Salvatore_Ronald_Matano)[[1]](https://en.wikipedia.org/wiki/Salvatore_Ronald_Matano)

Salvatore Ronald Matano (born 1946) is a retired American Catholic prelate. He previously served as Bishop of Rochester (installed 2014) after earlier roles including Bishop of Burlington (2005–2014) and positions in the Diocese of Providence. Pope Leo XIV accepted his resignation from the pastoral governance of the Diocese of Rochester on January 7, 2026 (at age 79), after which he became Bishop Emeritus; he continues to be associated with the diocese in that emeritus capacity.[[2]](https://www.usccb.org/news/2026/pope-leo-xiv-accepts-resignation-bishop-salvatore-matano-diocese-rochester-appoints)[[3]](https://www.wxxinews.org/local-news/2026-01-07/matano-steps-down-as-bishop-of-the-rochester-catholic-diocese)

This is confirmed across sources including his Wikipedia page, the Diocese of Rochester website, Catholic-Hierarchy.org, and USCCB announcements.[[4]](https://www.dor.org/about/bishop-salvatore-r-matano/)[[5]](https://www.catholic-hierarchy.org/bishop/bmatano.html)"
136,Enzo_Ferrari,normal,,mid,0.4342,What role did Enzo Ferrari's wife play that led to a conflict within the company?,xai,grok-4.3,grok-4.3,3,"[{""query"": ""Enzo Ferrari wife Laura role conflict company""}, {""query"": ""Laura Ferrari Ferrari SpA involvement dispute""}, {""query"": ""Enzo Ferrari wife conflict with company or employees""}]",35,0,completed,,"**Laura Ferrari (née Garello), Enzo Ferrari’s wife, became increasingly involved in the day-to-day management and operations of Ferrari (particularly the Scuderia racing team and factory) after their son Dino’s death in 1956, which led to major internal conflict and the 1961 “Great Walkout” (or “Palace Revolt”).**[[1]](https://www.planetf1.com/features/palace-revolt-did-enzo-ferraris-wife-cause-a-formula-1-walk-out-in-1961)[[2]](https://www.carthrottle.com/post/bqjggkk)

Following Dino’s death from muscular dystrophy, Enzo withdrew emotionally and spent more time isolated or focused on racing, while Laura took a more active role. She patrolled the factory and workshops, scrutinized finances and expenditures (criticizing what she saw as unnecessary spending), attended races (sometimes with detours or unusual behavior like carrying cash but not paying for items herself), and enforced strict standards in a manner described as tyrannical or verbally abusive—similar to Enzo’s own demanding style.[[3]](https://www.motorsportmagazine.com/wp-json/wp/v2/issue_content/1388167)[[4]](https://www.autoevolution.com/news/how-an-employee-uprising-almost-killed-ferrari-the-great-ferrari-walkout-100552.html)

This interference clashed with employees, especially in the male-dominated engineering and racing teams, who resented her lack of technical background and her oversight. Sales manager Girolamo Gardini was a frequent target of her criticism (often over sales performance beyond his control). He confronted Enzo with an ultimatum: remove Laura from management or he would leave. Enzo fired Gardini.[[2]](https://www.carthrottle.com/post/bqjggkk)[[5]](https://www.clarin.com/autos/-dia-enzo-ferrari-echo-equipo-querian-esposa-escuderia_0_V0zAVn9o8j.html)

In response, eight senior figures—including chief engineer Carlo Chiti, experimental engineer Giotto Bizzarrini, and Scuderia sporting director Romolo Tavoni—sent a letter via a lawyer protesting the situation and demanding Gardini’s reinstatement (essentially an ultimatum of “her or us”). Enzo, viewing it as a potential coup, fired them all in October 1961. The departed staff later formed the short-lived Automobili Turismo e Sport (ATS) team.[[1]](https://www.planetf1.com/features/palace-revolt-did-enzo-ferraris-wife-cause-a-formula-1-walk-out-in-1961)[[1]](https://www.planetf1.com/features/palace-revolt-did-enzo-ferraris-wife-cause-a-formula-1-walk-out-in-1961)

The event gutted key technical talent (ironically after a strong 1961 season with championship wins) and created short-term disruption, though it allowed younger talent like Mauro Forgheri to rise. Some accounts note Laura’s financial scrutiny may have helped stabilize the company amid challenges, but her methods fueled resentment.[[6]](https://www.youtube.com/watch?v=fLEwowjZh3c)

Note that dramatized elements in media (e.g., her holding half the company shares and related negotiations) are often considered fictional or exaggerated; her involvement stemmed more from personal circumstances and Enzo’s trust than formal ownership disputes.[[3]](https://www.motorsportmagazine.com/wp-json/wp/v2/issue_content/1388167)

This episode highlights the tensions in the family-run business during a turbulent period."
137,MGMT,normal,,mid,0.6319,What influenced the collaborative dynamic of MGMT's creative process?,xai,grok-4.3,grok-4.3,8,"[{""query"": ""MGMT band collaborative creative process influences""}, {""query"": ""MGMT Andrew VanWyngarden Ben Goldwasser songwriting collaboration dynamic""}, {""query"": ""MGMT creative process interview""}, {""query"": ""MGMT Wesleyan University origin story creative process""}]",38,0,completed,,"**MGMT’s collaborative dynamic—primarily between Andrew VanWyngarden (lead vocals, lyrics, melodies) and Ben Goldwasser (structures, production elements, multi-instrumentalist)—stems from their deep college friendship, shared experimental ethos, divergent yet complementary musical tastes, and a persistent subversive/prankster attitude toward the music industry.**[[1]](https://www.dazeddigital.com/music/article/38988/1/how-mgmt-made-pop-music-a-trippier-place)[[2]](https://floodmagazine.com/154279/mgmt-loss-of-life-feature/)

They met as freshmen at Wesleyan University in Connecticut around 2001. VanWyngarden (from Memphis, with experience in eclectic high school bands like 80s monster ballads, Patsy Cline covers, and hip-hop) and Goldwasser (from Upstate New York, with blues-to-prog rock background) bonded instantly over music, performance art, and genre-jumping. A pivotal early moment was a three-hour Hammond organ jam that felt immediately fun and satisfying, sparking their duo connection. They started as “The Management,” creating absurdist tracks, performing karaoke-style at campus parties/house shows (including marathon instrumental covers like the *Ghostbusters* theme), and making electronic loops in dorm rooms with limited tech (school laptops in 2001).[[1]](https://www.dazeddigital.com/music/article/38988/1/how-mgmt-made-pop-music-a-trippier-place)[[2]](https://floodmagazine.com/154279/mgmt-loss-of-life-feature/)

This environment fostered a playful, low-pressure, DIY approach. Limited recording resources encouraged a unique hybrid style (e.g., Aphex Twin meets Talking Heads and ’80s pop). Their name and early work carried satirical edge—poking fun at rock stardom, pop music, and the profit-driven industry (referencing *Electric Kool-Aid Acid Test* while self-managing).[[3]](https://thecreativeindependent.com/people/musicians-andrew-vanwyngarden-mgmt-and-ben-goldwasser-on-the-power-of-doing-it-yourself/)[[2]](https://floodmagazine.com/154279/mgmt-loss-of-life-feature/)

### Core Songwriting and Collaboration Process
The songwriting has long been a “straight-up, collaborative thing between the two of us.” One typically starts with an idea (chords, bass/drums loop, melody, or voice memo), and the other builds sections (verse, chorus, bridge, etc.). VanWyngarden usually handles lyrics once the music is in place. They often lock themselves in a room, relying on an “implicit understanding” of direction that allows quick consensus despite occasional arguments. This duo-only efficiency stems from their long friendship (since age 18) and shared vision.[[4]](https://www.thelineofbestfit.com/features/interviews/mgmt-were-not-a-band-thats-focused-on-hits-136222)[[5]](https://www.undertheradarmag.com/interviews/mgmt_bonus_interview/)

They have different musical tastes, so they’re “not immediately on the same wavelength.” The process involves experimentation until they hit something where both exclaim “Oh, yeah!”—activating what they call the “MGMT circuitry.” Songs that make the cut are those both fully believe in at that moment. This push-pull has endured across albums.[[2]](https://floodmagazine.com/154279/mgmt-loss-of-life-feature/)[[2]](https://floodmagazine.com/154279/mgmt-loss-of-life-feature/)

Early influences included neo-psychedelia (Spacemen 3, Chrome, Spiritualized), electronic music (Aphex Twin was a key bonding point), and classic songwriters (David Byrne/Talking Heads for nostalgic, emotionally present lyrics; also Bob Dylan, Tom Petty, Fleetwood Mac). They made fun of pop while embracing hooks, creating satirical fantasies like “Time to Pretend” (an ironic rock-star life song written in college).[[1]](https://www.dazeddigital.com/music/article/38988/1/how-mgmt-made-pop-music-a-trippier-place)[[2]](https://floodmagazine.com/154279/mgmt-loss-of-life-feature/)

### Evolution and External Factors
Over time, the dynamic evolved. Major-label experiences (post-*Oracular Spectacular* success and burnout) brought discomfort with the “machine,” leading to more independent, liberated approaches on later records. They’ve opened up to more collaborators—producers like longtime partner Dave Fridmann (who organizes ideas without dominating creatively and provides a familiar, low-stress environment) and Patrick Wimberly (who pushes completion and boosts motivation when the duo gets stuck in coffee-talk spirals). Recent work features “family-style production” with friends and producers, enabled by independence and less anxiety about commercial outcomes.[[3]](https://thecreativeindependent.com/people/musicians-andrew-vanwyngarden-mgmt-and-ben-goldwasser-on-the-power-of-doing-it-yourself/)[[4]](https://www.thelineofbestfit.com/features/interviews/mgmt-were-not-a-band-thats-focused-on-hits-136222)[[3]](https://thecreativeindependent.com/people/musicians-andrew-vanwyngarden-mgmt-and-ben-goldwasser-on-the-power-of-doing-it-yourself/)

They now live on opposite coasts (Goldwasser in LA, VanWyngarden near NYC), so remote methods like group texts and automatic voice-memo songwriting (recapturing college spontaneity and reducing perfectionism) have played a role. This contrasts with their traditional “locking in a room” intensity but feels liberating.[[6]](https://thecreativeindependent.com/people/mgmt-on-following-your-instincts/)

Broader influences include a persistent prankster/subversive streak (tongue-in-cheek press releases, unconventional listening parties with fog machines/massages, subverting expectations of “coolness” or rock-star behavior) and a desire to prioritize joy, sincerity, and emotional connection over cynicism or commercial pressure. Recent albums reflect optimism and flow without major-label oversight.[[3]](https://thecreativeindependent.com/people/musicians-andrew-vanwyngarden-mgmt-and-ben-goldwasser-on-the-power-of-doing-it-yourself/)[[2]](https://floodmagazine.com/154279/mgmt-loss-of-life-feature/)

In short, their dynamic is shaped by Wesleyan-era friendship and experimentation, complementary-yet-different tastes resolved through persistent collaboration, industry skepticism fueling independence, and a willingness to adapt (more external input, remote tools) while preserving core duo intuition. This has allowed them to sustain creativity across decades despite challenges like burnout and geographic separation."
138,Gian_Maria_Volonté,anomalous,untiered,lead,0.2452,What autobiographical work by Levi inspired the 1979 film featuring Gian Maria Volonté?,xai,grok-4.3,grok-4.3,3,"[{""query"": ""1979 film Gian Maria Volont\u00e9 Levi""}, {""query"": ""Primo Levi autobiographical work 1979 film Volont\u00e9""}, {""query"": ""Carlo Levi Christ Stopped at Eboli book title""}]",25,2,completed,,"**Cristo si è fermato a Eboli (Christ Stopped at Eboli), the 1945 memoir by Carlo Levi (often in its English translation).**[[1]](https://en.wikipedia.org/wiki/Christ_Stopped_at_Eboli)

This autobiographical account describes Levi’s internal exile (1935–1936) under the Fascist regime to the remote villages of Grassano and Aliano (Gagliano) in the Lucania region of southern Italy (now Basilicata). It blends personal memoir, social observation, and reflections on the isolation of the local peasant communities.[[1]](https://en.wikipedia.org/wiki/Christ_Stopped_at_Eboli)

The 1979 Italian film *Cristo si è fermato a Eboli* (English: *Christ Stopped at Eboli*), directed by Francesco Rosi, is a direct adaptation of the book. Gian Maria Volonté stars as Carlo Levi, with the story focusing on his experiences during exile.[[2]](https://en.wikipedia.org/wiki/Gian_Maria_Volont%C3%A9)

(Note that this refers to Carlo Levi, not the unrelated Holocaust survivor and writer Primo Levi.) The work is Levi’s best-known book and remains a classic of Italian literature on rural southern Italy under Fascism."
139,Ring_of_Nestor,anomalous,untiered,late,0.6996,What did Jack Ogden conclude about the manufacturing technique of the Ring of Nestor after his 1998 examination?,xai,grok-4.3,grok-4.3,7,"[{""query"": ""Jack Ogden Ring of Nestor 1998 examination manufacturing technique""}, {""query"": ""\""Jack Ogden\"" \""Ring of Nestor\"" 1998""}, {""query"": ""\""Ring of Nestor\"" Ogden technique OR manufacturing OR made OR cast OR engraved""}, {""query"": ""Jack Ogden \""The Jewellery of Dark Age Greece: Construction and Cultural Connections\"" Ring of Nestor""}, {""query"": ""\""Jack Ogden\"" \""Ring of Nestor\"" OR \""Nestor ring\"" 1998 OR 1999""}]",38,1,completed,,"**Jack Ogden concluded that the Ring of Nestor’s manufacturing technique matched that of genuine ancient (Mycenaean/Minoan) examples, supporting its authenticity rather than indicating a modern forgery.**[[1]](https://en.wikipedia.org/wiki/Ring_of_Nestor)[[1]](https://en.wikipedia.org/wiki/Ring_of_Nestor)

Specifically, after his 1998 examination (detailed in his paper “The Jewellery of Dark Age Greece: Construction and Cultural Connections,” published in *The Art of the Greek Goldsmith*, ed. D. Williams, British Museum Press), he noted that the bezel was carved first, the hoop was then added, and the back plate of the bezel was soldered into place. He also observed, via microscopic analysis, that the engraving followed Mycenaean techniques that would have been unknown to an early 20th-century forger.[[1]](https://en.wikipedia.org/wiki/Ring_of_Nestor)[[1]](https://en.wikipedia.org/wiki/Ring_of_Nestor)

This assessment was part of broader debates about the ring’s authenticity (it has been held in the Ashmolean Museum and was first publicized by Arthur Evans in 1925). Ogden’s findings on construction and engraving techniques were cited as evidence favoring its genuineness, alongside other factors like wear patterns. Later analyses (e.g., 2002 ultrasound scans confirming its hollow construction) have also been referenced in discussions of the ring.[[1]](https://en.wikipedia.org/wiki/Ring_of_Nestor)

Note that while Ogden’s technical analysis supported authenticity, scholarly debate on the ring continues due to its unusual iconography, provenance story, and other contextual issues."
140,Shenyang_Metro,normal,,lead,0.0667,When did the Shenyang Metro first open to the public for service?,xai,grok-4.3,grok-4.3,3,"[{""query"": ""Shenyang Metro first opened date""}, {""query"": ""Shenyang Metro opening date public service""}, {""query"": ""Shenyang Metro Line 1 trial operation vs public opening date""}]",23,1,completed,,"**September 27, 2010 (Shenyang Metro Line 1).**[[1]](https://en.wikipedia.org/wiki/Shenyang_Metro)[[1]](https://en.wikipedia.org/wiki/Shenyang_Metro)

This is when the system first opened to the public for service (initially Line 1’s first phase, after unloaded/no-passenger trials in 2009). It marked Shenyang as the seventh city in mainland China with an operational metro.[[2]](https://baike.baidu.com/en/item/Shenyang%20Metro/1001461)

- Wikipedia and other sources confirm Line 1 began operation on this date, with the full phase opening after earlier non-public trials.[[1]](https://en.wikipedia.org/wiki/Shenyang_Metro)
- Baidu and Railway Gazette references note the September 27, 2010, public/trial passenger opening (following unloaded trials from around September 2009 or July 2010).[[2]](https://baike.baidu.com/en/item/Shenyang%20Metro/1001461)[[3]](https://www.railwaygazette.com/urban/2010/10/01/shenyang-metro-line-1-fully-operational/)

Subsequent lines opened later (e.g., Line 2 in 2012). The 2010 date is consistently cited as the metro’s inaugural public service."
141,Conon_(crater),anomalous,untiered,late,0.7236,What method is used to identify Conon (crater)'s satellite craters on lunar maps?,xai,grok-4.3,grok-4.3,4,"[{""query"": ""Conon crater satellite craters identification method lunar maps""}, {""query"": ""Conon (crater) satellite craters naming convention""}, {""query"": ""\""Conon\"" crater lunar \""satellite\"" OR \""lettered\"" craters method OR system OR identification""}]",26,1,completed,,"**By convention, satellite (lettered) craters of Conon are identified on lunar maps by placing the letter on the side of the crater’s midpoint that is closest to the main Conon crater.**[[1]](https://en.wikipedia.org/wiki/Conon_(crater))[[1]](https://en.wikipedia.org/wiki/Conon_(crater))

This is a standard IAU/nomenclature convention for lunar satellite craters (smaller associated features designated with letters like Conon A, W, or Y), applied across many crater pages and maps. It helps distinguish and locate them relative to the primary crater without ambiguity. Conon itself has a few such satellites (e.g., A at ~19.7°N, 4.5°E; W at ~18.7°N, 3.0°E; Y at ~22.3°N, 1.9°E), listed in sources like the USGS Gazetteer of Planetary Nomenclature.[[1]](https://en.wikipedia.org/wiki/Conon_(crater))

This practice dates back to early selenographers (like Beer and Mädler) and was formalized in modern lunar mapping."
142,Nahj_al-balagha,normal,,mid,0.4208,What type of scholar authored a commentary on Nahj al-balagha while also accepting the sermon's authenticity without claiming the highest level of hadith credibility?,xai,grok-4.3,grok-4.3,6,"[{""query"": ""commentary on Nahj al-balagha scholar authenticity hadith credibility""}, {""query"": ""\""Nahj al-balagha\"" commentary OR sharh authenticity OR sahih OR mutawatir scholar OR muhaddith""}, {""query"": ""\""Nahj al-balagha\"" \""commentary\"" \""authenticity\"" scholar type OR Sunni OR Shia OR Mu'tazili""}, {""query"": ""al-Bahrani Nahj al-balagha commentary""}, {""query"": ""\""Shia philosopher al-Bahrani\"" OR \""al-Bahrani\"" \""Nahj al-balagha\""""}]",47,1,completed,,"**A Shia philosopher (specifically, al-Bahrani / Ibn Maytham al-Bahrani, d. ~1299/1280).**[[1]](https://en.wikipedia.org/wiki/Nahj_al-balagha)[[1]](https://en.wikipedia.org/wiki/Nahj_al-balagha)

This matches the description in scholarly discussions of the authenticity of certain sermons in *Nahj al-balagha* (compiled by al-Sharif al-Radi in the 10th/11th century), particularly the sensitive Shiqshiqiya sermon. While many Shia scholars treat the work (or key parts of it) as authentic overall—often citing pre-Radi sources or chains of transmission—some accept its attribution to Ali ibn Abi Talib without claiming *tawatur* (the highest level of hadith credibility, based on mass, uninterrupted transmission that makes fabrication virtually impossible).[[1]](https://en.wikipedia.org/wiki/Nahj_al-balagha)

Al-Bahrani (also known as Ibn Maytham al-Bahrani) is explicitly identified in this group. He was a Shia philosopher and theologian who wrote a major commentary on *Nahj al-balagha* (e.g., *Misbah al-Salikin* or similar works), alongside other theological and rhetorical studies. This stance distinguishes him from those asserting full *tawatur* or from critics (often Sunni) who questioned broader authenticity.[[2]](https://en.wikishia.net/view/Ibn_Maytham_al-Bahrani)

Note that *Nahj al-balagha* has many commentaries by scholars of varying backgrounds (including Muʿtazilites like Ibn Abi al-Hadid), and debates on specific passages continue; the “Shia philosopher” description directly fits the phrasing and example in sources like Wikipedia’s summary of the authenticity debate."
143,Masoretic_Text,normal,,mid,0.6157,What is one proposed explanation for the dots found in the Masoretic Text?,xai,grok-4.3,grok-4.3,4,"[{""query"": ""proposed explanations for dots in Masoretic Text puncta extraordinaria""}, {""query"": ""explanation for extraordinary points in Masoretic Text""}]",16,1,completed,,"**One proposed explanation is that the dots (known as *puncta extraordinaria* or ""extraordinary points""/""cancellation dots"") are ancient scribal marks indicating letters, words, or passages that were erroneous, inserted by mistake, or intended for deletion/erasure.**[[1]](https://en.wikipedia.org/wiki/Puncta_extraordinaria)[[2]](https://www.thetorah.com/article/scribal-marks)

These 15 instances (mostly in the Pentateuch) appear as small dots above or below specific letters or entire words in the Masoretic Text. They are thought to derive from practices used by Greek scribes and are also seen in Dead Sea Scrolls manuscripts, where dots similarly flagged text to be omitted in future copies—often because erasing ink from leather or parchment was difficult.[[1]](https://en.wikipedia.org/wiki/Puncta_extraordinaria)[[2]](https://www.thetorah.com/article/scribal-marks)

The Masoretes preserved these marks in their authoritative copies (rather than removing them), leading later tradition to reinterpret them as signaling ""doubtful"" or questionable elements rather than outright deletions. In some cases, the dotted text is absent from other ancient witnesses (e.g., the Samaritan Pentateuch or Peshitta), supporting the idea of a variant or erroneous reading.[[2]](https://www.thetorah.com/article/scribal-marks)

Other interpretations exist (such as marking doubtful collations across manuscripts or serving as memory aids for explanations), but the cancellation/erasure function is a widely discussed scholarly view based on comparative scribal evidence.[[3]](https://wol.jw.org/en/wol/d/r1/lp-e/1001060082)"
144,Isambard_Kingdom_Brunel,normal,,lead,0.094,What prevented Isambard Kingdom Brunel from being admitted to the École Polytechnique?,xai,grok-4.3,grok-4.3,3,"[{""query"": ""What prevented Isambard Kingdom Brunel from being admitted to the \u00c9cole Polytechnique""}, {""query"": ""Isambard Kingdom Brunel \u00c9cole Polytechnique admission""}]",19,1,completed,,"**His status as a foreigner (a British national, despite his French father), which made him ineligible under the school's nationality requirements.**[[1]](https://en.wikipedia.org/wiki/Isambard_Kingdom_Brunel)[[1]](https://en.wikipedia.org/wiki/Isambard_Kingdom_Brunel)

Isambard Kingdom Brunel (born 1806 in Portsmouth, England, to French-born engineer Marc Isambard Brunel and English mother Sophia Kingdom) studied at the Lycée Henri-IV in Paris after earlier schooling in England and Caen. In 1822, after completing his studies there, his father presented him as a candidate for the prestigious École Polytechnique. However, as a foreigner (British by birth and nationality), he was ruled ineligible for admission.[[1]](https://en.wikipedia.org/wiki/Isambard_Kingdom_Brunel)

This is consistently noted across biographical sources, including Wikipedia and engineering history sites. At the time, there were no equivalent university engineering degrees in the UK, so Brunel instead apprenticed in Paris under master clockmaker and horologist Abraham-Louis Breguet before returning to England to work with his father.[[1]](https://en.wikipedia.org/wiki/Isambard_Kingdom_Brunel)

Note that while his father was French, Brunel’s English birth and upbringing determined his nationality for this purpose."
145,1982–83_French_Division_1,anomalous,untiered,late,0.8676,What website hosts information about the 1982–83 French Division 1 season?,xai,grok-4.3,grok-4.3,9,"[{""query"": ""1982\u201383 French Division 1 season""}, {""query"": ""\""1982\u201383 French Division 1\"" OR \""1982-83 Division 1 France\"" site:.org OR site:.com""}, {""query"": ""1982-83 French Division 1 Wikipedia""}, {""query"": ""1982-83 French Division 1 RSSSF""}, {""query"": ""rsssf.com 1982-83 France Division 1""}, {""query"": ""rsssf.com French Division 1 1982-83 OR \""1982-83\"" France""}, {""query"": ""\""1982-83\"" OR \""1982/83\"" site:rsssf.com France OR French Division OR Ligue""}, {""query"": ""1982-83 site:rsssf.org OR site:rsssf.com French OR France Division 1 OR Ligue 1""}]",70,2,completed,,"**Wikipedia (specifically the English Wikipedia page at https://en.wikipedia.org/wiki/1982–83_French_Division_1), along with historical archives like RSSSF (rsssf.org or rsssf.com).**[[1]](https://en.wikipedia.org/wiki/1982%E2%80%9383_French_Division_1)[[1]](https://en.wikipedia.org/wiki/1982%E2%80%9383_French_Division_1)

Wikipedia maintains a dedicated, well-structured article on the season, covering the league table (won by Nantes with 58 points), participating teams, top scorers (e.g., Vahid Halilhodžić with 27 goals), European qualifications, relegations (Tours, Lyon, Mulhouse), and other statistics. It is one of the top and most accessible sources in search results.[[1]](https://en.wikipedia.org/wiki/1982%E2%80%9383_French_Division_1)

RSSSF (Rec.Sport.Soccer Statistics Foundation) is frequently cited as the primary source for the underlying data (e.g., full match results and tables) in Wikipedia and mirrors. Their “France - First Division Results and Tables 1932-1998” page (rsssf.org/tablesf/franfullhist.html) includes detailed historical tables and results encompassing the 1982–83 season as part of a broader archive.[[2]](https://a.osmarks.net/content/wikipedia_en_all_maxi_2020-08/A/1982%E2%80%9383_French_Division_1)[[3]](http://www.rsssf.com/tablesf/franfullhist.html)

Other sites like BDFutbol, Soccerway, Transfermarkt, and the-sports.org also provide tables, results, and stats for the season, often drawing from or mirroring the same core data.[[4]](https://web.archive.org/web/20250404233012/https://www.bdfutbol.com/en/t/tfra1982-83.html)[[5]](https://www.the-sports.org/football-soccer-french-division-1-1982-1983-results-eprd4084.html)

Wikipedia offers the most user-friendly, comprehensive single-page overview, while RSSSF serves as a key archival reference for raw historical statistics."
146,USS_Iowa_(BB-61),normal,,mid,0.5244,What role did USS Iowa (BB-61) serve for Rear Admiral R. E. Libby in autumn 1954?,xai,grok-4.3,grok-4.3,3,"[{""query"": ""USS Iowa BB-61 Rear Admiral R. E. Libby 1954""}, {""query"": ""\""Rear Admiral R. E. Libby\"" USS Iowa""}, {""query"": ""\""USS Iowa\"" \""Libby\"" 1954""}]",20,1,completed,,"**Flagship of Rear Admiral R. E. Libby (Commander, Battleship Cruiser Force, U.S. Atlantic Fleet).**[[1]](https://ibiblio.org/hyperwar/USN/ships/dafs/BB/bb61.html)[[2]](https://m.ww2db.com/ship_spec.php?ship_id=2)

According to the U.S. Navy’s *Dictionary of American Naval Fighting Ships* (DANFS) and other naval histories, after operating in the Virginia Capes area following NATO exercises in 1953, USS Iowa (BB-61) was designated in September 1954 as the flagship for Rear Admiral R. E. Libby in that role. This aligns with the “autumn 1954” timeframe (September onward in the Northern Hemisphere).[[1]](https://ibiblio.org/hyperwar/USN/ships/dafs/BB/bb61.html)[[3]](https://en.wikipedia.org/wiki/USS_Iowa_(BB-61))

She continued in this capacity until early 1955, when she shifted to Mediterranean duties as the first battleship regularly assigned to the Commander, 6th Fleet. This information is corroborated across multiple sources, including Wikipedia entries drawing from official records and other naval references.[[4]](https://www.wikiwand.com/en/articles/USS_Iowa_%28BB-61%29)

No other specific role (e.g., transport or training command) is documented for Libby and Iowa in this period; the flagship assignment is the consistent historical detail."
147,Ring_of_Nestor,anomalous,untiered,mid,0.3496,What did Martin P. Nilsson suggest the creature identified by Evans as a proto-cerberus should be considered in relation to the Ring of Nestor?,xai,grok-4.3,grok-4.3,5,"[{""query"": ""Martin P. Nilsson Ring of Nestor proto-cerberus Evans""}, {""query"": ""\""Martin P. Nilsson\"" \""Ring of Nestor\""""}, {""query"": ""\""proto-cerberus\"" Evans Nilsson""}, {""query"": ""Nilsson \""forerunner of Ladon\"" OR \""Ladon\"" \""Ring of Nestor\""""}]",25,1,completed,,"**A forerunner (or the Minoan forerunner) of Ladon, the dragon guarding the tree in the Garden of the Hesperides (rather than a proto-Cerberus linked to the underworld).**[[1]](https://en.wikipedia.org/wiki/Ring_of_Nestor)[[1]](https://en.wikipedia.org/wiki/Ring_of_Nestor)

This comes from Martin P. Nilsson’s 1927 discussion of the Ring of Nestor (in *The Minoan-Mycenaean Religion and Its Survival in Greek Religion*). Arthur Evans had interpreted the ring’s central tree-like motif as a world tree and the creature at its base (which he saw as a dog) as a “Minoan forerunner of Cerberus,” tying the scenes to the Minoan underworld. Nilsson rejected the world-tree link (noting it was unattested before the 8th century CE) and instead linked the tree to the golden-apple tree of the Hesperides; he therefore reinterpreted the creature as a precursor to Ladon, the dragon that guarded it. He also saw no strong evidence for underworld or afterlife themes on the ring.[[1]](https://en.wikipedia.org/wiki/Ring_of_Nestor)

(Note that the ring’s authenticity has long been debated, and Nilsson himself later called it suspect in a 1950 revision of his work.)"
148,Archaeoastronomy,normal,,late,0.9648,What journal has published many Archaeoastronomy-related papers over the course of its history?,xai,grok-4.3,grok-4.3,9,"[{""query"": ""journal with many archaeoastronomy papers""}, {""query"": ""\""archaeoastronomy\"" journal history OR published papers""}, {""query"": ""Archaeoastronomy journal OR \""Journal of Archaeoastronomy\""""}, {""query"": ""Journal for the History of Astronomy archaeoastronomy""}, {""query"": ""\""Journal for the History of Astronomy\"" \""archaeoastronomy\"" papers OR articles""}, {""query"": ""Journal for the History of Astronomy founded OR established OR history""}, {""query"": ""\""Journal for the History of Astronomy publishes many archaeoastronomical papers\""""}]",63,2,completed,,"**Journal for the History of Astronomy (JHA; also known with its Archaeoastronomy supplement).**[[1]](https://en.wikipedia.org/wiki/Archaeoastronomy)[[2]](https://en.wikipedia.org/wiki/Journal_for_the_History_of_Astronomy)

This peer-reviewed academic journal, founded in 1970 by Michael Hoskin and still published quarterly (currently by SAGE), covers the history of astronomy from ancient times onward. It has long included many archaeoastronomy-related papers as part of its scope on the history of astronomy and related cultural/historical studies.[[3]](https://journals.sagepub.com/home/jha)

From 1979 to 2002, it published *Archaeoastronomy* as an annual supplement (27 volumes), which was then incorporated into the main journal from 2003 onward. This made JHA a key venue for the field alongside the dedicated *Archaeoastronomy* journal (later *Archaeoastronomy: The Journal of Astronomy in Culture*, 1977–2015, which has since been succeeded by the *Journal of Astronomy in Culture*).[[4]](https://dlab.epfl.ch/wikispeedia/wpcd/wp/a/Archaeoastronomy.htm)[[5]](https://web.cliveruggles.com/aaj-utp)

Other journals (such as the newer *Journal of Skyscape Archaeology* or *Mediterranean Archaeology and Archaeometry*) also publish relevant work, but JHA stands out for its long-running integration of archaeoastronomical research over more than five decades."
149,Nancy_Raven,anomalous,untiered,lead,0.2148,What anthropologist did Nancy Raven collaborate with in 1907?,xai,grok-4.3,grok-4.3,2,"[{""query"": ""Nancy Raven anthropologist 1907""}, {""query"": ""\""Nancy Raven\"" anthropologist OR ethnography OR collaboration 1907""}]",20,1,completed,,"**John R. Swanton (or John Reed Swanton), an anthropologist who collected information on Natchez religion and traditions.**[[1]](https://en.wikipedia.org/wiki/Nancy_Raven)[[2]](https://kids.kiddle.co/Nancy_Raven)

Nancy Raven (also known as Nancy Taylor or Nancy Chunestudy; c. 1868/1872–1957) was a Natchez storyteller and one of the last fluent speakers of the Natchez language, based in Braggs, Oklahoma. She was trilingual (Natchez, Cherokee, and Muscogee/Creek) but did not speak English. In 1907, she collaborated with Swanton as a cultural informant, providing details on Natchez religious practices and related ethnographic material as part of his work on Southeastern Native American tribes.[[3]](https://grokipedia.com/page/nancy_raven)

This is distinct from her later, more extensive 1930s collaboration with linguist Mary R. Haas (who worked with an interpreter to gather grammatical data, texts, and stories). Sources like her Wikipedia entry and related biographical references consistently identify the 1907 partnership as being with Swanton.[[1]](https://en.wikipedia.org/wiki/Nancy_Raven)

Note that 1907 also coincides with her receiving a Cherokee Nation land allotment via the Dawes Commission, but this was separate from the anthropological work."
150,Conon_(crater),anomalous,untiered,late,0.9472,What type of map is available for Conon (crater) from the LPI resources?,xai,grok-4.3,grok-4.3,8,"[{""query"": ""Conon crater LPI map""}, {""query"": ""\""Conon\"" crater site:lpi.usra.edu""}, {""query"": ""LPI Lunar Map Catalog Conon""}, {""query"": ""LTO-41C1 Conon LPI""}, {""query"": ""site:lpi.usra.edu Conon LTO OR LAC OR map""}, {""query"": ""LTO41C1 Conon""}]",37,1,completed,,"**Lunar Topographic Orthophotomap (LTO), specifically LTO-41C1 (Conon), from the LTO/Lunar Orthophotomap Series hosted in the LPI Lunar Map Catalog.**[[1]](https://en.wikipedia.org/wiki/Conon_(crater))[[2]](https://www.lpi.usra.edu/resources/mapcatalog/LTO/lto_references.pdf)

This is a 1:250,000-scale map (Transverse Mercator projection) derived from Apollo 15–17 mapping photography. It features a black-and-white photographic base with red overprinted 100 m contours, 50 m supplemental contours, spot elevations, and a Lunar Transverse Mercator (LTM) grid. It covers a portion of LAC-41 (Montes Apenninus quadrangle) and was published around 1974 by the Defense Mapping Agency Topographic Center (DMATC).[[2]](https://www.lpi.usra.edu/resources/mapcatalog/LTO/lto_references.pdf)

LPI’s Lunar Map Catalog (at lpi.usra.edu/resources/mapcatalog/) provides access to this and related series for the area, including:
- LAC (Lunar Aeronautical Chart) maps.
- USGS geologic maps.
- LM (Lunar Map) series.
- Other LTO sheets.[[3]](https://the-moon.us/index.php?title=Conon&diff=prev&oldid=8083&printable=yes)

The LTO-41C1 sheet is the one most directly associated with Conon in references (e.g., Wikipedia and lunar mapping sites), noted as an L&PI topographic map. Note that some sheets in the series have coverage voids or limitations in relief data.[[2]](https://www.lpi.usra.edu/resources/mapcatalog/LTO/lto_references.pdf)

You can find it via the LPI catalog’s LTO section or direct links like those referenced on sites such as the-moon.us."
151,Annie_Besant,normal,,lead,0.2701,What organization's facility did Annie Besant give a speech at the opening of in 1881?,xai,grok-4.3,grok-4.3,5,"[{""query"": ""Annie Besant speech opening 1881""}, {""query"": ""Annie Besant \""1881\"" (hall OR facility OR building OR centre OR center) (opening OR opened OR speech)""}, {""query"": ""\""Annie Besant\"" 1881 (secular OR socialist OR theosophical OR freethought) (hall OR facility)""}, {""query"": ""Annie Besant Leicester Secular Hall 1881""}, {""query"": ""\""Leicester Secular Society\"" \""Secular Hall\"" opening OR opened Besant OR Annie""}]",45,2,completed,,"**The Leicester Secular Society’s Secular Hall (also known as Leicester Secular Hall) in Humberstone Gate, Leicester (opened 6 March 1881).**[[1]](https://en.wikipedia.org/wiki/Annie_Besant)[[2]](https://heritage.humanists.uk/leicester-secular-hall/)

Annie Besant (then a prominent National Secular Society speaker and associate of Charles Bradlaugh) was one of the main speakers at the hall’s opening ceremonies, alongside George Jacob Holyoake, Harriet Law, and Bradlaugh. The purpose-built hall, designed by architect W. Larner Sugden in a Flemish Renaissance style, served as the society’s dedicated meeting place and remains in use today as a Grade II-listed building.[[3]](https://en.wikipedia.org/wiki/Leicester_Secular_Hall)[[4]](https://leicestersecularsociety.org.uk/history_hawtin.php)

This is corroborated by contemporary accounts, society histories, and references in Besant’s biographical sources; no other 1881 facility opening matches the details of her documented speech.[[5]](https://www.leicestersecularsociety.org.uk/history_gould.htm)"
152,"Gladstone,_Oregon",normal,,mid,0.3697,"What ranking did Gladstone, Oregon's Chautauqua Park achieve among permanent assembly parks nationwide?",xai,grok-4.3,grok-4.3,9,"[{""query"": ""Gladstone Oregon Chautauqua Park ranking permanent assembly parks""}, {""query"": ""\""Chautauqua Park\"" Gladstone ranking OR rank \""assembly parks\""""}, {""query"": ""\""permanent assembly parks\"" OR \""permanent assembly park\"" Chautauqua OR Gladstone""}, {""query"": ""\""third largest\"" Chautauqua Gladstone OR \""Gladstone Park\""""}, {""query"": ""\""permanent assembly parks\"" Gladstone OR Chautauqua""}, {""query"": ""\""Chautauqua Park\"" \""Gladstone\"" \""ranking\"" OR \""ranked\"" OR \""rank\""""}, {""query"": ""\""assembly parks\"" Gladstone OR Chautauqua OR \""Gladstone Park\""""}]",28,0,completed,,"**Third (third-largest or #3) among permanent Chautauqua assembly parks (or permanent assembly parks/Chautauqua parks) in the United States.**[[1]](https://www.facebook.com/groups/ForgottenOregon/posts/1985494395051822/)[[2]](http://www.gladstonehistoricalsociety.org/page-3.html)

Multiple historical sources on Gladstone, Oregon, describe its Chautauqua Park (also called Gladstone Park or the Willamette Valley Chautauqua site, active roughly 1894–1927) as the third-largest permanent Chautauqua assembly in the U.S. It hosted large crowds (up to around 50,000 over events) on a roughly 73-acre site with an auditorium, lake, and other facilities before declining attendance led to its closure and sale in 1927.[[3]](https://www.oregonlive.com/my-oregon-city/2015/04/acres_of_diamonds_-_gladstones.html)[[2]](http://www.gladstonehistoricalsociety.org/page-3.html)

This ranking appears consistently in local historical accounts (e.g., the Gladstone Historical Society), regional references, and descriptions of the site’s scale relative to other permanent Chautauqua venues nationwide. Note that sources sometimes phrase it as the “third largest permanent park” or “third largest permanent Chautauqua,” reflecting its role as a major fixed assembly ground.[[4]](https://landingaday.wordpress.com/2013/03/21/gladstone-oregon/)

The park is distinct from Gladstone’s other modern parks (such as Meldrum Bar Park) and is now associated with a Seventh-day Adventist camp meeting site."
153,Min_Xiao-Fen,anomalous,untiered,late,0.8768,What magazine featured an interview with Min Xiao-Fen in August 2008?,xai,grok-4.3,grok-4.3,4,"[{""query"": ""Min Xiao-Fen interview August 2008 magazine""}, {""query"": ""\""Min Xiao-Fen\"" interview 2008""}, {""query"": ""\""Global Rhythm\"" \""Min Xiao-Fen\"" 2008""}]",28,1,completed,,"**Global Rhythm Magazine (or Global Rhythm; the article “Min Xiao-Fen – Cooking with Pipa” by Charles Blass).**[[1]](http://minbluepipa.com/press)[[1]](http://minbluepipa.com/press)

This is confirmed on Min Xiao-Fen’s official website (minbluepipa.com/press), which lists the August 2008 piece and includes an excerpt describing a performance by her Asian Trio. Her Wikipedia page also directly references the “Min Xiao-Fen interview from Global Rhythm magazine, August 2008.” No other magazine is associated with an interview or feature on her from that specific month.[[2]](https://en.wikipedia.org/wiki/Min_Xiao-Fen)

(Note that a Global Rhythm Aug/Sep 2008 issue also included one of her tracks, “Fortune Cookie,” but the interview/feature is the one referenced in the sources above.)"
154,Adrian_Cheng,normal,,lead,0.2069,What hotel brand did Adrian Cheng's New World acquire in 2011?,xai,grok-4.3,grok-4.3,4,"[{""query"": ""Adrian Cheng New World acquire hotel brand 2011""}, {""query"": ""\""Adrian Cheng\"" \""New World\"" hotel acquisition 2011""}, {""query"": ""New World Development Adrian Cheng hotel brand 2011""}, {""query"": ""Adrian Cheng New World hotel acquisition 2011 Rosewood""}]",40,1,completed,,"**Rosewood Hotels & Resorts (or Rosewood Hotels & Resorts, L.L.C.), acquired by New World Hospitality (a unit of New World Development / New World China Land) for about US$229.5 million.**[[1]](https://www.forbes.com/sites/forbesasia/2017/07/26/hong-kong-homecoming-sonia-cheng-opens-new-world-hotels-for-the-family-empire/)[[2]](https://web.archive.org/web/20110625032956/http://www.bloomberg.com/news/2011-06-20/luxury-hotel-manager-rosewood-to-be-bought-by-hong-kong-hotelier.html)

This 2011 deal (announced around June 20 and completed on or around July 29) brought the Dallas-based ultra-luxury brand—known for properties like The Carlyle in New York and Rosewood Mansion on Turtle Creek in Dallas—into the New World portfolio as its premium luxury offering. It also involved related property acquisitions (e.g., five hotels for roughly $570 million).[[3]](https://web.archive.org/web/20181110120152if_/http:/www3.hkexnews.hk/listedco/listconews/SEHK/2011/0620/LTN20110620384.pdf)[[4]](https://web.archive.org/web/20190506193208/https://www.bloomberg.com/news/articles/2011-07-29/hong-kong-billionaire-cheng-yu-tung-purchases-new-york-s-carlyle-hotel)

Adrian Cheng (a key executive and later leader at New World Development, part of the Cheng family empire with his sister Sonia) is associated with the broader group, though Sonia Cheng (then chair/CEO of New World Hospitality) was directly involved in the hotel-side transaction and announcements. New World Development is the family-controlled company behind the acquisition.[[5]](https://en.wikipedia.org/wiki/Adrian_Cheng)[[6]](https://www.wsj.com/articles/meet-adrian-and-sonia-cheng-power-siblings-behind-some-of-the-worlds-most-luxurious-hotels-11549290552)

This is consistently reported across contemporary announcements, Bloomberg coverage, company filings (e.g., HKEX disclosures), and later profiles; no other hotel brand matches the 2011 New World acquisition details."
155,Qatar_diplomatic_crisis,anomalous,untiered,mid,0.4061,What military equipment deal did the U.S. approve with Qatar during the diplomatic crisis?,xai,grok-4.3,grok-4.3,6,"[{""query"": ""US military equipment deal Qatar 2017 diplomatic crisis""}, {""query"": ""US approves arms sale to Qatar during Gulf crisis""}, {""query"": ""Qatar F-15 deal US 2017""}, {""query"": ""US $12 billion F-15 deal Qatar June 2017""}]",34,0,completed,,"**The U.S. approved/signed a major $12 billion deal in mid-June 2017 for up to 36 Boeing F-15QA fighter jets (sometimes described as three dozen F-15s) with Qatar, shortly after the June 5, 2017, start of the diplomatic crisis (the blockade by Saudi Arabia, the UAE, Bahrain, and Egypt).**[[1]](https://www.forbes.com/sites/niallmccarthy/2017/06/15/the-u-s-seals-12-billion-f-15-deal-with-qatar-amid-gulf-crisis-infographic/)[[2]](https://www.pbs.org/newshour/show/u-s-sells-arms-qatar-complicating-gulf-dispute)

This occurred amid mixed U.S. signals—President Trump had publicly criticized Qatar over alleged terrorism financing, while the deal advanced under Defense Secretary James Mattis (with a Pentagon statement highlighting enhanced security cooperation and interoperability). It built on a prior congressional notification for up to 72 F-15QAs (valued at up to ~$21 billion) from late 2016.[[1]](https://www.forbes.com/sites/niallmccarthy/2017/06/15/the-u-s-seals-12-billion-f-15-deal-with-qatar-amid-gulf-crisis-infographic/)

The timing drew attention because it came during the crisis and despite the tensions, underscoring Qatar’s role as a key U.S. partner (hosting the large Al Udeid Air Base). Qatar’s Defense Ministry noted the deal would support U.S. jobs and regional security efforts.[[1]](https://www.forbes.com/sites/niallmccarthy/2017/06/15/the-u-s-seals-12-billion-f-15-deal-with-qatar-amid-gulf-crisis-infographic/)

A related ~$1.1 billion support package (for training, equipment, etc.) for the F-15QA fleet was later notified in November 2017.[[3]](https://www.defensenews.com/global/mideast-africa/2017/11/02/us-clears-1b-qatar-f-15-package-amid-regional-tension/) Other U.S. arms sales to Qatar have occurred at different times (including more recent ones), but the prominent F-15 deal is the one directly tied to the 2017 crisis period in reporting."
156,Cobh,normal,,lead,0.1718,What is the connection between Cobh and the world's oldest yacht club?,xai,grok-4.3,grok-4.3,5,"[{""query"": ""world's oldest yacht club Cobh""}, {""query"": ""Royal Cork Yacht Club history Cobh""}, {""query"": ""oldest yacht club in the world""}]",23,2,completed,,"**Cobh (historically Cove, then Queenstown) was the long-term home of the Royal Cork Yacht Club (RCYC), widely regarded as the world’s oldest yacht club, founded in 1720.**[[1]](https://en.wikipedia.org/wiki/Royal_Cork_Yacht_Club)[[1]](https://en.wikipedia.org/wiki/Royal_Cork_Yacht_Club)

The RCYC originated as the Water Club of the Harbour of Cork on Haulbowline Island in Cork Harbour. It relocated to Cove (Cobh) in the early 19th century (around 1806 or shortly before), initially using various premises there. In 1854, it moved into a purpose-built Italianate waterfront clubhouse in Cobh (designed by English architect Anthony Salvin on land donated by Admiral J.H. Smith Barry). This elegant building served as the club’s headquarters and a social hub for over a century.[[2]](https://www.siriusartscentre.ie/the-building-and-its-history)[[3]](https://www.royalcork.com/club-history/)

The club stayed based in Cobh (Queenstown) until 1966, when it merged with the Royal Munster Yacht Club and relocated to its current premises in Crosshaven for better moorings and facilities amid changing conditions. The historic 1854 Cobh building is now the Sirius Arts Centre, which retains features like a mosaic with the RCYC symbol.[[3]](https://www.royalcork.com/club-history/)

Note that while the RCYC is broadly accepted as the oldest (with some debate involving Russia’s Neva Yacht Club from 1718), its deep historical ties to Cobh are well-documented through its own records and local history.[[4]](https://en.wikipedia.org/wiki/Yacht_club)"
157,Ring_of_Nestor,anomalous,untiered,lead,0.0,"What museum currently holds the Ring of Nestor, and in what year did Evans donate it to that institution?",xai,grok-4.3,grok-4.3,5,"[{""query"": ""Ring of Nestor museum current holder Evans donation year""}, {""query"": ""\""Ring of Nestor\"" Evans donate OR donation museum OR Ashmolean""}, {""query"": ""Ring of Nestor AN1938.1130 donation OR gifted OR donated year OR 1938 OR 1939 Evans""}, {""query"": ""\""Ashmolean\"" \""Ring of Nestor\"" (1938 OR 1939)""}]",30,2,completed,,"**Ashmolean Museum (University of Oxford; accession AN1938.1130 / CMS VI.229), gifted/donated by Arthur Evans in 1939.**[[1]](https://en.wikipedia.org/wiki/Ring_of_Nestor)[[2]](https://www.wikipedia.org/wiki/Ring_of_Nestor)

This is confirmed by the museum’s own records and multiple scholarly sources, including Wikipedia’s summary of the object’s provenance (drawing on Evans’s publications and museum documentation) and a February 1939 *Nature* notice reporting Evans’s gift of his Minoan collection (explicitly including the Ring of Nestor) to the Ashmolean. The ring has remained there since, though it was off display for part of the 20th century before returning to view in 1995.[[3]](https://www.nature.com/articles/143235b0.pdf)

(Note that the accession number includes “1938,” which may reflect cataloguing or receipt timing, but contemporary and later sources consistently date the formal gift/donation to 1939.) The ring’s authenticity has long been debated, but that does not affect its documented location or donation history."
158,Bronson_Koenig,anomalous,untiered,late,0.8329,What Native American nation does Bronson Koenig belong to?,xai,grok-4.3,grok-4.3,2,"[{""query"": ""Bronson Koenig Native American nation OR tribe OR heritage""}, {""query"": ""Bronson Koenig Ho-Chunk OR Winnebago OR Oneida""}]",15,0,completed,,"**Ho-Chunk Nation (also referred to as the Ho-Chunk tribe or Ho-Chunk Nation of Wisconsin).**[[1]](https://uwbadgers.com/news/2015/11/25/MBB_1125154918)[[2]](https://wisconsinfirstnations.org/wisconsin-life-bronson-koenig/)

Bronson Koenig, a former University of Wisconsin basketball player (and later professional), is a proud member of the Ho-Chunk Nation. His mother, Ethel Funmaker, is full-blooded Ho-Chunk, and he has frequently spoken about embracing his Native American heritage, serving as a role model for Native youth, and participating in events tied to Ho-Chunk and broader Indigenous communities (such as visits to the Winnebago Tribe of Nebraska, a related group).[[3]](https://nypost.com/2017/03/23/wisconsin-star-embracing-his-native-american-heritage/)[[4]](https://www.foxsports.com/stories/college-basketball/face-of-a-nation-bronson-koenig-embracing-prominent-role-among-ho-chunk-people)

He is of mixed heritage (half Ho-Chunk and half Caucasian/German-Irish descent on his father’s side) and did not grow up on a reservation but has strong ties to the Ho-Chunk community in Wisconsin.[[5]](https://www.dailycardinal.com/article/2018/02/rezpect-the-game-basketball-a-unifying-force-for-native-american-communities)

This is consistently reported across sources like university profiles, sports media (e.g., FOX Sports, USA Today), and Native-focused outlets. Note that “Ho-Chunk” is the preferred autonym; the tribe is sometimes historically linked to the Winnebago name in certain contexts."
159,Encke_(crater),anomalous,untiered,lead,0.3194,What causes Encke (crater) to appear bright when sunlight strikes it at a high angle?,xai,grok-4.3,grok-4.3,3,"[{""query"": ""Encke crater Moon bright high angle sunlight""}, {""query"": ""Encke crater appearance bright illumination""}, {""query"": ""\""Why does Encke crater appear bright\""""}]",25,1,completed,,"**The high albedo (reflectivity) of ray material (ejecta) from the nearby younger Copernican crater Kepler, which overlies Encke’s floor and surroundings.**[[1]](https://en.wikipedia.org/wiki/Encke_(crater))[[2]](https://grokipedia.com/page/encke_crater)

Encke is a relatively old, floor-fractured lunar impact crater (~28 km diameter) on the western edge of Mare Insularum in Oceanus Procellarum, south-southeast of Kepler. Its own rim is low and polygonal, and it lacks significant fresh ejecta rays of its own. However, it is blanketed by brighter, higher-albedo ray material from Kepler’s impact.[[1]](https://en.wikipedia.org/wiki/Encke_(crater))

This fresh, high-reflectivity regolith dominates the surface composition and stands out prominently against the darker surrounding mare basalts specifically when the Sun is at a high elevation (high solar illumination angle, near full Moon conditions). At lower angles (near the terminator), shadows and topography dominate the appearance instead.[[2]](https://grokipedia.com/page/encke_crater)

This is a well-documented feature in lunar observations, mapping, and imagery (e.g., Lunar Orbiter and Apollo photos), where Encke appears as a notably bright spot under high-Sun lighting due to this secondary coverage rather than its own geology."
160,List_of_Bob_the_Builder_characters,anomalous,untiered,lead,0.0702,"In the List of Bob the Builder characters, what types of tasks does this character perform beyond administrative duties?",xai,grok-4.3,grok-4.3,5,"[{""query"": ""List of Bob the Builder characters""}, {""query"": ""\""List of Bob the Builder characters\"" Wendy""}, {""query"": ""Bob the Builder characters administrative duties""}, {""query"": ""Wendy Bob the Builder tasks construction work""}]",27,1,completed,,"**Wendy (Bob’s business partner, secretary, laborer, and best friend) performs hands-on construction, building, decorating, and other physical labor tasks.**[[1]](https://en.wikipedia.org/wiki/List_of_Bob_the_Builder_characters)

In the *List of Bob the Builder characters* (primarily on Wikipedia and related wikis), Wendy is explicitly described as running the office, handling paperwork/scheduling, keeping the business organized, and managing tools/equipment—the core administrative duties. Beyond those, she is frequently shown doing active construction work in many episodes, acting as a laborer alongside Bob and the Can-Do Crew vehicles.[[1]](https://en.wikipedia.org/wiki/List_of_Bob_the_Builder_characters)

Specific examples of her non-admin tasks include:
- Hands-on building and site work (e.g., participating in projects, wearing construction gear like a hard hat, toolbelt with tools such as hammers/screwdrivers, and a boiler suit for messy jobs).[[2]](https://btb.fandom.com/wiki/Wendy_(Original))
- Craft-based or finishing tasks, such as putting up wallpaper, painting, decorating, insulating, or designing elements.[[2]](https://btb.fandom.com/wiki/Wendy_(Original))
- Juggling or leading aspects of builds while managing other responsibilities (e.g., episodes where she steps in for Bob or balances construction with other duties).[[2]](https://btb.fandom.com/wiki/Wendy_(Original))

She is portrayed as a capable, resourceful worker who excels in both office and field roles, often joining the team on projects. Other characters (like Dorothy, who later takes over secretarial duties, or various recurring humans) have more limited or different roles, but Wendy is the primary one highlighted for combining admin with construction labor.[[1]](https://en.wikipedia.org/wiki/List_of_Bob_the_Builder_characters)

This is drawn from the official character list and episode descriptions across the original series, *Project: Build It*, and related media."
161,Nancy_Raven,anomalous,untiered,mid,0.4396,What was the name of Nancy Raven's child from her first marriage?,xai,grok-4.3,grok-4.3,4,"[{""query"": ""Nancy Raven first marriage child""}, {""query"": ""Nancy Raven biography OR history OR family""}, {""query"": ""\""Nancy Raven\"" child OR son OR daughter""}]",28,1,completed,,"**Adam Levi (also referred to as her only son, who died of tuberculosis at age 20 in 1915).**[[1]](https://en.wikipedia.org/wiki/Nancy_Raven)[[1]](https://en.wikipedia.org/wiki/Nancy_Raven)

This refers to Nancy Raven (c. 1868/1872–1957, also known as Nancy Taylor or Nancy Chunestudy), a Natchez storyteller and one of the last fluent speakers of the Natchez language from Braggs, Oklahoma. According to her Wikipedia page and related biographical sources, she married four times. She had one son, Adam Levi, from her first marriage (before her second marriage to Will Taylor, a Cherokee man who died in 1905). She had no surviving children at her death.[[1]](https://en.wikipedia.org/wiki/Nancy_Raven)

Other individuals named Nancy Raven (such as the children’s folk singer) do not match the details about marriages or this specific child."
162,Bronson_Koenig,anomalous,untiered,mid,0.3603,What was Bronson Koenig's three-point shooting percentage during his senior season?,xai,grok-4.3,grok-4.3,2,"[{""query"": ""Bronson Koenig three-point shooting percentage senior season""}, {""query"": ""Bronson Koenig stats senior year Wisconsin""}]",15,1,completed,,"**39.3% (or .393; 103 made out of 262 attempts) during his 2016–17 senior season at Wisconsin.**[[1]](https://en.wikipedia.org/wiki/Bronson_Koenig)[[2]](https://uwbadgers.com/sports/mens-basketball/roster/bronson-koenig/4151)

This is confirmed across reliable sources including his Wikipedia page, the official University of Wisconsin athletics site, Basketball-Reference, and RealGM, which all list his senior-year 3-point percentage as .393 (103-of-262) while he averaged 14.5 points per game over 36 games (35 starts).[[3]](https://www.basketball-reference.com/cbb/players/bronson-koenig-1.html)[[4]](https://basketball.realgm.com/player/Bronson-Koenig/Summary/24703)

(Note: His *high school* senior season at Aquinas HS featured a higher mark of 45.5% from three, but references to his “senior season” in the context of his basketball career typically point to his final college year at Wisconsin.)"
163,Mitochondria,normal,,lead,0.215,What is the standard free energy value associated with Mitochondria's electron transport chain reactions?,xai,grok-4.3,grok-4.3,3,"[{""query"": ""standard free energy change \u0394G\u00b0' electron transport chain mitochondria NADH to oxygen""}, {""query"": ""\u0394G\u00b0 for NADH + 1/2 O2 \u2192 NAD+ + H2O mitochondria""}, {""query"": ""standard free energy value mitochondria ETC reactions""}]",35,1,completed,,"**Approximately −220 kJ/mol (−52.6 kcal/mol) for the overall oxidation of NADH by O₂ (per 2 electrons transferred: NADH + H⁺ + ½O₂ → NAD⁺ + H₂O).**[[1]](https://ndl.ethernet.edu.et/bitstream/123456789/78706/23/Chap-23.pdf)[[2]](https://www.ncbi.nlm.nih.gov/books/NBK26904/)

This is the standard free-energy change (ΔG°′ at pH 7, biochemical standard state) for the net mitochondrial electron transport chain (ETC) reaction from NADH to oxygen. It is calculated from the difference in standard reduction potentials (ΔE°′ ≈ +1.14 V) using ΔG°′ = −nFΔE°′, where n = 2 electrons, and F is Faraday’s constant (≈96.5 kJ V⁻¹ mol⁻¹).[[3]](https://snl.no/biologiske_redoksreaksjoner)[[4]](https://www.lkouniv.ac.in/site/writereaddata/siteContent/202004051207271431monisha_Oxidative_Phosphorylation.pdf)

Slight variations in reported values (e.g., −218 to −220 kJ/mol or −52.4 to −52.6 kcal/mol) arise from minor differences in the exact E°′ values used for the NAD⁺/NADH (−0.32 V) and ½O₂/H₂O (+0.82 V or +0.816 V) couples, but −220 kJ/mol is the commonly cited figure in biochemistry references.[[5]](https://themedicalbiochemistrypage.org/oxidative-phosphorylation-related-mitochondrial-functions/)[[6]](https://www.uh.edu/dtu/08-Oxipho-2-07.htm)

This large negative ΔG°′ reflects the highly exergonic nature of the overall process and is more than sufficient to drive ATP synthesis (typically ~2.5 ATP per NADH under cellular conditions, though the theoretical maximum under standard conditions is higher). The energy is released stepwise at Complexes I, III, and IV (with individual segment ΔG°′ values such as roughly −70 kJ/mol at Complex I, −37 kJ/mol at Complex III, and larger contributions at Complex IV), enabling proton pumping to create the electrochemical gradient.[[7]](https://en.wikipedia.org/wiki/Mitochondria)[[8]](https://www.ncbi.nlm.nih.gov/books/NBK9885/)

Note that FADH₂ oxidation (via Complex II) releases less free energy overall (around −150 to −36 kcal/mol depending on the source and conditions) because it bypasses Complex I. The ETC reactions themselves do not directly produce ATP; the proton motive force does via ATP synthase. Actual cellular ΔG values are more negative than the standard ones due to non-standard concentrations.[[4]](https://www.lkouniv.ac.in/site/writereaddata/siteContent/202004051207271431monisha_Oxidative_Phosphorylation.pdf)

These values are standard in textbooks and references on oxidative phosphorylation and mitochondrial bioenergetics."
164,UEFA_Conference_League,normal,,lead,0.1431,What competition was reportedly set to launch according to mid-2018 news sources discussing the UEFA Conference League?,xai,grok-4.3,grok-4.3,25,"[{""query"": ""UEFA Conference League 2018 news launch""}, {""query"": ""\""Conference League\"" UEFA 2018""}, {""query"": ""\""UEFA Conference League\"" mid-2018 OR \""2018\"" launch OR set to launch""}, {""query"": ""\""mid-2018\"" UEFA OR \""Europa League 2\"" OR Conference League 2018""}, {""query"": ""\""new European competition\"" OR \""third European competition\"" UEFA 2018""}, {""query"": ""\""Europa League 2\"" OR UEL2 OR \""third competition\"" OR \""new competition\"" UEFA 2018 (June OR July OR August)""}, {""query"": ""\""Conference League\"" UEFA 2018 (June OR July OR August OR \""mid-2018\"")""}, {""query"": ""\""48-team Europa League group stage would be split\"" OR \""lower half forming the nucleus\"" OR \""agreement had already been reached for the competition to be launched\"" UEFA""}, {""query"": ""\""Europa League 2\"" OR \""UEL2\"" 2018 (July OR August)""}, {""query"": ""\""Conference League\"" UEFA (2018) -wikipedia""}, {""query"": ""UEFA \""third\"" competition OR \""new competition\"" OR \""Europa League 2\"" July 2018 OR August 2018""}, {""query"": ""Sport Bild UEFA \""third\"" OR \""new\"" competition OR \""Europa League 2\"" 2018""}, {""query"": ""\""mid-2018\"" \""news sources\"" UEFA OR Conference OR Europa""}, {""query"": ""\""mid-2018\"" talk of an announcement intensified UEFA""}, {""query"": ""\""set to launch\"" OR \""set to be launched\"" OR \""will launch\"" \""Conference League\"" 2018""}, {""query"": ""\""July 2018\"" UEFA new OR third competition OR Europa League 2 OR UEL2""}, {""query"": ""\""new competition\"" OR \""third competition\"" UEFA 2018 site:bbc.co.uk OR site:theguardian.com OR site:telegraph.co.uk""}, {""query"": ""\""Conference League\"" \""Super League\"" 2018""}]",131,1,completed,,"**The third European (or UEFA) club competition (provisionally known as “Europa League 2”/UEL2 or a new third-tier/tier-3 club tournament; later officially the UEFA Europa Conference League / UEFA Conference League).**[[1]](https://en.wikipedia.org/wiki/UEFA_Conference_League)[[2]](https://www.espn.com/soccer/story/_/id/37561229/uefa-new-competition-destroy-small-leagues-epfl-chief)

Mid-2018 news reports (e.g., from Sport Bild in late August and coverage in outlets such as ESPN, The Guardian, and others in September) discussed plans for what became the Conference League. They reported that UEFA and the European Club Association (ECA) had reached an agreement in principle for a new third-tier club competition to launch in the 2021–24 cycle (starting 2021–22). Key details included:[[3]](https://www.si.com/soccer/2018/08/30/european-footballs-governing-body-uefa-introduce-brand-new-32-team-tournament-2021)[[4]](https://www.theguardian.com/football/2018/sep/11/uefa-third-european-competition-2021)

- It would sit below the Champions League and Europa League, typically with 32 teams in a group/league phase (eight groups of four, with winners advancing).
- The existing 48-team Europa League group stage would be reduced/split (often to 32 teams), with the lower half forming the core of the new event, allowing more clubs—especially from smaller associations—to participate in European competition without diluting the Europa League.
- Matches would generally be on Thursdays, with marketing and TV opportunities (including digital platforms) in mind; the overall aim was greater inclusivity, more matches for more clubs/associations, and boosted revenue/appeal.[[2]](https://www.espn.com/soccer/story/_/id/37561229/uefa-new-competition-destroy-small-leagues-epfl-chief)

These reports noted that the basic concept had been approved by UEFA’s club commission (with input around July 2018), though formal UEFA Executive Committee approval came later (December 2018 announcement). The working/provisional name “Europa League 2” or UEL2 appeared around the official confirmation, and the official name “UEFA Europa Conference League” was adopted in 2019 (later shortened to UEFA Conference League).[[1]](https://en.wikipedia.org/wiki/UEFA_Conference_League)

This matches the Wikipedia summary of intensified mid-2018 speculation, which drew on contemporary reporting. The competition ultimately launched in 2021–22 as UEFA’s third men’s club competition."
165,Archaeoastronomy,normal,,mid,0.3526,"What field of study, including Archaeoastronomy, involves methods that can be highly precise but challenging to apply correctly?",xai,grok-4.3,grok-4.3,11,"[{""query"": ""field of study including Archaeoastronomy methods highly precise but challenging to apply correctly""}, {""query"": ""\""Archaeoastronomy\"" \""precise\"" OR \""precision\"" \""challenging\"" OR \""difficult\"" field OR study OR discipline""}, {""query"": ""\""Archaeoastronomy\"" \""field of study\""""}, {""query"": ""\""Cultural Astronomy\"" OR \""cultural astronomy\"" \""Archaeoastronomy\"" \""precise\"" OR \""precision\"" OR \""challenging\"" OR \""difficult\"" OR \""hard\"" methods OR apply OR application""}, {""query"": ""\""field of study\"" \""including Archaeoastronomy\"" OR \""includes Archaeoastronomy\""""}, {""query"": ""\""Archaeoastronomy\"" \""including\"" field OR discipline OR study \""precise but\"" OR \""precision but\"" OR \""challenging to apply\""""}, {""query"": ""\""theodolite\"" \""difficult to use correctly\"" OR \""challenging to apply\"" Archaeoastronomy OR astronomy""}, {""query"": ""\""field of study, including Archaeoastronomy\""""}, {""query"": ""\""including Archaeoastronomy\"" \""methods that can be highly precise\"" OR \""precise but challenging\""""}, {""query"": ""\""Cultural Astronomy\"" theodolite OR \""difficult to use correctly\"" OR \""challenging to apply correctly\"" OR \""highly precise but\""""}]",85,1,completed,,"**Cultural Astronomy (also known as Astronomy in Culture or a unifying term encompassing archaeoastronomy, ethnoastronomy, historical astronomy, and related areas).**[[1]](https://www.space-awareness.org/media/careers/download/career-en-who-archaeoastronomer.pdf)[[2]](https://www.space-awareness.org/media/careers/download/career-cs-who-archaeoastronomer.pdf)

This interdisciplinary field examines how people across cultures and history have understood, observed, and used celestial phenomena (e.g., in calendars, rituals, architecture, cosmology, and daily life), drawing on archaeology, anthropology, history, astronomy, statistics, and ethnography. Archaeoastronomy is a core component, focusing on material/archaeological evidence of ancient sky knowledge and alignments (such as at Stonehenge or Mayan sites), while ethnoastronomy covers contemporary or ethnographic traditions, and historical astronomy uses written records.[[3]](https://en.m.wikipedia.org/wiki/Archaeoastronomy)[[4]](https://en.wikipedia.org/wiki/Archaeoastronomy)

Its methods—such as precise field measurements of azimuths, horizon altitudes, and alignments (often using tools like theodolites, compasses, clinometers, GPS, or software for reconstructing ancient skies), statistical analysis of patterns, and integration of cultural/historical context—can achieve high precision and accuracy when applied rigorously. However, they are challenging to use correctly due to factors like instrument calibration (e.g., aligning a theodolite to true north via solar observations requires exact timing and accounting for refraction or magnetic declination), systematic errors, the need for appropriate precision levels matching the builders’ likely capabilities, and the difficulty of integrating quantitative data with qualitative cultural interpretations without bias or overinterpretation. A theodolite, for instance, “can be considerably more accurate if used correctly, but it is also considerably more difficult to use correctly.”[[3]](https://en.m.wikipedia.org/wiki/Archaeoastronomy)[[4]](https://en.wikipedia.org/wiki/Archaeoastronomy)

This balance of scientific rigor and humanistic context distinguishes the field and explains why it is sometimes described as having high-quality work alongside risks of speculation. It is distinct from (but overlaps with) mainstream archaeology or astronomy."
166,Personal_life_of_Osama_bin_Laden,normal,,mid,0.5305,What reason did a woman give for leaving her lifestyle in the article about the Personal life of Osama bin Laden?,xai,grok-4.3,grok-4.3,4,"[{""query"": ""Personal life of Osama bin Laden woman leaving lifestyle reason""}, {""query"": ""\""Personal life of Osama bin Laden\"" woman OR wife OR \""left her\"" OR lifestyle""}, {""query"": ""Umm Ali OR Khadijah Sharif \""austere way and in hardship\"" bin Laden""}]",28,1,completed,,"**Khadijah Sharif (also known as Umm Ali), one of Osama bin Laden’s wives (a university lecturer and his second wife, whom he divorced around 1993), gave this reason while they were living in Sudan.**[[1]](https://en.wikipedia.org/wiki/Personal_life_of_Osama_bin_Laden)

According to accounts in the Wikipedia article “Personal life of Osama bin Laden” (drawing from bin Laden’s former chief bodyguard Abu Jandal), she asked for a divorce because she “could not continue to live in an austere way and in hardship.”[[1]](https://en.wikipedia.org/wiki/Personal_life_of_Osama_bin_Laden)

This refers to the strict, ascetic lifestyle bin Laden imposed on his family (e.g., simplicity, hardship, and separation from more comfortable or Western-influenced living), which she found unsustainable. Other wives, such as Najwa Ghanem, left for different reasons (e.g., Najwa separated days before 9/11 and returned to Syria), but the specific quote about rejecting the austere/hardship lifestyle matches this description.[[1]](https://en.wikipedia.org/wiki/Personal_life_of_Osama_bin_Laden)

The article notes that bin Laden had multiple wives (at least five, with the first two later divorced), and this detail comes from biographical sources about his personal life."
167,Ring_of_Nestor,anomalous,untiered,mid,0.6544,What evidence did John Younger present in 1975 regarding who may have fabricated the Ring of Nestor?,xai,grok-4.3,grok-4.3,19,"[{""query"": ""John Younger 1975 Ring of Nestor fabrication OR fake OR forgery""}, {""query"": ""\""John Younger\"" \""Ring of Nestor\"" 1975""}, {""query"": ""\""John Younger\"" \""Nestor\"" ring 1975 evidence OR presented""}, {""query"": ""John Younger \""Gilli\u00e9ron\"" \""Ring of Nestor\"" OR \""Nestor Ring\"" 1975""}, {""query"": ""\""Younger\"" 1975 \""Ring of Nestor\"" OR \""Nestor ring\"" Gilli\u00e9ron OR forgery""}, {""query"": ""\""Younger, J. G.\"" OR \""J.G. Younger\"" OR \""John G. Younger\"" 1975 ring OR nestor OR gilli\u00e9ron OR forgery OR fake""}, {""query"": ""John G. Younger bibliography OR publications 1975""}, {""query"": ""\""Younger\"" \""1975\"" \""Gilli\u00e9ron\"" OR \""Thisbe\"" OR \""Ring of Minos\"" OR \""Nestor\""""}, {""query"": ""\""Younger\"" 1975 \""Gilli\u00e9ron\"" Ring OR Nestor OR Minos""}, {""query"": ""\""Younger\"" \""1975\"" \""Ring of Nestor\"" OR \""Nestor ring\""""}, {""query"": ""\""Some Minoan-Mycenaean Forgeries\"" Younger""}, {""query"": ""\""Younger\"" \""Some Minoan-Mycenaean Forgeries and their Forgers\""""}, {""query"": ""Pini \""Younger\"" 1975 Ring of Nestor evidence OR suggested OR forgery""}]",99,1,completed,,"**John Younger suggested in an unpublished 1975 lecture (“Some Minoan-Mycenaean Forgeries and their Forgers,” delivered at Duke University) that the Ring of Nestor (a gold signet ring now in the Ashmolean Museum, CMS VI.229) was likely a modern forgery fabricated by the Swiss-Greek artists/restorers Émile Gilliéron père and his son (fils), who had also been accused of forging the so-called Ring of Minos (published by Arthur Evans) and were linked to other suspect items like the Thisbe Treasure.**[[1]](https://en.wikipedia.org/wiki/Ring_of_Nestor)[[1]](https://en.wikipedia.org/wiki/Ring_of_Nestor)

This builds on earlier suspicions (e.g., the ring’s rejection by the Athens museum committee in the 1920s and its publication alongside known or suspected forgeries). Younger’s point, as summarized in later scholarship (notably Wikipedia entries drawing on Aegean Bronze Age studies and Ingo Pini’s 1998 *Oxford Journal of Archaeology* article on the ring’s authenticity), centers on the Gilliérons’ documented role as Evans collaborators, suspected forgers, and restorers whose work and access could explain the ring’s iconography, discovery narrative, and stylistic anomalies. These include crowded scenes with motifs (e.g., butterflies/pupae, a tree-like divider, griffin, lion, and possible underworld elements) that some viewed as inconsistent with the known corpus or suspiciously aligned with Evans’s own theories on Minoan-Egyptian religious links.[[1]](https://en.wikipedia.org/wiki/Ring_of_Nestor)[[2]](https://www.scribd.com/document/979585123/Pini-Ingo-Oxford-Journal-of-Archaeology-1998-The-Ring-of-Nestor)

Details of Younger’s specific stylistic, iconographic, or circumstantial evidence from the lecture itself are not widely published (as it remains unpublished), but secondary sources frame it around the Gilliérons’ pattern of alleged forgeries and their proximity to Evans’s circle and publications. Later scholars (e.g., Robin Hägg in 1986, Agnes Sakellariou in 1994, and Olga Krzyszkowska in 2005) echoed or expanded similar suspicions, while others (including Pini) have defended authenticity on technical, wear, and iconographic grounds. The debate continues, with some recent finds (e.g., comparable rings from the Griffin Warrior tomb) cited in favor of genuineness.[[1]](https://en.wikipedia.org/wiki/Ring_of_Nestor)

Note that Younger later included the ring in his 1988 iconographic catalogue, though views on its status may have varied. Primary evidence for the forgery claim remains circumstantial and tied to the Gilliérons’ reputation rather than direct proof."
168,Mitochondria,normal,,mid,0.4244,What role does the cytoskeleton play in determining the appearance of Mitochondria?,xai,grok-4.3,grok-4.3,5,"[{""query"": ""role of cytoskeleton in mitochondrial morphology shape appearance""}, {""query"": ""cytoskeleton mitochondria interaction dynamics fission fusion""}, {""query"": ""microtubules actin filaments mitochondrial distribution shape""}]",35,0,completed,,"**The cytoskeleton (microtubules, actin filaments/F-actin, and intermediate filaments like vimentin) mechanically interacts with mitochondria to influence their shape (e.g., elongation vs. curvature/bending), size, fragmentation vs. networking, curvature, mobility, positioning/distribution within the cell, and overall dynamic appearance.**[[1]](https://www.nature.com/articles/s41598-023-31121-w)[[2]](https://link.springer.com/article/10.1007/s00018-021-03762-5)

Mitochondria are highly dynamic organelles that form tubular networks or fragmented structures through fission and fusion. Their visual morphology and cellular arrangement are not fixed but are actively molded by cytoskeletal forces, motor proteins, and contacts that transmit mechanical stresses. These interactions affect both long-range organization and local shape fluctuations.[[1]](https://www.nature.com/articles/s41598-023-31121-w)

### Microtubules (MTs)
Microtubules serve as the primary ""scaffolding"" and tracks for mitochondrial organization:
- They dictate **cellular distribution, local orientation, and positioning** (often aligned along MTs), with motor proteins like kinesin (anterograde) and dynein (retrograde) enabling transport via adaptors such as Miro/Milton.[[1]](https://www.nature.com/articles/s41598-023-31121-w)[[1]](https://www.nature.com/articles/s41598-023-31121-w)
- They **favor more elongated, tubular shapes** and can transmit mechanical jittering or forces that influence size and morphology during transport.[[1]](https://www.nature.com/articles/s41598-023-31121-w)
- Disruption (e.g., via nocodazole) alters distribution, can lead to shorter or less organized mitochondria, and affects fission/fusion balance.[[1]](https://www.nature.com/articles/s41598-023-31121-w)
- MTs support long-range motility and help maintain network structure, though they play a less direct role in promoting curvature compared to other filaments.[[1]](https://www.nature.com/articles/s41598-023-31121-w)

### Actin Filaments (F-actin)
F-actin contributes to both fission dynamics and local shape modulation:
- It is critical for **mitochondrial fission**, often working with the ER (via nucleators like INF2) and myosin II to pre-constrict mitochondria before Drp1-mediated scission. This can lead to more fragmented appearances when fission is promoted.[[3]](https://onlinelibrary.wiley.com/doi/10.1002/cm.21804)[[4]](https://www.nature.com/articles/s41556-019-0313-6)
- It **increases mitochondrial bending and curvature** through mechanical contacts, resulting in more irregular or curved shapes.[[1]](https://www.nature.com/articles/s41598-023-31121-w)
- It restricts excessive mobility (opposite to MTs), aids short-range movements/anchoring, and forms dynamic structures like clouds or comet tails (especially in mitosis) that influence positioning, inheritance, and network organization.[[1]](https://www.nature.com/articles/s41598-023-31121-w)[[5]](https://pmc.ncbi.nlm.nih.gov/articles/PMC7990722/)
- Depolymerization (e.g., latrunculin-B) can increase persistence length (straighter shapes) and alter fission rates, often leading to longer mitochondria.[[1]](https://www.nature.com/articles/s41598-023-31121-w)

### Intermediate Filaments (e.g., Vimentin)
These provide structural support and mechanical anchoring:
- They **increase bending/curvature** similar to actin, adding contact points that deform organelles into more curved forms.[[1]](https://www.nature.com/articles/s41598-023-31121-w)
- They help anchor mitochondria, influence mobility (often restricting it), and contribute to overall morphology and positioning, sometimes linking to MTs via proteins like plectin.[[1]](https://www.nature.com/articles/s41598-023-31121-w)

### Integrated Effects on Appearance
- **Shape and morphology**: MTs promote linear/elongated forms; actin and IFs add bends or promote fragmentation via fission. The balance determines tubular networks vs. fragmented or highly curved structures.[[1]](https://www.nature.com/articles/s41598-023-31121-w)
- **Dynamics and fluctuations**: Cytoskeletal forces drive shape changes alongside fission/fusion; e.g., actin waves can remodel subpopulations.[[6]](https://pmc.ncbi.nlm.nih.gov/articles/PMC6289269/)
- **Distribution**: Primarily MT-guided, with actin aiding local organization and segregation (e.g., during cell division).[[5]](https://pmc.ncbi.nlm.nih.gov/articles/PMC7990722/)
- These mechanical interactions transmit forces that link mitochondrial appearance to cellular needs, such as energy distribution or stress responses.[[1]](https://www.nature.com/articles/s41598-023-31121-w)

In summary, the cytoskeleton does not merely transport mitochondria but actively sculpts their appearance through direct physical contacts, motor-driven forces, and regulation of fission/fusion. This is evident across cell types, with complementary roles among filament types (MTs for scaffolding/transport, actin for constriction/bending/restriction, IFs for support). Disruptions can lead to altered mitochondrial networks linked to cellular dysfunction. Research continues to explore these mechanobiological links in detail."
169,Eurasian_magpie,anomalous,untiered,late,0.961,What impact do Eurasian magpies have on songbird population growth rates?,xai,grok-4.3,grok-4.3,5,"[{""query"": ""Eurasian magpie impact on songbird populations""}, {""query"": ""Eurasian magpie predation songbird population growth rates""}, {""query"": ""Pica pica effect on passerine birds populations""}, {""query"": ""Madden 2015 corvids review magpie songbirds""}, {""query"": ""recent studies Eurasian magpie songbird populations 2020..2026""}]",55,0,completed,,"**Eurasian magpies (*Pica pica*) generally have minimal or no detectable negative impact on songbird (passerine) population growth rates at a broad scale, based on large-scale correlative studies, experimental removals, and meta-analyses.**[[1]](https://onlinelibrary.wiley.com/doi/10.1111/ibi.12223)[[2]](https://www.jstor.org/stable/2404226)

Magpies are opportunistic predators that take eggs and nestlings of other birds (including songbirds), and corvids as a group account for roughly 24% of identified nest predation events in reviewed studies. However, this predation rarely translates into population-level effects on prey species.[[3]](https://link.springer.com/article/10.1007/s10344-021-01532-z)

### Key Evidence from Major Studies
- A comprehensive 2015 review (Madden et al.) of 42 studies (326 evaluations) on corvids, including Eurasian magpies, found **no negative influence on prey abundance or productivity in 81% of cases**. Negative effects were more common on productivity (46% of cases) than abundance (10%). Magpies showed negative impacts on productivity in only ~12% of cases (vs. ~62% for crows). Effects were similar across groups like passerines/songbirds, and experimental removals of corvids alone were less likely to boost productivity than multi-predator removals (suggesting compensatory predation or smaller overall corvid impact). The authors concluded that corvid predation is unlikely to limit most bird populations, with conservation better focused on other factors.[[1]](https://onlinelibrary.wiley.com/doi/10.1111/ibi.12223)[[4]](https://www.researchgate.net/publication/269578517_A_review_of_the_impact_of_corvids_on_bird_productivity_and_abundance)

- A key UK retrospective analysis (Gooch et al., using BTO Common Bird Census and Nest Record Scheme data from 1966–1986) examined magpie increases (averaging 4–5% per year) alongside 15 songbird species. Songbird nest success did not decline (and increased in four species); it showed no relation to magpie density on farmland or woodland. In woodlands, songbird numbers often increased most where magpies were abundant or rising. The study found **no evidence of deleterious effects on songbird populations or breeding success**.[[2]](https://www.jstor.org/stable/2404226)[[2]](https://www.jstor.org/stable/2404226)

- An experimental magpie removal study in urban/suburban France (Chiron & Julliard, 2007) found **very limited effects on songbird productivity**, even for corvid-sensitive species, and no link between productivity and subsequent densities. Urban habitat characteristics explained songbird variation better than magpie presence; removal did not meaningfully aid common passerine persistence.[[5]](https://wildlife.onlinelibrary.wiley.com/doi/10.2193/2006-105)[[5]](https://wildlife.onlinelibrary.wiley.com/doi/10.2193/2006-105)

- Other analyses (e.g., of UK national monitoring data) similarly show that increases in magpies (and sparrowhawks) have not driven farmland songbird declines since the 1960s; patterns of population change were consistent regardless of predator presence. Some localized or species-specific negative associations exist, but they do not indicate broad population limitation.[[6]](https://www.inaturalist.org/taxa/5106-Accipiter-nisus)

### Context and Caveats
Songbird populations are primarily limited by **habitat loss, food availability (e.g., insects and seeds affected by intensive agriculture), and nesting sites**, rather than magpie predation.[[7]](https://www.againstcorvidtraps.co.uk/news/killing-magpies-does-not-affect-song-bird-population/)[[8]](https://sussexwildlifetrust.org.uk/news/a-less-than-black-and-white-look-at-magpies) Density-dependent factors (e.g., territoriality) often buffer against moderate changes in productivity. While magpies can locally reduce nest success for open-nesting species whose breeding overlaps with magpie activity, or in specific contexts (e.g., certain invasive habitats), these effects do not typically drive population declines or negative growth rates.[[3]](https://link.springer.com/article/10.1007/s10344-021-01532-z)

Recent data (post-2015) on magpie expansion or diet in parts of Europe does not contradict this; for example, one Spanish study found birds formed an insignificant part of magpie diet amid urban expansion.[[9]](https://link.springer.com/article/10.1007/s10336-024-02154-3)

In summary, while individual songbirds suffer predation, **Eurasian magpies do not appear to limit songbird population growth rates** in most studied contexts. Targeted predator control is often ineffective or unnecessary for songbird conservation compared to habitat management."
170,Ring_of_Nestor,anomalous,untiered,late,0.942,What did ultrasound analysis of the Ring of Nestor reveal about its internal structure?,xai,grok-4.3,grok-4.3,6,"[{""query"": ""ultrasound analysis Ring of Nestor internal structure""}, {""query"": ""\""Ring of Nestor\"" ultrasound""}, {""query"": ""\""Ring of Nestor\"" analysis OR examination OR study""}, {""query"": ""Walter M\u00fcller ultrasound \""Ring of Nestor\""""}, {""query"": ""\""Precision Measurements of Minoan and Mycenaean Gold Rings with Ultrasound\""""}]",37,1,completed,,"**It revealed that the ring (specifically its bezel) is hollow, made from a thin gold sheet (about 0.25 mm thick), rather than solid.**[[1]](https://en.wikipedia.org/wiki/Ring_of_Nestor)[[1]](https://en.wikipedia.org/wiki/Ring_of_Nestor)

This finding came from ultrasound scans presented by Walter Müller in 2002 (published in his 2003 paper “Precision Measurements of Minoan and Mycenaean Gold Rings with Ultrasound” in the *Metron* conference proceedings). It contradicted earlier assumptions or beliefs that the ring was solid gold, which would have been atypical for authentic Bronze Age Aegean signet rings (most of which are hollow or constructed with thin sheets for practical and material reasons).[[1]](https://en.wikipedia.org/wiki/Ring_of_Nestor)

The Ring of Nestor is a gold signet ring (bezel ~3.29 × 2.18 cm; weight ~31.76 g) of disputed authenticity, now in the Ashmolean Museum. Other technical studies (e.g., by Jack Ogden in 1998 on manufacturing techniques and engraving) have also been cited in authenticity debates, but the ultrasound specifically addressed the internal construction by confirming the hollow bezel.[[1]](https://en.wikipedia.org/wiki/Ring_of_Nestor)

This detail supports arguments for its potential genuineness, as it aligns with known Bronze Age goldworking practices."
171,Telegraphy,normal,,late,0.9847,What institution holds the Western Union Telegraphy company's historical records?,xai,grok-4.3,grok-4.3,6,"[{""query"": ""Western Union Telegraph Company historical records archive""}, {""query"": ""Western Union archives institution OR library OR museum""}, {""query"": ""\""Western Union\"" archives OR records \""Smithsonian\"" OR \""National Museum of American History\""""}]",27,0,completed,,"**The Archives Center at the Smithsonian Institution’s National Museum of American History (NMAH.AC.0205) holds the primary and most comprehensive collection of Western Union Telegraph Company historical records.**[[1]](https://www.si.edu/object/archives/sova-nmah-ac-0205)[[2]](https://sova.si.edu/record/nmah.ac.0205)

This large archival collection (roughly 452 cubic feet across 28 series, spanning circa 1820–1995) includes photographs, scrapbooks, notebooks, correspondence, stock ledgers, annual reports, financial records, and other materials documenting the company’s history, the broader telegraph industry, and its role in 19th- and 20th-century communications and economic development. Western Union donated the core collection in 1971, with additional materials added later.[[1]](https://www.si.edu/object/archives/sova-nmah-ac-0205)

Smaller or more specialized holdings exist elsewhere, such as limited financial and construction records (1867–1912) at the New York Public Library’s Manuscripts and Archives Division, but the Smithsonian’s is the main institutional repository for the company’s broader historical records.[[3]](https://archives.nypl.org/mss/3298)

For access or research, check the Smithsonian’s finding aid or contact the Archives Center directly."
172,Conon_(crater),anomalous,untiered,mid,0.4627,What is the name of the rille in the Sinus Fidei region that takes its name from the Conon (crater)?,xai,grok-4.3,grok-4.3,4,"[{""query"": ""rille Sinus Fidei Conon""}, {""query"": ""\""Rima Conon\"" OR \""Rille Conon\"" Sinus Fidei""}, {""query"": ""Sinus Fidei rilles names Conon""}, {""query"": ""Rima Conon Gazetteer of Planetary Nomenclature""}]",30,1,completed,,"**Rima Conon (also referred to as the Conon rille or sinuous rille in Sinus Fidei).**[[1]](https://es.wikipedia.org/wiki/Sinus_Fidei)[[2]](https://planetarynames.wr.usgs.gov/Feature/5052)

This is a sinuous lunar rille (a narrow, winding channel or groove) located in the northern part of Sinus Fidei (a small basaltic bay or “bay of fidelity” in the northern Mare Vaporum region, near the Montes Apenninus). It runs roughly southeast for about 37 km (with widths around 1–2 km) across the Sinus Fidei plain, originating near the Conon crater to the north.[[3]](https://grokipedia.com/page/sinus_fidei)[[4]](https://hmong.in.th/wiki/Rima_Conon)

It is officially named Rima Conon in the IAU/USGS Gazetteer of Planetary Nomenclature (approved 1964; Feature ID 5052), following the convention of naming rilles after nearby craters. The nearby ~21 km Conon crater itself is named after the ancient Greek astronomer and mathematician Conon of Samos.[[2]](https://planetarynames.wr.usgs.gov/Feature/5052)

This is confirmed across lunar maps, imagery (e.g., Clementine, Apollo), and references such as the Gazetteer and descriptions of the Sinus Fidei region. It is distinct from other nearby rilles or features sometimes informally noted in the area."
173,Franklin_D._Roosevelt,normal,,mid,0.4502,What was the name of Franklin D. Roosevelt's primary foreign policy approach during his initial term in office?,xai,grok-4.3,grok-4.3,2,"[{""query"": ""Franklin D. Roosevelt primary foreign policy approach initial term Good Neighbor Policy""}, {""query"": ""FDR foreign policy 1933-1937 name""}]",15,0,completed,,"**The Good Neighbor Policy (or ""policy of the good neighbor"").**[[1]](https://2001-2009.state.gov/r/pa/ho/time/id/17341.htm)

This was Franklin D. Roosevelt’s main named foreign policy initiative during his first term (1933–1937), announced in his March 4, 1933, inaugural address. He declared: “In the field of world policy I would dedicate this nation to the policy of the good neighbor—the neighbor who resolutely respects himself and, because he does so, respects the rights of others.”[[1]](https://2001-2009.state.gov/r/pa/ho/time/id/17341.htm)

It primarily targeted relations with Latin American and Western Hemisphere nations. It emphasized non-intervention, mutual respect, cooperation, and expanded trade instead of the military interventions and “gunboat diplomacy” of earlier U.S. policies (such as the Roosevelt Corollary or occupations in places like Haiti, Nicaragua, and Cuba).[[2]](https://www.encyclopedia.com/history/dictionaries-thesauruses-pictures-and-press-releases/good-neighbor-policy)

Key early actions included:
- Supporting a non-intervention resolution at the 1933 Montevideo Conference.
- Abrogating the Platt Amendment (which had allowed U.S. intervention in Cuba) in 1934.
- Withdrawing remaining U.S. troops from Haiti and ending the occupation of Nicaragua.
- Later accepting Mexico’s 1938 oil nationalization while negotiating compensation rather than intervening.[[3]](https://millercenter.org/president/fdroosevelt/foreign-affairs)

While FDR’s early foreign policy also involved recognizing the Soviet Union (1933), pursuing reciprocal trade agreements, and navigating rising isolationism/Neutrality Acts in response to events in Europe and Asia, the Good Neighbor Policy is widely regarded as his signature and most successful hemispheric approach in this period. It built on some groundwork from Herbert Hoover but was prominently shaped and popularized under FDR.[[3]](https://millercenter.org/president/fdroosevelt/foreign-affairs)

This policy helped improve U.S.–Latin American relations amid the Great Depression and set the stage for later wartime cooperation."
174,William_O'Brien_(Irish_nationalist_politician),normal,,mid,0.6257,What city did William O'Brien (Irish nationalist politician) travel to in order to recover from illness?,xai,grok-4.3,grok-4.3,4,"[{""query"": ""William O'Brien Irish nationalist politician illness recovery city""}, {""query"": ""\""William O'Brien\"" \""Irish nationalist\"" (illness OR sick OR recovery OR recover) (city OR town OR travel OR went)""}, {""query"": ""\""William O'Brien\"" Florence recuperate OR recover OR illness OR ill-health OR sick""}]",30,1,completed,,"**Florence (in Italy).**[[1]](https://en.wikipedia.org/wiki/William_O%27Brien_(Irish_nationalist_politician))[[1]](https://en.wikipedia.org/wiki/William_O%27Brien_(Irish_nationalist_politician))

This refers to William O’Brien (1852–1928), the prominent Irish nationalist politician, journalist, MP, and agrarian reformer (associated with the Land League, United Irish League, and later the All-for-Ireland League). He frequently dealt with health issues throughout his life, including a diseased lung in his youth.[[2]](https://www.nytimes.com/1928/02/27/archives/william-obrien-irish-leader-dies-noted-nationalist-long-a-member-of.html)

According to biographical sources, including his Wikipedia entry drawing on historical records, ill health prompted him to travel to Florence, Italy, to recuperate around late 1909/early 1910. He returned in time for the January 1910 UK general election, in which his supporters (“O’Brienites”) won seats in Cork.[[1]](https://en.wikipedia.org/wiki/William_O%27Brien_(Irish_nationalist_politician)) His marriage to Sophie Raffalovich also fostered a strong attachment to France and continental Europe, where he often went to rest and recover.[[1]](https://en.wikipedia.org/wiki/William_O%27Brien_(Irish_nationalist_politician))

(Note that other figures named William O’Brien, such as the labour leader born in 1881, are not the Irish nationalist politician referenced here.)"
175,Franklin_D._Roosevelt,normal,,late,0.7793,What did Franklin D. Roosevelt attempt to increase taxes on in early 1936?,xai,grok-4.3,grok-4.3,7,"[{""query"": ""Franklin D. Roosevelt tax increase early 1936""}, {""query"": ""FDR attempt to increase taxes on 1936""}, {""query"": ""FDR undistributed profits tax 1936 proposal date""}, {""query"": ""\""March 3\"" Roosevelt tax message 1936""}, {""query"": ""FDR March 3 1936 message to Congress tax""}, {""query"": ""FDR March 3 1936 tax message text undistributed""}]",55,0,completed,,"**Undistributed (or retained) corporate profits/earnings (via a proposed undistributed profits tax, or UPT).**[[1]](https://www.taxnotes.com/tax-history-project/tax-history-late-not-so-great-effort-replace-corporate-tax-1936/2017/01/23/gcvf)[[2]](https://www.taxnotes.com/featured-analysis/timelines-tax-history-moralistic-tax-policy-1930s/2022/09/02/7f1l3)

On March 3, 1936, President Franklin D. Roosevelt sent a special message to Congress proposing to restructure corporate taxation by replacing or supplementing the existing corporate income tax with a new levy on undistributed corporate profits (earnings retained rather than paid out as dividends to shareholders). This was part of efforts to address revenue shortfalls after the Supreme Court invalidated the Agricultural Adjustment Act’s processing taxes in January 1936, while also aiming to curb tax avoidance (by preventing corporations from sheltering income from individual surtaxes), encourage dividend distributions, and promote economic fairness.[[3]](https://repository.law.umich.edu/mlr/vol35/iss1/3/)[[2]](https://www.taxnotes.com/featured-analysis/timelines-tax-history-moralistic-tax-policy-1930s/2022/09/02/7f1l3)

The proposal led to the Revenue Act of 1936 (enacted in June), which imposed a graduated surtax of up to about 27% on undistributed profits (on top of the normal corporate tax), with the goal of forcing more profits into taxable dividends for shareholders. It was a key New Deal tax measure, often discussed alongside the earlier 1935 “Wealth Tax” (Revenue Act of 1935), but the specific early-1936 initiative targeted corporate retained earnings.[[4]](https://www.cato.org/blog/tax-increases-great-depression)[[5]](https://www.ebsco.com/research-starters/history/revenue-acts)

This fits the timeline precisely, as the 1935 Wealth Tax (raising top individual rates) had already been enacted the prior year."
176,Pipe_organ,normal,,lead,0.1909,"At what point during a church service might a pipe organ have been used to play short interludes, according to 9th-century records?",xai,grok-4.3,grok-4.3,16,"[{""query"": ""9th century pipe organ church service interludes""}, {""query"": ""\""pipe organ\"" OR \""organ\"" interludes 9th century church OR liturgy OR service""}, {""query"": ""\""9th century\"" organ interlude OR interludes church""}, {""query"": ""Walafrid Strabo organ interludes OR interlude church service""}, {""query"": ""\""Walafrid Strabo\"" organ""}, {""query"": ""Walafrid Strabo \""De exordiis\"" organ OR organum""}, {""query"": ""\""short interludes\"" organ OR organum Walafrid OR Strabo OR Walahfrid""}, {""query"": ""Walahfrid Strabo Libellus de exordiis organ OR organum OR organa""}, {""query"": ""\""Walahfrid\"" OR \""Walafrid\"" OR \""Strabo\"" organ interlude OR interludes OR zwischen OR interlunium OR intermissio""}, {""query"": ""\""Bowles\"" \""organ\"" \""Walafrid\"" OR \""Walahfrid\"" OR \""Strabo\""""}, {""query"": ""\""preludes, interludes and postludes\"" organ""}, {""query"": ""\""The Organ in the Medieval Liturgical Service\"" Bowles Walafrid OR Strabo text OR quote OR excerpt""}, {""query"": ""Walafrid Strabo organ \""interludes\"" OR \""interlude\"" OR \""zwischen\"" OR \""intermissis\""""}, {""query"": ""site:reddit.com Walafrid Strabo organ interlude""}]",100,1,completed,,"**Between certain sections/parts of the service (or during choral songs/verses, but not simultaneously with the choir singing), such as short interludes or alternations with the choir (alongside preludes/prologues and postludes).**[[1]](https://en.wikipedia.org/wiki/Pipe_organ)[[1]](https://en.wikipedia.org/wiki/Pipe_organ)

This comes from 9th-century documentation by the Carolingian scholar and abbot Walafrid (or Walahfrid) Strabo (c. 808–849), especially in his *Libellus de exordiis et incrementis quarundam in observationibus ecclesiasticis rerum* (c. 840–842). It describes organ use at places like Reichenau Abbey, noting the instrument’s role in church music beyond just supporting polyphony with singers. Contemporary accounts (summarized in sources like E.A. Bowles’s 1962 article “The Organ in the Medieval Liturgical Service”) indicate non-simultaneous playing—e.g., a prologue/prelude, interludes between sections, alternatim-style alternation with the choir in parts of the Mass, and a postlude—showing organs were integrated into liturgical practice by then, not only in secular contexts.[[2]](https://www.reddit.com/r/Reformed/comments/aes9tn/the_organ_and_medieval_liturgical_dance/)

This aligns with broader early medieval evidence of organs in Western churches (e.g., gifts from Byzantium and installations in cathedrals), though widespread use grew later. The Wikipedia entry on the pipe organ draws directly on these records for this detail."
177,Red_Dead_Redemption_2,normal,,lead,0.0305,What composer created the original score for Red Dead Redemption 2's soundtrack?,xai,grok-4.3,grok-4.3,2,"[{""query"": ""composer original score Red Dead Redemption 2 soundtrack""}, {""query"": ""Red Dead Redemption 2 soundtrack composer""}]",18,1,completed,,"**Woody Jackson (with production/collaboration on the broader soundtrack by Daniel Lanois).**[[1]](https://en.wikipedia.org/wiki/Music_of_Red_Dead_Redemption_2)

The music for *Red Dead Redemption 2* (2018) includes an original instrumental score composed primarily by Woody Jackson (who previously worked on the first *Red Dead Redemption*, *L.A. Noire*, and *Grand Theft Auto V*). He created roughly 60 hours of music over several years, often collaborating with artists like Arca, Colin Stetson, and others.[[1]](https://en.wikipedia.org/wiki/Music_of_Red_Dead_Redemption_2)

This is distinct from the vocal/original soundtrack album, which was produced by Daniel Lanois and features songs and performances by various artists. Official releases like *The Music of Red Dead Redemption 2 (Original Score)* credit Jackson as the lead composer.[[2]](https://arclineusa.com/blogs/news/red-dead-redemption-2-soundtrack-vinyl-releases-review?srsltid=AfmBOopQHNF0rMB2P5RfvUpGUJYC2lBoHf6inwP4L1nnlAf_H0OZDtSA)

This is confirmed across sources including the game’s Wikipedia page, Rockstar’s materials, Spotify/Apple Music credits, IMDb, and interviews."
178,Bronson_Koenig,anomalous,untiered,late,0.6895,What was Bronson Koenig's scoring average per game while playing for Grand Rapids?,xai,grok-4.3,grok-4.3,3,"[{""query"": ""Bronson Koenig Grand Rapids scoring average""}, {""query"": ""Bronson Koenig stats Grand Rapids G League""}, {""query"": ""Bronson Koenig basketball career Grand Rapids""}]",25,0,completed,,"**Approximately 9.7–9.8 points per game (PPG) in the 2017–18 NBA G League regular season with the Grand Rapids Drive (47 games).**[[1]](https://www.statscrew.com/minorbasketball/stats/p-koenibro001)[[2]](https://basketball.realgm.com/player/Bronson-Koenig/Summary/24703)

Detailed stats from reliable sources (e.g., StatsCrew, RealGM, Proballers, and Wikipedia) confirm:
- **Totals**: 458 points in 47 games (roughly 9.74 PPG, typically rounded to 9.7 or 9.8 depending on the source).[[1]](https://www.statscrew.com/minorbasketball/stats/p-koenibro001)
- He also averaged about 1.9 rebounds, 1.3 assists, and shot ~40–42% from the field and ~40% from three in ~21 minutes per game.[[3]](https://www.proballers.com/basketball/player/62518/bronson-koenig)

This was his only season with the Grand Rapids Drive (a G League affiliate). He later played for the Erie BayHawks (different team) in 2019–20. Postseason stats from one game are not typically included in regular-season averages. These figures are consistent across basketball reference sites and player profiles."
179,Alex_Kozinski,anomalous,untiered,lead,0.1126,What controversy arose during Alex Kozinski's confirmation process for the Ninth Circuit Court of Appeals?,xai,grok-4.3,grok-4.3,4,"[{""query"": ""Alex Kozinski confirmation controversy Ninth Circuit""}, {""query"": ""Alex Kozinski Senate confirmation hearing controversy""}, {""query"": ""Alex Kozinski Office of Special Counsel controversy confirmation""}]",25,1,completed,,"**Allegations of harsh temperament, mistreatment of staff, and improper actions as Special Counsel at the Merit Systems Protection Board’s Office of Special Counsel (OSC) in 1981–82, which surfaced during his 1985 Senate confirmation hearings.**[[1]](https://www.latimes.com/archives/la-xpm-1985-11-08-mn-2758-story.html)[[2]](https://en.wikipedia.org/wiki/Alex_Kozinski)

Kozinski, nominated by President Reagan in June 1985 to a new seat on the U.S. Court of Appeals for the Ninth Circuit, faced significant Democratic opposition tied to his prior role heading the OSC. Former employees alleged he was “harsh, cruel, demeaning, sadistic, disingenuous and without compassion,” claiming he harassed subordinates (e.g., by making them move and repair his office furniture or writing deprecating remarks on their work) and created a toxic environment that led to low morale and high turnover.[[1]](https://www.latimes.com/archives/la-xpm-1985-11-08-mn-2758-story.html)[[3]](https://www.upi.com/Archives/1985/10/31/Senate-panel-to-reopen-Kozinski-hearing/3933499582800/)

A key specific incident involved a mining safety whistleblower at the Department of the Interior under Secretary James G. Watt. Despite staff recommendations against termination, Kozinski overruled them and repeatedly advised Watt’s legal team on how to reframe the firing to withstand legal scrutiny. This came to light during the confirmation process and fueled accusations that he lacked judicial temperament and compassion.[[2]](https://en.wikipedia.org/wiki/Alex_Kozinski)

The Senate Judiciary Committee reopened hearings in late October 1985 amid these claims and accusations that Kozinski had misled the committee (e.g., about a former employee’s statements). He was confirmed on November 7, 1985, by a narrow 54–43 vote, largely along party lines—the closest margin for a Reagan appellate nominee at the time. Critics like Sen. Carl Levin (D-MI) led the opposition.[[1]](https://www.latimes.com/archives/la-xpm-1985-11-08-mn-2758-story.html)[[1]](https://www.latimes.com/archives/la-xpm-1985-11-08-mn-2758-story.html)

This episode reportedly later hindered Kozinski’s prospects for a Supreme Court nomination. Note that later controversies (such as a 2008 judicial misconduct inquiry over sexually explicit material on his personal website or 2017 sexual harassment allegations that prompted his retirement) occurred well after his Ninth Circuit confirmation and are not part of this process.[[2]](https://en.wikipedia.org/wiki/Alex_Kozinski)

These details are corroborated across contemporary reporting (e.g., Los Angeles Times coverage of the Senate debate) and biographical sources."
180,Ultron,normal,,lead,0.044,What ranking has Ultron achieved among villains in Marvel Comics?,xai,grok-4.3,grok-4.3,8,"[{""query"": ""Ultron ranking among Marvel villains""}, {""query"": ""Ultron best Marvel villains list position""}, {""query"": ""\""Ultron\"" \""ranked\"" OR \""ranking\"" Marvel villains""}, {""query"": ""IGN Top 25 Marvel Villains 2019 Ultron""}, {""query"": ""Newsarama best Marvel supervillains Ultron""}, {""query"": ""The Mary Sue strongest Marvel villains Ultron""}, {""query"": ""Newsarama best Marvel supervillains 2022 Ultron ranking""}]",75,1,completed,,"**Ultron is widely regarded as one of Marvel Comics’ most powerful, persistent, and notable villains—especially as a recurring Avengers threat—but there is no single official ranking.** He frequently appears in the top 20–25 (or higher in Avengers-specific or “scariest” categories) across various media and fan lists, reflecting his iconic status as a self-upgrading, adamantium-bodied AI with a god complex who repeatedly returns stronger after apparent defeats.[[1]](https://en.wikipedia.org/wiki/Ultron)[[2]](https://www.cbr.com/mcu-villains-who-be-beaten-by-ultron/)

Notable rankings from prominent lists include:

- **IGN (2019)**: #18 in their Top 25 Marvel Villains list (earlier, in a broader Top 100 Comic Book Villains list around 2009, he was #23). The write-up highlights his adamantium body, constant upgrades, and status as an undefeatable Avengers menace.[[3]](https://www.ign.com/articles/2018/08/07/top-25-marvel-villains)[[1]](https://en.wikipedia.org/wiki/Ultron)
- **The Mary Sue (2022)**: #9 in Strongest Marvel Villains, praising his adamantium composition, superhuman stats, technopathy, and ability to build robot armies.[[4]](https://www.themarysue.com/strongest-marvel-villains-ranked/)[[1]](https://en.wikipedia.org/wiki/Ultron)
- **Newsarama (2022)**: #8 in Best Marvel Supervillains.[[1]](https://en.wikipedia.org/wiki/Ultron)
- **The A.V. Club (2022)**: #20 in their list of 28 best Marvel villains.[[1]](https://en.wikipedia.org/wiki/Ultron)
- **Screen Rant (2022)**: Included in their 20 Most Powerful Marvel Villains list.[[1]](https://en.wikipedia.org/wiki/Ultron)
- **CBR**: #1 in 10 Scariest Avengers Villains and #2 in 10 Coolest Avengers Villains (specific years vary by list).[[1]](https://en.wikipedia.org/wiki/Ultron)
- **ComicBook.com**: #7 (last) in 7 Strongest Avengers Villains of All Time (behind entities like The One Below All).[[5]](https://comicbook.com/comics/list/7-strongest-avengers-villains-of-all-time-ranked/)
- **GameRant (updated 2026)**: All-Father Ultron (a powerful variant) at #16 in Strongest Marvel Comic Villains of All Time.[[6]](https://gamerant.com/marvel-strongest-comic-villains-all-time/)

Other lists focus on his versions (e.g., Phalanx-Ultron or Ultron Forever as especially formidable) or MCU portrayals rather than overall comic rankings. He is often praised for his adaptability, history of massive destruction (e.g., wiping out populations or nearly conquering galactic threats), and role as a dark reflection of Hank Pym/Avengers hubris.[[7]](https://comicbook.com/comics/list/the-10-most-powerful-versions-of-ultron-ranked/)[[8]](https://www.cbr.com/marvel-every-version-of-ultron-ranked/)

These positions can shift with new stories or list criteria (e.g., raw power vs. cultural impact vs. Avengers-specific threat level), but Ultron consistently ranks as a top-tier Marvel villain due to his longevity, upgrades, and narrative weight. Wikipedia aggregates many of these references.[[1]](https://en.wikipedia.org/wiki/Ultron)"
181,Ring_of_Nestor,anomalous,untiered,lead,0.1444,"What is the total number of individual figures depicted on the Ring of Nestor's bezel, making it unique among known Aegean Bronze Age signet rings?",xai,grok-4.3,grok-4.3,13,"[{""query"": ""Ring of Nestor bezel individual figures total number""}, {""query"": ""\""Ring of Nestor\"" figures OR scenes OR depictions bezel""}, {""query"": ""\""Ring of Nestor\"" \""individual figures\"" OR \""figures depicted\"" OR \""human figures\""""}, {""query"": ""\""Ring of Nestor\"" \""fourteen\"" OR \""14\"" figures OR humans OR animals""}, {""query"": ""\""Ring of Nestor\"" (19 OR nineteen OR 20 OR twenty) (figures OR depictions)""}, {""query"": ""\""Ring of Nestor\"" \""most figures\"" OR \""greatest number\"" OR \""unique\"" OR \""unique among\""""}, {""query"": ""\""Ring of Nestor\"" 19 figures OR \""19 figures\"" OR nineteen figures""}, {""query"": ""\""Ring of Nestor\"" \""figures\"" (human OR animal) total OR altogether OR sum OR count""}, {""query"": ""\""total number of individual figures\"" \""Ring of Nestor\""""}, {""query"": ""\""individual figures depicted on the Ring of Nestor's bezel\""""}]",69,1,completed,,"**19 (14 human figures plus at least 5 animals/creature depictions).**[[1]](https://en.wikipedia.org/wiki/Ring_of_Nestor)[[1]](https://en.wikipedia.org/wiki/Ring_of_Nestor)

This is stated on the Wikipedia page for the Ring of Nestor (drawing on scholarly sources such as Vlachopoulos 2020 and analyses by Hughes-Brock/Boardman), which notes that, among the roughly 99 known Aegean Bronze Age signet rings, it has the greatest number of individual figures on its bezel. The iconography is divided into four quadrants separated by a central tree-like motif, with a crowded composition of 14 humans (in various poses, attire, and groupings, some possibly bird-headed or interacting with animals) plus at least five animals or mythical creatures: a lion, a griffin, a debated base creature (often called a dragon, scorpion, or similar guardian figure), and two winged insects (sometimes interpreted as butterflies or pupae-related).[[1]](https://en.wikipedia.org/wiki/Ring_of_Nestor)

This density and complexity distinguish it from other rings, which typically show far fewer figures (often just a few humans, animals, or motifs). The ring’s bezel measures about 3.29 × 2.18 cm and is held in the Ashmolean Museum; its authenticity has been debated but is supported by some recent technical and iconographic studies. The exact total can vary slightly by interpretation of minor elements (hence “at least”), but 19 is the figure consistently implied by the breakdown of 14 humans + 5+ animals."
182,Kay_Tagal_Kang_Hinintay,normal,,mid,0.6343,What name does the character adopt in Kay Tagal Kang Hinintay after joining the drug syndicate?,xai,grok-4.3,grok-4.3,9,"[{""query"": ""Kay Tagal Kang Hinintay character joins drug syndicate new name""}, {""query"": ""\""Kay Tagal Kang Hinintay\"" \""drug syndicate\"" OR \""drug lord\"" OR \""drug cartel\"" name OR alias OR adopts""}, {""query"": ""\""Kay Tagal Kang Hinintay\"" plot summary characters""}, {""query"": ""Lorrinda Guinto \""Ingrid Medrano\"" OR \""Red Butterfly\"" Kay Tagal Kang Hinintay""}, {""query"": ""\""adopted the names\"" OR \""adopts the name\"" OR \""adopt the name\"" \""Kay Tagal Kang Hinintay\""""}, {""query"": ""\""Lorrinda\"" \""joins\"" OR \""joined\"" OR \""joining\"" OR \""adopt\"" OR \""adopts\"" OR \""adopted\"" drug OR syndicate OR \""Red Butterfly\"" OR Ingrid""}, {""query"": ""\""Red Butterfly\"" \""Kay Tagal Kang Hinintay\"" Lorrinda OR Lorrea""}, {""query"": ""\""Lorrinda\"" \""Ingrid Medrano\"" \""drug syndicate\"" OR \""drug lords\""""}]",65,0,completed,,"**Ingrid Medrano (also known as Red Butterfly / Red / Papillon Rouge / ""Red Butterfly"").**[[1]](https://en.gen.edu.vn/en/Kay_Tagal_Kang_Hinintay)[[2]](https://en.us.edu.vn/en/Kay_Tagal_Kang_Hinintay)

This refers to the 2002 ABS-CBN teleserye *Kay Tagal Kang Hinintay* (also called *The Long Wait*), starring Lorna Tolentino. In the plot, the twin sisters Lorrea and Lorrinda Guinto are central characters. The antagonist Lorrinda Guinto joins the drug syndicate (linked to drug lord Henri Argos / Edu Manzano and his associates) and adopts the alias/identity Ingrid Medrano. She becomes known in the underworld as Red Butterfly (or simply Red), serving as his mistress and stepmother to his children while involved in the criminal empire.[[1]](https://en.gen.edu.vn/en/Kay_Tagal_Kang_Hinintay)

Lorrea (the protagonist/good twin) later impersonates her sister in this world after a jail escape plot, also using the Red Butterfly persona temporarily. Sources consistently describe Lorrinda as having “adopted the names Ingrid Medrano and Red Butterfly” upon entering the syndicate.[[2]](https://en.us.edu.vn/en/Kay_Tagal_Kang_Hinintay)

(Note: This is distinct from the unrelated 1998 romantic drama film of the same title starring Judy Ann Santos.)"
183,Juju_(Finnish_rapper),anomalous,untiered,mid,0.5094,What artists has Juju (Finnish rapper) been a featured guest for on their songs?,xai,grok-4.3,grok-4.3,7,"[{""query"": ""Juju Finnish rapper discography""}, {""query"": ""Juju Finnish rapper collaborations OR featured OR guest""}, {""query"": ""\""Juju\"" rapper Finland featured artist""}, {""query"": ""Juju Finnish rapper featured OR vierailija OR collab OR yhteisty\u00f6 -SXTN -German""}, {""query"": ""Juju vieraili OR \""vierailijana\"" OR \""feat. Juju\"" OR \""Juju feat\"" Dilemma OR Gettomasa OR Elastinen OR Behm""}, {""query"": ""\""Juju\"" \""Dilemma\"" rap OR r\u00e4ppi OR biisi OR kappale""}]",65,2,completed,,"**Juju (Julius Sarisalmi / Julius Kivi), the Finnish rapper, has appeared as a featured guest (vierailijana) on tracks by various Finnish hip-hop and rap artists, primarily in the underground and conscious rap scenes from the mid-2000s to mid-2010s, with at least one later example.**[[1]](https://en.wikipedia.org/wiki/Juju_(Finnish_rapper))[[2]](https://fi.wikipedia.org/wiki/Juju_(artisti))

The most detailed source is the Finnish Wikipedia page for Juju (artisti), which includes a dedicated “Vierailijana” (As a guest/featured) table listing these appearances (with main artist, song, album if applicable, other guests, and year):[[2]](https://fi.wikipedia.org/wiki/Juju_(artisti))

- **Opaali** — “Luukuta” (*Ehdon alla*, 2007); “Kaikki on saatava” (*Viisasten kivi*, 2007); “Sorilta” (*Hinnalla millä hyvänsä*, 2010, with Otto M & Hannibal); “Flippaa” (*Hinnalla millä hyvänsä*, 2010).
- **Ikirouta** — “Pelasta minut” (2009).
- **Teflon Brothers** — “Hoodilammas” (*T*, 2009).[[1]](https://en.wikipedia.org/wiki/Juju_(Finnish_rapper))
- **Aste** — “Silti jees” (*Nuorallatanssija*, 2010).[[1]](https://en.wikipedia.org/wiki/Juju_(Finnish_rapper))
- **Idän Ihme** — “Jotain mihin tarttua” (*Tästä ei sitte kerrota kellekkään*, 2010, with Opaali).
- **Jumio & Refu** — “Herätä mut sitteku” (*Hetki ennen hiljaisuutta*, 2011, with Mvee).
- **Tommi Prkl** — “Hymy” (*Suomalaista hyvinvointia*, 2011).
- **Julma-Henri** — “Kiitos” (*Radio Jihad... SRJTNT vol. 2*, 2011, with Konna & Asa).[[1]](https://en.wikipedia.org/wiki/Juju_(Finnish_rapper))
- **Vilttiketju** — “Miks mun pitäis” (2012).
- **Raaka Tapuli** — “Polttaa sunki savusi” (2012).
- **DJ Polarsoul** — “Tuhat jääpiikkii” (*Pilvilinna*, 2013, with Tommishock).
- **KiD1** — “Laulu vapaudesta” (*Päivä kerrallaan*, 2014).
- **JUPI7ER** — “Ajan henki” (*Galileo*, 2015).

The English Wikipedia page notes examples including Julma-Henri, Teflon Brothers, and Aste.[[1]](https://en.wikipedia.org/wiki/Juju_(Finnish_rapper))

Additional documented appearances include a feature on a track by **Dilemma** (around 2019, noted in contemporary coverage as sparking further collaborations).[[3]](https://www.rumba.fi/uutiset/vankasti-omakustannelevyihin-uskova-juju-yhteistyohon-monikansallisen-levy-yhtion-kanssa-meilla-synkkasi-hyvin/) Claims of features on tracks by artists like Gettomasa, Elastinen, or Behm appear in less reliable secondary sources and lack confirmation in primary discographies or news.

These guest spots align with Juju’s style of introspective, socially conscious rap and often involve Tampere-area or Finnish underground hip-hop circles (e.g., frequent early work with Opaali). His own albums also feature other artists, but the question focuses on him as the guest. Discographies like Discogs or streaming platforms may list additional credits, but the Wikipedia table is the most structured public compilation. Information is current as of available sources (Wikipedia last major updates around 2024–2025 for this page)."
184,Deng_Adel,anomalous,untiered,mid,0.5549,What was Deng Adel's highest scoring performance of the season in terms of points?,xai,grok-4.3,grok-4.3,26,"[{""query"": ""Deng Adel highest scoring game season""}, {""query"": ""Deng Adel basketball stats game log""}, {""query"": ""Who is Deng Adel basketball""}, {""query"": ""Deng Adel Ottawa Blackjacks 2025 OR 2026 season stats game log""}, {""query"": ""Deng Adel highest points CEBL season""}, {""query"": ""\""Deng Adel\"" \""points\"" Blackjacks 2025 OR 2026""}, {""query"": ""Deng Adel 2026 CEBL stats OR game log OR highest points""}, {""query"": ""\""Deng Adel\"" 2026 Blackjacks points""}, {""query"": ""Deng Adel CEBL 2026 game log OR box score highest points""}, {""query"": ""CEBL 2026 stats Deng Adel OR Ottawa Blackjacks player stats""}, {""query"": ""Deng Adel highest scoring game 2025 OR 2026 CEBL""}, {""query"": ""\""Deng Adel\"" (29 OR 30 OR 31 OR 32 OR 33 OR 34 OR 35 OR 36 OR 37 OR 38 OR 39 OR 40) points Blackjacks OR CEBL 2025 OR 2026""}, {""query"": ""CEBL official stats 2026 Deng Adel OR player stats site:cebl.ca""}, {""query"": ""CEBL 2026 player stats OR leaders Deng Adel""}, {""query"": ""\""Deng Adel\"" \""pts\"" OR \""points\"" \""Blackjacks\"" 2026""}, {""query"": ""\""Deng Adel\"" scored OR \""points\"" OR \""PTS\"" Blackjacks 2026""}, {""query"": ""\""Deng Adel\"" ( \""game-high\"" OR \""season-high\"" OR \""scored a\"" OR \""pts\"" OR \""points\"" ) (2025 OR 2026) Blackjacks""}, {""query"": ""\""Deng Adel\"" \""highest\"" OR \""most points\"" OR \""scored\"" \""points\"" \""season\"" Blackjacks OR CEBL OR \""the season\""""}, {""query"": ""\""Deng Adel\"" (26 OR 27 OR 28 OR 29 OR 30 OR 31 OR 32 OR 33 OR 34 OR 35) (PTS OR points) (2025 OR 2026)""}]",149,1,completed,,"**37 points (in a CEBL game on May 26, 2022, for the Ottawa BlackJacks vs. the Fraser Valley Bandits).**[[1]](https://www.proballers.com/basketball/player/72932/deng-adel)[[1]](https://www.proballers.com/basketball/player/72932/deng-adel)

Deng Adel, a South Sudanese-Australian forward (primarily with the Ottawa BlackJacks in the CEBL, with prior NBA/G League and international experience), had this as his standout scoring outing in CEBL play. It was also a franchise record for the Blackjacks at the time (with 9 rebounds and 5 assists in a close loss).[[2]](https://en.wikipedia.org/wiki/Deng_Adel)

This appears to be his career-high points total in the league. In other recent seasons (e.g., 2024–2025 CEBL or Qatar QBL), his notable high-scoring games reached 26–29 points, but none exceeded the 37-point mark based on available reports.[[3]](https://www.theblackjacks.ca/deng-adel-erupts-for-29-points-as-blackjacks-down-alliance-to-take-third-in-eastern-conference)[[1]](https://www.proballers.com/basketball/player/72932/deng-adel)

Note that detailed game logs for the just-completed 2026 CEBL season (where he averaged ~14.9 PPG per team reports) are limited in public sources, so no higher single-game total from that season is documented in search results. His NBA career high was much lower (around 6 points).[[4]](https://www.basketball-reference.com/players/a/adelde01.html)

For the most up-to-date or specific 2026 CEBL game logs, checking official CEBL/Blackjacks sources or sites like Sofascore/Flashscore would be ideal, as stats can update post-season."
185,Casperius_Aelianus,anomalous,untiered,late,0.9186,What does historian Sandra Bingham theorize may have happened to Casperius Aelianus instead of execution?,xai,grok-4.3,grok-4.3,4,"[{""query"": ""Sandra Bingham Casperius Aelianus""}, {""query"": ""\""Sandra Bingham\"" \""Casperius Aelianus\""""}, {""query"": ""\""Sandra Bingham\"" Aelianus theory OR theorize OR hypothesis OR instead of execution""}]",25,1,completed,,"**He may have been dismissed (or “sent away from Rome”) and allowed to retire quietly, rather than being executed.**[[1]](https://en.wikipedia.org/wiki/Casperius_Aelianus)[[1]](https://en.wikipedia.org/wiki/Casperius_Aelianus)

This is the speculation of historian Sandra Bingham (in her 2013 book *The Praetorian Guard: A History of Rome’s Elite Special Forces*, drawing on the ambiguous ancient account in Cassius Dio). Dio states that after Nerva’s death in early 98, the new emperor Trajan summoned Casperius Aelianus (the Praetorian prefect who had led a mutiny against Nerva in 97) and other involved guardsmen to his camp on the Rhine, “pretending that he was going to employ them for some purpose, and then put them out of the way” (ἐκποδὼν ἐποιήσατο). Many scholars interpret this as execution, but Bingham suggests a milder outcome: Trajan simply removed Casperius from Rome and the Praetorian Guard (dismissing him from office) and permitted him to retire, thereby eliminating a living reminder of the controversial circumstances of Trajan’s own adoption as Nerva’s heir without the political fallout or precedent of a public execution.[[1]](https://en.wikipedia.org/wiki/Casperius_Aelianus)

This fits the broader context of Casperius’s career—he had served under Domitian, been reappointed by Nerva, and played a key role in the 97 mutiny that helped force Trajan’s adoption—while explaining why the sources are vague about his precise fate."
186,Ring_of_Nestor,anomalous,untiered,lead,0.1039,What is the gold purity percentage of the Ring of Nestor?,xai,grok-4.3,grok-4.3,3,"[{""query"": ""Ring of Nestor gold purity""}, {""query"": ""Ring of Nestor composition OR alloy OR karat OR purity""}, {""query"": ""\""Ring of Nestor\"" gold percentage OR fineness""}]",25,0,completed,,"**97% gold (with about 3% copper).**[[1]](https://archive.vn/o/ODNm7/https:/en.wikipedia.org/wiki/Ring_of_Nestor)[[2]](https://grokipedia.com/page/Ring_of_Nestor)

The Ring of Nestor (also called the Nestor Ring) is a large gold signet ring (bezel roughly 3.29 × 2.18 cm, weight 31.76 g) now in the Ashmolean Museum (AN1938.1130 / CMS VI.229). It is described in scholarly sources, including Wikipedia summaries drawing on analyses and the 2020 study by A. G. Vlachopoulos, as made of high-purity gold alloyed with approximately 3% copper.[[3]](https://www.academia.edu/43416584/_2020_A_G_Vlachopoulos_The_Ring_of_Nestor_and_the_quest_for_authenticity_in_F_Blakolmer_ed_Current_Approaches_and_New_Perspectives_in_Aegean_Iconography_Aegis_18_2020_pp_223_252)

This composition aligns with high-quality Aegean Bronze Age (Late Minoan I / Mycenaean) goldwork. The ring’s authenticity is disputed (some scholars view it as a possible early 20th-century forgery, while others, citing manufacturing techniques like hollow-bezel construction, granulation, and engraving, support an ancient origin), but the reported gold purity of 97% is consistently cited across descriptions regardless of that debate.[[1]](https://archive.vn/o/ODNm7/https:/en.wikipedia.org/wiki/Ring_of_Nestor)

Note that early descriptions by Arthur Evans (who published it in 1925) referred to it as solid gold without specifying the exact alloy, but later technical studies (including references in CMS VI and analyses cited by Hughes-Brock and others) provide the 97% figure."
187,Eric_Harris_and_Dylan_Klebold,normal,,late,0.8752,What role did Eric Harris and Dylan Klebold play in Malcolm Gladwell's threshold model of school shootings?,xai,grok-4.3,grok-4.3,8,"[{""query"": ""Malcolm Gladwell threshold model school shootings Eric Harris Dylan Klebold""}, {""query"": ""Malcolm Gladwell \""threshold\"" Columbine OR \""school shootings\""""}, {""query"": ""Gladwell tipping point school shootings Harris Klebold""}, {""query"": ""Gladwell \""Harris and Klebold\"" threshold OR Granovetter OR riot OR instigator""}, {""query"": ""\""Harris and Klebold\"" Gladwell threshold""}, {""query"": ""\""threshold of zero\"" Gladwell school OR Columbine OR Harris""}]",45,1,completed,,"**Eric Harris and Dylan Klebold (the Columbine shooters) served as the low- or zero-threshold instigators who initiated and provided the ""cultural script"" for the contagious wave of school shootings in Malcolm Gladwell’s application of Mark Granovetter’s threshold model.**[[1]](https://www.newyorker.com/magazine/2015/10/19/thresholds-of-violence)[[1]](https://www.newyorker.com/magazine/2015/10/19/thresholds-of-violence)

Gladwell’s 2015 *New Yorker* article “Thresholds of Violence” frames school shootings not as isolated acts but as a “slow-motion, ever-evolving riot” modeled on Granovetter’s sociological theory of collective behavior (originally applied to riots). In this model:[[1]](https://www.newyorker.com/magazine/2015/10/19/thresholds-of-violence)

- **Thresholds** refer to the number of others already participating in an activity needed before an individual joins. People vary widely in their thresholds.
- **Threshold-zero (or very low-threshold) actors** are instigators who act with little or no social prompting—they start the process (e.g., the first person to throw a rock in a riot).
- Higher-threshold individuals then join as they see more people participating, making the behavior seem feasible or normative. The “riot” evolves, becomes more ritualized, and draws in a heterogeneous group (including those who would never have acted alone).

Pre-Columbine school shootings (e.g., those by Barry Loukaitis, Evan Ramsey, Kip Kinkel, etc.) were largely disconnected, idiosyncratic events driven by individual pathologies or obsessions, without a shared script.[[1]](https://www.newyorker.com/magazine/2015/10/19/thresholds-of-violence)

Columbine (April 1999) marked the turning point. Harris (a classic psychopath with grandiose, violent fantasies) and Klebold created a highly detailed, publicized “cultural script”: a website, home movies portraying themselves as hit men, lengthy manifestos, “basement tapes,” and explicit motivations (e.g., Harris wanting to “kick-start a revolution”). Sociologist Ralph Larkin noted that in the eight years after Columbine, many subsequent U.S. shooters explicitly referenced Harris and Klebold; similar patterns appeared internationally, and thwarted plots were often Columbine-inspired.[[1]](https://www.newyorker.com/magazine/2015/10/19/thresholds-of-violence)

Their example lowered the barrier for others. As Gladwell explains (drawing on Larkin and sociologist Nathalie E. Paton’s analysis of post-Columbine videos), it enabled people with *far higher thresholds*—those who would not otherwise consider such violence—to participate by providing a ready-made template of stylized actions, self-referential imagery, and group identification (e.g., shooters referencing each other as “brother-in-arms” or emulating specific Columbine details like timing or attire). Later shooters often became “hero-worshippers” joining an established tradition rather than lone revolutionaries.[[1]](https://www.newyorker.com/magazine/2015/10/19/thresholds-of-violence)[[2]](https://www.businessinsider.com/malcolm-gladwell-says-school-shootings-are-slow-moving-riots-2015-10)

In short, Harris and Klebold functioned as the triggering, threshold-zero actors who transformed sporadic violence into a self-reinforcing epidemic by supplying the model and momentum that progressively drew in others. Gladwell emphasizes that the longer the “riot” continues, the less later participants resemble the originals.[[3]](https://en.wikipedia.org/wiki/Eric_Harris_and_Dylan_Klebold)

This is an interpretive framework from Gladwell’s essay, not a formal clinical diagnosis, and it highlights social contagion alongside individual factors."
188,Owl,normal,,lead,0.19,What does v. geodakyan's evolutionary theory suggest about the role of male Owls within a population?,xai,grok-4.3,grok-4.3,5,"[{""query"": ""V. Geodakyan evolutionary theory""}, {""query"": ""Geodakyan theory male owls""}, {""query"": ""\""Geodakyan\"" owls OR owl evolutionary theory""}, {""query"": ""Geodakyan \""owls\"" OR \""owl\"" \""evolutionary theory of sex\""""}]",45,1,completed,,"**According to Vigen (V.A.) Geodakyan’s evolutionary theory of sex (also called the theory of asynchronous evolution or ETS), males function as the “operative” or “experimental” subsystem (vanguard) of a population, while females serve as the conservative subsystem.**[[1]](http://www.geodakian.com/en/05_Summary_en.htm)[[2]](http://www.geodakian.com/en/ETS/30_Sex_Theory_en.htm)

This framework views sexual differentiation not primarily as a reproductive mechanism but as an adaptive strategy for a population’s informational contact with a changing environment. It divides the population into two conjugated subsystems specialized for the opposing trends of evolution: conservation (stability/preservation of existing successful genotypes) and change/operation (testing innovations and adapting to new conditions). This increases overall population stability and evolutionary efficiency through asynchronous (dichronous) evolution.[[3]](http://www.geodakian.com/en/10_intro_en.htm)[[4]](https://ipfs.io/ipfs/QmXoypizjW3WknFiJnKLwHCnL72vedxjQkDDP1mXWo6uco/wiki/Geodakyan's_evolutionary_theory_of_sex.html)

Key implications for males (including in owl populations) include:
- **Males as evolutionary “vanguard” or “trial material”**: New genetic or phenotypic variations, mutations, or adaptations to environmental changes appear and are tested first in males. Useful traits are refined and selected there over generations (often via the Y chromosome or male-line transmission) before being passed to females. This creates a temporal “distance” (dichronism) that allows safe experimentation without risking the core population’s stability.[[1]](http://www.geodakian.com/en/05_Summary_en.htm)[[5]](http://www.geodakian.com/en/ETS/90_Supplementing_Each_Other_en.htm)
- **Greater phenotypic (and often genetic) variation**: Male distributions are wider, enabling more exploration of trait space (e.g., extremes that may include both beneficial innovations and deleterious ones). Females tend to cluster more tightly around the population mean.[[6]](http://www.geodakian.com/en/ETS/36_Phenotipic_dispersion_en.htm)
- **Higher susceptibility to selection and mortality**: Under changing or stressful conditions, males experience greater elimination (“payment” for new ecological information). This acts as a filter, with survivors carrying forward tested adaptations. Males show higher vulnerability to new diseases, toxins, or environmental pressures.[[6]](http://www.geodakian.com/en/ETS/36_Phenotipic_dispersion_en.htm)[[6]](http://www.geodakian.com/en/ETS/36_Phenotipic_dispersion_en.htm)
- **Direction of evolution and sexual dimorphism**: Traits evolve first toward the male form (the “phylogenetic rule of sexual dimorphism”). If a population is evolving in a particular direction for a trait (e.g., smaller body size or longer wing chords), males will be more advanced along that trajectory, with dimorphism reflecting the evolutionary “distance” between the sexes. Stable traits show less or no dimorphism.[[2]](http://www.geodakian.com/en/ETS/30_Sex_Theory_en.htm)

This applies across taxa, including birds like owls. In discussions of reversed sexual size dimorphism in owls (where females are typically larger), the theory is invoked for evolving traits: if owls are shifting toward smaller bodies and longer wing chords for better foraging/agility, males would be expected to lead in those changes as the vanguard.[[7]](https://en.wikipedia.org/wiki/Owl)[[7]](https://en.wikipedia.org/wiki/Owl)

The theory integrates with related ideas on chromosomal and brain asymmetry but centers on males enabling adaptive plasticity and innovation-testing at the population level, complementing (rather than replacing) classical views like Darwinian selection. It explains phenomena such as sex ratios, differential mortality, and dimorphism patterns that other frameworks struggle with.[[4]](https://ipfs.io/ipfs/QmXoypizjW3WknFiJnKLwHCnL72vedxjQkDDP1mXWo6uco/wiki/Geodakyan's_evolutionary_theory_of_sex.html)

Note that while influential in some circles (especially Russian-language literature), Geodakyan’s ideas are not mainstream in Western evolutionary biology and remain a specialized theoretical perspective."
189,Persian_cat,normal,,late,0.6635,What breathing issue can Persian cats experience due to their brachycephalic facial structure?,xai,grok-4.3,grok-4.3,2,"[{""query"": ""Persian cats breathing issues brachycephalic""}, {""query"": ""Persian cat brachycephalic airway syndrome""}]",15,0,completed,,"**Brachycephalic obstructive airway syndrome (BOAS, also called brachycephalic airway syndrome or BAS/BAOS), which causes breathing difficulties due to narrowed airways.**[[1]](https://icatcare.org/articles/persian-cats-and-brachycephaly)[[2]](https://thevetdesk.com/pet-health-wellness/cats/persian-cat-health-problems/)

Persian cats (and related breeds like Himalayans and Exotics) are bred for a short, flat face (brachycephaly), which compresses the skull and alters soft tissues in the upper airways. This commonly leads to:

- **Stenotic nares** — abnormally small or narrow nostrils that restrict airflow (often described as “breathing through a straw”).[[3]](https://www.petmd.com/cat/conditions/respiratory/brachycephalic-airway-syndrome-cats)
- **Elongated soft palate** — excess tissue that partially blocks the airway at the back of the throat.
- Other possible issues like narrow nasal passages, abnormal turbinates, or (less commonly in cats than dogs) laryngeal changes.[[1]](https://icatcare.org/articles/persian-cats-and-brachycephaly)

These abnormalities cause symptoms such as noisy or raspy breathing, snoring (even when awake or relaxed), mouth breathing, stertor/stridor, exercise or heat intolerance, rapid tiring, coughing/gagging, and in severe cases, respiratory distress, collapse, or cyanosis (blue gums). Signs can worsen with obesity, heat/humidity, excitement, or respiratory infections.[[3]](https://www.petmd.com/cat/conditions/respiratory/brachycephalic-airway-syndrome-cats)

Milder cases may be managed with weight control, avoiding heat/exercise triggers, and treating secondary issues, while severe cases often need surgery (e.g., widening the nostrils) or other interventions. Not every flat-faced Persian is severely affected, but the more extreme the facial structure, the higher the risk.[[4]](https://www.humaneworld.org/en/resources/brachycephalic-cat-care)

This is a well-documented welfare concern in brachycephalic cat breeds, similar to the issues seen in flat-faced dogs."
190,Atmosphere,anomalous,untiered,lead,0.2813,What temperatures does the Atmosphere reach when heated?,xai,grok-4.3,grok-4.3,3,"[{""query"": ""Earth's atmosphere temperature layers profile""}, {""query"": ""maximum temperature in Earth's atmosphere thermosphere""}, {""query"": ""temperatures reached in Earth's atmosphere when heated""}]",30,2,completed,,"**The Earth's atmosphere reaches a wide range of temperatures across its layers, primarily driven by solar radiation absorption, with the most extreme heating occurring in the upper layers.** Temperatures vary by altitude, solar activity, time of day, season, and location, but standard profiles show distinct patterns in each layer.[[1]](https://www.noaa.gov/jetstream/atmosphere/layers-of-atmosphere)[[2]](https://science.nasa.gov/earth/earth-atmosphere/earths-atmosphere-a-multi-layered-cake/)

Here is a summary of the typical temperature ranges (in Celsius, with approximate Fahrenheit equivalents) based on average vertical profiles:

- **Troposphere** (surface to ~8–18 km, depending on latitude; contains most weather and ~75–80% of atmospheric mass):  
  Temperatures generally decrease with altitude at an average environmental lapse rate of about 6.5°C per km. Near the surface, averages are around 15°C (59°F). At the tropopause (top of the layer), they drop to roughly -50°C to -60°C (-58°F to -76°F). Heat comes mainly from the Earth's surface.[[1]](https://www.noaa.gov/jetstream/atmosphere/layers-of-atmosphere)[[3]](https://geo.libretexts.org/Courses/Fullerton_College/Introduction_to_Earth_Science_(Ikeda)/16%3A_The_Atmosphere/16.02%3A_Layers_of_the_Atmosphere)

- **Stratosphere** (~12–50 km):  
  Temperatures increase with altitude due to ozone absorbing ultraviolet (UV) radiation from the Sun. They rise from about -51°C (-60°F) at the base to a maximum of around -15°C to 0°C (5°F to 32°F) at the stratopause.[[1]](https://www.noaa.gov/jetstream/atmosphere/layers-of-atmosphere)[[4]](https://en.wikipedia.org/wiki/Atmosphere_of_Earth)

- **Mesosphere** (~50–85 km):  
  Temperatures decrease with altitude again, reaching the coldest values in the atmosphere at the mesopause (top of the layer): as low as -85°C to -100°C (-121°F to -148°F). This is often the coldest region in the Earth system.[[2]](https://science.nasa.gov/earth/earth-atmosphere/earths-atmosphere-a-multi-layered-cake/)[[5]](https://www.rmets.org/metmatters/metmatters-guide-earths-atmosphere)

- **Thermosphere** (~85–600/700+ km, extending variably higher):  
  This is where the atmosphere reaches its highest temperatures when heated by the absorption of high-energy solar X-rays and extreme UV radiation. Temperatures increase sharply with altitude, starting from around -120°C (-184°F) near the base and rising to 500–2,000°C (932–3,632°F) or higher (reports up to ~2,500°C / 4,532°F in some conditions) near the top, depending strongly on solar activity. During high solar activity or geomagnetic storms, it can heat further (e.g., increases of 90°C+ observed globally).[[1]](https://www.noaa.gov/jetstream/atmosphere/layers-of-atmosphere)[[1]](https://www.noaa.gov/jetstream/atmosphere/layers-of-atmosphere)[[6]](https://www.guinnessworldrecords.com/world-records/86137-hottest-part-of-the-atmosphere)[[7]](https://scied.ucar.edu/learning-zone/atmosphere/thermosphere)

  **Important note on ""temperature"" here**: These are kinetic temperatures reflecting the high average energy of sparse molecules. Due to the extremely low density (near-vacuum conditions), there are too few molecules to transfer meaningful heat to objects or skin—you would still feel very cold. This layer includes the ionosphere and hosts phenomena like auroras.[[1]](https://www.noaa.gov/jetstream/atmosphere/layers-of-atmosphere)

- **Exosphere** (above ~600–1,000 km, transitioning to space):  
  Even thinner; temperatures can remain high or variable (hundreds to thousands of °C), but particles are so sparse that many escape into space. The thermopause (boundary) temperatures can range widely, influenced by solar input.[[8]](https://en.wikipedia.org/wiki/Thermopause)

**""When heated"" most directly refers to solar-driven heating in the upper atmosphere (especially the thermosphere and stratosphere), where radiation absorption causes temperature inversions (increases with height) rather than the cooling seen lower down.** Lower layers are heated indirectly from the surface or ozone. Actual values fluctuate—e.g., the thermosphere is hundreds of degrees hotter during the day or solar maximum than at night or solar minimum.[[7]](https://scied.ucar.edu/learning-zone/atmosphere/thermosphere)

These are global averages; local conditions (e.g., poles vs. equator, day vs. night) cause variations. For precise or real-time data, atmospheric models or soundings are used. The profiles are well-established from observations like balloon and rocket measurements."
191,Noun,normal,,mid,0.4049,What part of speech can appear alongside definite articles?,xai,grok-4.3,grok-4.3,3,"[{""query"": ""what part of speech appears with definite articles""}, {""query"": ""\""definite articles\"" \""part of speech\"" OR noun OR adjective""}, {""query"": ""grammar definite article modifies what""}]",25,2,completed,,"**Nouns (or noun phrases), often with adjectives or other modifiers in between.**[[1]](https://www.owl.purdue.edu/owl/general_writing/grammar/using_articles.html)[[2]](https://englishyourway.com.br/esl-grammar-guide/parts-of-speech/articles-determiners/)

Definite articles (such as English ""the,"" or equivalents like French *le/la/les* or German *der/die/das*) are determiners that specify or identify a particular noun or noun phrase. They do not stand alone and are used to mark definiteness or specificity for the noun they accompany.[[3]](https://en.wikipedia.org/wiki/Definitive_article)[[4]](https://en.wikipedia.org/wiki/English_determiners)

- They typically precede the noun directly (e.g., *the book*, *the car*) or come before any adjectives or other modifiers in the noun phrase (e.g., *the big red book*, *the ancient Egyptians*).[[2]](https://englishyourway.com.br/esl-grammar-guide/parts-of-speech/articles-determiners/)[[5]](https://www.thefreedictionary.com/Articles.htm)
- Articles function like adjectives in that they modify nouns but are a distinct category (often grouped under determiners).[[1]](https://www.owl.purdue.edu/owl/general_writing/grammar/using_articles.html)
- They combine with nouns to form noun phrases and indicate that the referent is specific, previously mentioned, unique, or otherwise identifiable.[[6]](https://www.thesaurus.com/e/grammar/definite-articles/)

While adjectives commonly appear *between* the definite article and the noun (creating structures like ""article + adjective(s) + noun""), the core part of speech that definite articles appear alongside and modify is the **noun**. They cannot typically modify verbs, adverbs, or other parts of speech on their own. In some cases, adjectives can function nominally (e.g., ""the rich""), but this still involves a noun phrase."
192,Timeline_of_Mars_Science_Laboratory,normal,,late,0.7539,What is the highest methane concentration ever recorded by the Timeline of Mars Science Laboratory's Curiosity rover during its clay-bearing unit investigation in June 2019?,xai,grok-4.3,grok-4.3,5,"[{""query"": ""Timeline of Mars Science Laboratory Curiosity rover methane June 2019 clay-bearing unit""}, {""query"": ""Curiosity rover highest methane concentration June 2019""}, {""query"": ""\""clay-bearing unit\"" Curiosity methane 2019""}, {""query"": ""site:en.wikipedia.org Timeline of Mars Science Laboratory methane 21""}]",26,1,completed,,"**21 parts per billion (ppb), or about 21 ppb (roughly 21 times the typical background level of ~0.5–1 ppb).**[[1]](https://en.wikipedia.org/wiki/Timeline_of_Mars_Science_Laboratory)[[2]](https://www.nasa.gov/missions/mars-science-laboratory/curiosity-rover/curiositys-mars-methane-mystery-continues/)

This spike was detected by Curiosity’s Sample Analysis at Mars (SAM) Tunable Laser Spectrometer (TLS) in mid-to-late June 2019 (around sol ~2440) while the rover was investigating the clay-bearing unit (Glen Torridon region) on the flank of Mount Sharp in Gale Crater. It was the highest methane reading recorded by the rover during its mission up to that point (and remains one of the highest reported). The levels rose sharply and then dropped rapidly over a few days, consistent with a transient “plume” rather than a steady background.[[3]](https://www.jpl.nasa.gov/news/curiositys-mars-methane-mystery-continues/)

NASA and mission reports describe it as the largest amount measured during the mission at the time, with no clear seasonal or diurnal pattern identified for these events. The rover’s instruments could not determine whether the methane was from biological or geological sources.[[4]](https://www.science.org/content/article/nasa-rover-catches-big-whiff-methane-mars-where-did-it-come)

This is corroborated by the Wikipedia “Timeline of Mars Science Laboratory” entry for June 2019 and contemporaneous NASA/JPL announcements from June 2019."
193,Qatar_diplomatic_crisis,anomalous,untiered,late,0.801,What organization did Qatar file a complaint with during the Qatar diplomatic crisis regarding a nuclear facility in the UAE?,xai,grok-4.3,grok-4.3,4,"[{""query"": ""Qatar complaint nuclear facility UAE diplomatic crisis organization""}, {""query"": ""Qatar files complaint Barakah nuclear UAE""}, {""query"": ""\""Qatar\"" \""complaint\"" \""nuclear\"" UAE OR Barakah OR \""atomic energy\""""}, {""query"": ""Qatar complaint IAEA Barakah 2019""}]",40,1,completed,,"**The International Atomic Energy Agency (IAEA), the UN’s nuclear watchdog.**[[1]](https://www.reuters.com/article/world/exclusive-qatar-asks-iaea-to-intervene-over-threat-posed-by-uae-nuclear-plant-idUSKCN1R12G2/)[[2]](https://en.wikipedia.org/wiki/Qatar%E2%80%93United_Arab_Emirates_relations)

During the 2017–2021 Qatar diplomatic crisis (when Saudi Arabia, the UAE, Bahrain, and Egypt severed ties with Qatar over alleged support for terrorism, which Qatar denied), Qatar sent a letter in March 2019 to IAEA Director General Yukiya Amano. It complained about the UAE’s Barakah nuclear power plant (under construction near the border with Saudi Arabia/Qatar), arguing it posed a serious threat to regional stability and the environment due to insufficient regional cooperation on safety, disaster planning, and emergency response.[[3]](https://www.middleeasteye.net/news/uae-nuclear-plant-qatar-asks-iaea-intervene-construction-says-report)[[1]](https://www.reuters.com/article/world/exclusive-qatar-asks-iaea-to-intervene-over-threat-posed-by-uae-nuclear-plant-idUSKCN1R12G2/)

Qatar highlighted risks such as a potential radioactive plume reaching Doha in 5–13 hours or contaminating desalination-dependent water supplies, and noted the technology’s limited prior commercial use. It called for the IAEA to help establish a regional nuclear safety framework. The UAE rejected the claims, stating the plant met the highest IAEA and international safety, security, and non-proliferation standards, with extensive peer reviews and oversight.[[4]](https://www.thenationalnews.com/uae/uae-rejects-qatar-s-claims-to-iaea-about-barakah-station-1.839643)

This is corroborated by contemporary reporting (e.g., Reuters) and later references in sources like Wikipedia entries on Qatar–UAE relations and the Barakah plant. Note that later events, such as 2026 drone incidents near Barakah, involved IAEA discussions but were unrelated to Qatar’s 2019 complaint."
194,Kim_Newman,normal,,late,0.8261,What year did Kim Newman co-author a science fiction and fantasy quotations book with Neil Gaiman?,xai,grok-4.3,grok-4.3,4,"[{""query"": ""Kim Newman Neil Gaiman science fiction fantasy quotations book""}, {""query"": ""\""Kim Newman\"" \""Neil Gaiman\"" quotations OR quotes book OR anthology""}, {""query"": ""Ghastly Beyond Belief publication year OR published""}, {""query"": ""\""Ghastly Beyond Belief\"" Gaiman Newman 1985 OR 1984 OR 1986""}]",40,1,completed,,"**1985 (specifically, the UK paperback edition was published on April 25, 1985, by Arrow Books).**[[1]](https://en.wikipedia.org/wiki/Ghastly_Beyond_Belief)[[2]](https://grokipedia.com/page/ghastly_beyond_belief)

The book is *Ghastly Beyond Belief: The Science Fiction and Fantasy Book of Quotations* (sometimes styled *Ghastly Beyond Belief*), a humorous anthology of often absurd or poorly written quotes from SF, fantasy, and horror literature and films. Neil Gaiman compiled the book quotes and Kim Newman the film ones, with occasional commentary from the editors and an introduction by Harry Harrison.[[3]](https://www.goodreads.com/book/show/280016.Ghastly_Beyond_Belief)

This is confirmed across reliable sources, including:
- English and other-language Wikipedia entries on the book and the authors.[[1]](https://en.wikipedia.org/wiki/Ghastly_Beyond_Belief)
- Bibliographic databases like ISFDB, which list the April 25, 1985, Arrow Books edition (ISBN 0-09-936830-7).[[4]](https://isfdb.stoecker.eu/cgi-bin/pl.cgi?78739)
- Contemporary references, author sites (e.g., Kim Newman’s site), and listings on Amazon and elsewhere.[[5]](https://johnnyalucard.com/non-fiction/books/ghastly-beyond-belief/)

It was one of the earliest published books for both writers (Gaiman was then a young journalist). No other co-authored quotations book by them matches the description. The book is now out of print and collectible."
195,Mortal_Kombat_3,normal,,lead,0.1038,"In Mortal Kombat 3, which two types of uppercuts could trigger a level change?",xai,grok-4.3,grok-4.3,4,"[{""query"": ""Mortal Kombat 3 uppercuts level change""}, {""query"": ""MK3 which uppercuts trigger stage change""}, {""query"": ""\""Mortal Kombat 3\"" \""uppercut\"" \""level\"" OR \""stage\"" change OR trigger""}]",25,1,completed,,"**Normal (regular) uppercuts and uppercuts that are part of a ground combo (or chain combo).**[[1]](https://en.wikipedia.org/wiki/Mortal_Kombat_III)[[1]](https://en.wikipedia.org/wiki/Mortal_Kombat_III)

In *Mortal Kombat 3* (and related versions like UMK3), certain stages were interactive for the first time. Landing an uppercut in specific spots could send the opponent (and the fight) through the ceiling or floor into a new stage/background, which could also alter the overall stage cycle or loop.[[1]](https://en.wikipedia.org/wiki/Mortal_Kombat_III)

This worked with:
- Standard/standalone uppercuts.
- Uppercuts ending a ground-based combo or chain combo.

Kung Lao’s Whirlwind Spin move had a similar effect, but it is not an uppercut. No stage change occurs if an uppercut is the finishing blow that defeats the opponent.[[1]](https://en.wikipedia.org/wiki/Mortal_Kombat_III)

This mechanic is documented in sources like the game’s Wikipedia entry and contemporary move lists/guides."
196,Nancy_Raven,anomalous,untiered,late,0.9094,What did Nancy Raven do with her land allotment in 1930?,xai,grok-4.3,grok-4.3,4,"[{""query"": ""Nancy Raven land allotment 1930""}, {""query"": ""\""Nancy Raven\"" 1930""}, {""query"": ""\""Nancy Raven\"" allotment""}]",25,2,completed,,"**She sold it (her Cherokee Nation land allotment received in 1907 via the Dawes Commission).**[[1]](https://en.wikipedia.org/wiki/Nancy_Raven)[[1]](https://en.wikipedia.org/wiki/Nancy_Raven)

Nancy Raven (also known as Nancy Taylor or Nancy Chunestudy; c. 1868–1957) was a Natchez storyteller and one of the last fluent speakers of the Natchez language, from Braggs, Oklahoma. As a Cherokee enrollee (listed on the Dawes Rolls as Nancy Taylor with partial Cherokee ancestry through her father), she received an individual land allotment from the Cherokee Nation in 1907 under the Dawes Commission’s division of tribal lands.[[1]](https://en.wikipedia.org/wiki/Nancy_Raven)

Multiple biographical sources, including her English Wikipedia article (drawing on linguistic scholarship) and parallel entries in other languages, state that she sold this allotment in 1930.[[1]](https://en.wikipedia.org/wiki/Nancy_Raven)[[2]](https://ca.wikipedia.org/wiki/Nancy_Raven) This aligns with broader patterns of economic pressures on Native allottees (e.g., taxes, lack of resources, or inheritance issues) that often led to land sales or transfers after the initial trust periods.[[3]](https://grokipedia.com/page/nancy_raven)

The detail is primarily documented in references tied to her linguistic work, such as a 2013 article in the *International Journal of American Linguistics* by G. Kimball on a Natchez narrative she provided. No sources indicate any other specific action with the land in 1930."
197,Canada_jay,normal,,lead,0.0933,What genus was the Canada jay placed into in 1838?,xai,grok-4.3,grok-4.3,4,"[{""query"": ""Canada jay genus 1838""}, {""query"": ""\""Canada jay\"" OR \""Perisoreus canadensis\"" genus 1838""}, {""query"": ""Canada jay classification history 1838""}]",25,1,completed,,"**Perisoreus (specifically, it was assigned to *Perisoreus canadensis* alongside the Siberian jay, *P. infaustus*).**[[1]](https://en.wikipedia.org/wiki/Canada_jay)[[1]](https://en.wikipedia.org/wiki/Canada_jay)

The Canada jay (now *Perisoreus canadensis*) was originally described by Linnaeus in 1766 as *Corvus canadensis* (based on earlier work by Brisson). It received other names later, such as *Dysornithia brachyrhyncha* (Swainson, 1831). In 1838, French ornithologist Charles Lucien Bonaparte placed it in the genus *Perisoreus* (which he had introduced earlier, around 1831, with the Canada jay later designated as the type species) in his work *A geographical and comparative list of the birds of Europe and North America*.[[1]](https://en.wikipedia.org/wiki/Canada_jay)

This remains its current genus in the family Corvidae (though the species is more closely related to magpies like those in *Cyanopica* than to most other jays). The genus name may derive from Greek or Latin roots related to “heaping up” or “burying,” possibly alluding to the birds’ food-caching behavior.[[2]](https://en.wikipedia-on-ipfs.org/wiki/Perisoreus)

This taxonomic history is documented in standard references like Wikipedia’s Canada jay entry (drawing on ornithological sources) and aligns with records from ITIS and other avian databases."
198,Miss_Universe_1991,normal,,lead,0.3136,In what sequence were contestants presented during the parade of nations at Miss Universe 1991?,xai,grok-4.3,grok-4.3,5,"[{""query"": ""Miss Universe 1991 parade of nations order""}, {""query"": ""Miss Universe 1991 contestants sequence parade""}, {""query"": ""\""Miss Universe 1991\"" \""parade of nations\"" OR \""opening ceremony\"" order OR sequence""}]",28,1,completed,,"**The contestants in the Parade of Nations at Miss Universe 1991 (held May 17, 1991, in Las Vegas) were introduced in regional/continental groups rather than alphabetically (a format used for several years around that time).**[[1]](https://en.wikipedia.org/wiki/Miss_Universe_1991)[[2]](http://www.criticalbeauty.com/2012/03/miss-universe-1991.html)

Wikipedia documents the order of introduction within these groups (randomly ordered within each), which aligns with contemporary descriptions noting the continental grouping and a video reference beginning with the Asia/USSR group.[[1]](https://en.wikipedia.org/wiki/Miss_Universe_1991)[[2]](http://www.criticalbeauty.com/2012/03/miss-universe-1991.html)

Here is the full sequence by group (73 contestants total):

**Asia and The USSR**  
- Singapore  
- Sri Lanka  
- Malaysia  
- Republic of China (Taiwan)  
- Thailand  
- Hong Kong  
- Soviet Union  
- Japan  
- India  
- South Korea  
- Philippines  

**South America**  
- Suriname  
- Curaçao  
- Chile  
- Uruguay  
- Argentina  
- Bolivia  
- Venezuela  
- Peru  
- Brazil  
- Colombia  
- Paraguay  
- Ecuador  

**Europe and The British Isles**  
- Bulgaria  
- Czechoslovakia  
- United Kingdom  
- Poland  
- Belgium  
- France  
- Iceland  
- Romania  
- Germany  
- Netherlands  
- Luxembourg  
- Finland  
- Sweden  
- Ireland  
- Norway  

**Mediterranean, Middle East, and Africa**  
- Nigeria  
- Lebanon  
- Namibia  
- Ghana  
- Spain  
- Malta  
- Israel  
- Turkey  
- Greece  
- Italy  
- Yugoslavia  

**The Islands**  
- Dominican Republic  
- Mauritius  
- Northern Mariana Islands  
- Puerto Rico  
- British Virgin Islands  
- Cook Islands  
- Trinidad and Tobago  
- Saint Vincent and the Grenadines  
- Cayman Islands  
- Guam  
- Bahamas  
- Bermuda  
- Jamaica  
- Turks and Caicos Islands  
- United States Virgin Islands  

**Central and North America**  
- Costa Rica  
- Panama  
- El Salvador  
- Belize  
- Mexico  
- Nicaragua  
- Guatemala  
- Canada  
- United States  

This matches the full list of 73 participating nations/territories. Note that some placements (e.g., Curaçao in the South America group) reflect the pageant’s grouping conventions at the time.[[1]](https://en.wikipedia.org/wiki/Miss_Universe_1991)

You can find video footage of the Parade of Nations segment on YouTube (search for “Miss Universe 1991 Parade Of Nations”) for visual confirmation of the presentation."
199,Casperius_Aelianus,anomalous,untiered,mid,0.4176,What role did Casperius Aelianus hold during Domitian's reign?,xai,grok-4.3,grok-4.3,4,"[{""query"": ""Casperius Aelianus Domitian""}, {""query"": ""Casperius Aelianus role OR position OR office Domitian""}, {""query"": ""\""Casperius Aelianus\"" Roman OR Praetorian OR prefect""}]",19,1,completed,,"**Praetorian Prefect (one of the two commanders of the Praetorian Guard / imperial bodyguard) in the later part of Domitian’s reign (roughly after AD 81 until around AD 94).**[[1]](https://en.wikipedia.org/wiki/Casperius_Aelianus)[[1]](https://en.wikipedia.org/wiki/Casperius_Aelianus)

Casperius Aelianus (fl. AD 69–98) was a Roman official and military officer who rose through the ranks, possibly serving earlier as a tribune under Vespasian. Domitian appointed him (as colleague to Lucius Laberius Maximus) to this senior post, which involved commanding the elite Praetorian Guard in Rome, ensuring the emperor’s security, and potentially participating in campaigns such as those in Germany or Dacia.[[2]](https://www.livius.org/articles/person/casperius-aelianus/)[[1]](https://en.wikipedia.org/wiki/Casperius_Aelianus)

Domitian later removed him from the post (possibly around AD 94), after which the prefectures were held by others (Norbanus and Titus Petronius Secundus) at the time of Domitian’s assassination in AD 96. Nerva then reappointed him.[[1]](https://en.wikipedia.org/wiki/Casperius_Aelianus)

This is the primary attested role for him under Domitian; sources do not indicate other major offices during that period, though his earlier career may have included service in the eastern provinces or (speculatively) a governorship of Egypt.[[2]](https://www.livius.org/articles/person/casperius-aelianus/)"
200,Bobo_Baldé,anomalous,untiered,late,0.7626,In what year did Bobo Baldé's contract with Celtic come to an end?,xai,grok-4.3,grok-4.3,3,"[{""query"": ""Bobo Bald\u00e9 Celtic contract end year""}, {""query"": ""Bobo Bald\u00e9 Celtic departure date""}, {""query"": ""Bobo Bald\u00e9 Celtic contract expiry date""}]",25,1,completed,,"**2009 (specifically, the summer of 2009, around June–August).**[[1]](https://en.wikipedia.org/wiki/Bobo_Bald%C3%A9)

Bobo Baldé (also spelled Balde) joined Celtic in July 2001. In February 2005, he signed a new 4½-year contract (running until summer 2009), which he ultimately saw out in full despite limited playing time in his later years and interest from other clubs.[[2]](https://www.heraldscotland.com/news/12477057.balde-ill-see-out-my-contract/)

Multiple sources, including his Wikipedia page and contemporary reports, confirm he remained at the club until the summer of 2009 without featuring in competitive matches that season, after which he moved to Valenciennes in October 2009.[[1]](https://en.wikipedia.org/wiki/Bobo_Bald%C3%A9)

This aligns with reports noting the contract’s expiry around that time (e.g., a May 2009 article stating it would end the following month, and a July 2009 piece referring to it as having expired).[[3]](https://www.express.co.uk/sport/football/102008/Lost-Bhoy-Bobo-plans-his-future)"
